budget_id,user_id,category,month,year,budget_amount
1,1,Education,1,2025,913.9
2,1,Entertainment,1,2025,1216.22
3,1,Food & Dining,1,2025,3196.33
4,1,Friends & Family,1,2025,215.86
5,1,Grocery,1,2025,1227.97
6,1,Healthcare,1,2025,397.86
7,1,Miscellaneous,1,2025,161.79
8,1,Recharge & Utilities,1,2025,139.84
9,1,Shopping,1,2025,707.83
10,1,Transportation,1,2025,301.23
11,1,Education,2,2025,635.12
12,1,Entertainment,2,2025,966.65
13,1,Food & Dining,2,2025,3319.87
14,1,Friends & Family,2,2025,204.21
15,1,Grocery,2,2025,1085.14
16,1,Healthcare,2,2025,343.39
17,1,Miscellaneous,2,2025,148.05
18,1,Recharge & Utilities,2,2025,135.65
19,1,Shopping,2,2025,732.69
20,1,Transportation,2,2025,249.27
21,1,Education,3,2025,606.1
22,1,Entertainment,3,2025,959.25
23,1,Food & Dining,3,2025,3303.83
24,1,Friends & Family,3,2025,189.59
25,1,Grocery,3,2025,1005.25
26,1,Healthcare,3,2025,338.67
27,1,Miscellaneous,3,2025,130.8
28,1,Recharge & Utilities,3,2025,137.56
29,1,Shopping,3,2025,610.92
30,1,Transportation,3,2025,267.6
31,1,Education,4,2025,716.33
32,1,Entertainment,4,2025,978.03
33,1,Food & Dining,4,2025,3335.04
34,1,Friends & Family,4,2025,201.41
35,1,Grocery,4,2025,1209.73
36,1,Healthcare,4,2025,352.83
37,1,Miscellaneous,4,2025,146.94
38,1,Recharge & Utilities,4,2025,129.38
39,1,Shopping,4,2025,613.12
40,1,Transportation,4,2025,246.46
41,1,Education,5,2025,702.02
42,1,Entertainment,5,2025,1159.62
43,1,Food & Dining,5,2025,3100.4
44,1,Friends & Family,5,2025,201.66
45,1,Grocery,5,2025,1147.74
46,1,Healthcare,5,2025,396.93
47,1,Miscellaneous,5,2025,155.94
48,1,Recharge & Utilities,5,2025,145.17
49,1,Shopping,5,2025,696.88
50,1,Transportation,5,2025,312.01
51,1,Education,6,2025,605.26
52,1,Entertainment,6,2025,1029.67
53,1,Food & Dining,6,2025,3459.12
54,1,Friends & Family,6,2025,219.07
55,1,Grocery,6,2025,1185.73
56,1,Healthcare,6,2025,316.4
57,1,Miscellaneous,6,2025,136.79
58,1,Recharge & Utilities,6,2025,137.42
59,1,Shopping,6,2025,645.16
60,1,Transportation,6,2025,308.62
61,1,Education,7,2025,774.13
62,1,Entertainment,7,2025,1117.06
63,1,Food & Dining,7,2025,3469.49
64,1,Friends & Family,7,2025,200.67
65,1,Grocery,7,2025,1109.31
66,1,Healthcare,7,2025,367.66
67,1,Miscellaneous,7,2025,142.22
68,1,Recharge & Utilities,7,2025,137.67
69,1,Shopping,7,2025,704.09
70,1,Transportation,7,2025,233.59
71,1,Education,8,2025,845.15
72,1,Entertainment,8,2025,1014.42
73,1,Food & Dining,8,2025,3083.72
74,1,Friends & Family,8,2025,198.03
75,1,Grocery,8,2025,1122.96
76,1,Healthcare,8,2025,338.34
77,1,Miscellaneous,8,2025,127.68
78,1,Recharge & Utilities,8,2025,130.96
79,1,Shopping,8,2025,657.49
80,1,Transportation,8,2025,245.18
81,1,Education,9,2025,575.03
82,1,Entertainment,9,2025,1046.26
83,1,Food & Dining,9,2025,3290.67
84,1,Friends & Family,9,2025,189.23
85,1,Grocery,9,2025,1104.62
86,1,Healthcare,9,2025,314.97
87,1,Miscellaneous,9,2025,123.4
88,1,Recharge & Utilities,9,2025,138.04
89,1,Shopping,9,2025,689.45
90,1,Transportation,9,2025,261.97
91,1,Education,10,2025,790.5
92,1,Entertainment,10,2025,1134.8
93,1,Food & Dining,10,2025,3817.56
94,1,Friends & Family,10,2025,214.6
95,1,Grocery,10,2025,1279.69
96,1,Healthcare,10,2025,347.45
97,1,Miscellaneous,10,2025,156.34
98,1,Recharge & Utilities,10,2025,131.82
99,1,Shopping,10,2025,902.7
100,1,Transportation,10,2025,276.27
101,1,Education,11,2025,709.48
102,1,Entertainment,11,2025,970.98
103,1,Food & Dining,11,2025,3490.52
104,1,Friends & Family,11,2025,214.43
105,1,Grocery,11,2025,1096.2
106,1,Healthcare,11,2025,335.89
107,1,Miscellaneous,11,2025,116.72
108,1,Recharge & Utilities,11,2025,140.96
109,1,Shopping,11,2025,799.0
110,1,Transportation,11,2025,268.26
111,1,Education,12,2025,732.39
112,1,Entertainment,12,2025,1093.07
113,1,Food & Dining,12,2025,3301.69
114,1,Friends & Family,12,2025,221.16
115,1,Grocery,12,2025,1175.92
116,1,Healthcare,12,2025,306.03
117,1,Miscellaneous,12,2025,121.59
118,1,Recharge & Utilities,12,2025,127.73
119,1,Shopping,12,2025,735.41
120,1,Transportation,12,2025,315.32
121,2,Education,1,2025,1115.34
122,2,Entertainment,1,2025,1412.8
123,2,Food & Dining,1,2025,4310.32
124,2,Friends & Family,1,2025,270.48
125,2,Grocery,1,2025,1360.75
126,2,Healthcare,1,2025,393.44
127,2,Miscellaneous,1,2025,189.91
128,2,Recharge & Utilities,1,2025,162.97
129,2,Shopping,1,2025,784.96
130,2,Transportation,1,2025,328.62
131,2,Education,2,2025,740.79
132,2,Entertainment,2,2025,1228.92
133,2,Food & Dining,2,2025,3520.15
134,2,Friends & Family,2,2025,255.96
135,2,Grocery,2,2025,1474.68
136,2,Healthcare,2,2025,392.2
137,2,Miscellaneous,2,2025,172.75
138,2,Recharge & Utilities,2,2025,150.08
139,2,Shopping,2,2025,901.13
140,2,Transportation,2,2025,339.32
141,2,Education,3,2025,852.3
142,2,Entertainment,3,2025,1199.25
143,2,Food & Dining,3,2025,3783.3
144,2,Friends & Family,3,2025,220.48
145,2,Grocery,3,2025,1503.83
146,2,Healthcare,3,2025,369.28
147,2,Miscellaneous,3,2025,165.67
148,2,Recharge & Utilities,3,2025,176.02
149,2,Shopping,3,2025,896.4
150,2,Transportation,3,2025,319.89
151,2,Education,4,2025,722.13
152,2,Entertainment,4,2025,1212.72
153,2,Food & Dining,4,2025,3430.31
154,2,Friends & Family,4,2025,266.76
155,2,Grocery,4,2025,1470.05
156,2,Healthcare,4,2025,435.64
157,2,Miscellaneous,4,2025,162.98
158,2,Recharge & Utilities,4,2025,157.14
159,2,Shopping,4,2025,793.4
160,2,Transportation,4,2025,313.12
161,2,Education,5,2025,864.11
162,2,Entertainment,5,2025,1253.17
163,2,Food & Dining,5,2025,3760.66
164,2,Friends & Family,5,2025,229.46
165,2,Grocery,5,2025,1407.45
166,2,Healthcare,5,2025,390.58
167,2,Miscellaneous,5,2025,179.72
168,2,Recharge & Utilities,5,2025,168.05
169,2,Shopping,5,2025,899.04
170,2,Transportation,5,2025,385.71
171,2,Education,6,2025,752.29
172,2,Entertainment,6,2025,1131.04
173,2,Food & Dining,6,2025,4347.03
174,2,Friends & Family,6,2025,223.74
175,2,Grocery,6,2025,1298.44
176,2,Healthcare,6,2025,403.09
177,2,Miscellaneous,6,2025,162.67
178,2,Recharge & Utilities,6,2025,180.05
179,2,Shopping,6,2025,919.4
180,2,Transportation,6,2025,416.09
181,2,Education,7,2025,973.04
182,2,Entertainment,7,2025,1212.91
183,2,Food & Dining,7,2025,3950.72
184,2,Friends & Family,7,2025,272.0
185,2,Grocery,7,2025,1335.77
186,2,Healthcare,7,2025,455.02
187,2,Miscellaneous,7,2025,169.36
188,2,Recharge & Utilities,7,2025,189.58
189,2,Shopping,7,2025,887.12
190,2,Transportation,7,2025,313.59
191,2,Education,8,2025,1020.8
192,2,Entertainment,8,2025,1167.21
193,2,Food & Dining,8,2025,4193.27
194,2,Friends & Family,8,2025,259.79
195,2,Grocery,8,2025,1387.65
196,2,Healthcare,8,2025,436.58
197,2,Miscellaneous,8,2025,160.5
198,2,Recharge & Utilities,8,2025,160.97
199,2,Shopping,8,2025,788.83
200,2,Transportation,8,2025,367.18
201,2,Education,9,2025,935.31
202,2,Entertainment,9,2025,1390.81
203,2,Food & Dining,9,2025,4267.46
204,2,Friends & Family,9,2025,290.41
205,2,Grocery,9,2025,1452.97
206,2,Healthcare,9,2025,454.36
207,2,Miscellaneous,9,2025,179.08
208,2,Recharge & Utilities,9,2025,182.65
209,2,Shopping,9,2025,823.71
210,2,Transportation,9,2025,347.56
211,2,Education,10,2025,908.54
212,2,Entertainment,10,2025,1312.37
213,2,Food & Dining,10,2025,4398.53
214,2,Friends & Family,10,2025,262.04
215,2,Grocery,10,2025,1471.11
216,2,Healthcare,10,2025,449.79
217,2,Miscellaneous,10,2025,174.05
218,2,Recharge & Utilities,10,2025,172.56
219,2,Shopping,10,2025,1012.45
220,2,Transportation,10,2025,352.14
221,2,Education,11,2025,957.05
222,2,Entertainment,11,2025,1452.31
223,2,Food & Dining,11,2025,4431.73
224,2,Friends & Family,11,2025,286.23
225,2,Grocery,11,2025,1643.47
226,2,Healthcare,11,2025,442.83
227,2,Miscellaneous,11,2025,163.91
228,2,Recharge & Utilities,11,2025,183.02
229,2,Shopping,11,2025,1038.74
230,2,Transportation,11,2025,350.93
231,2,Education,12,2025,844.93
232,2,Entertainment,12,2025,1429.31
233,2,Food & Dining,12,2025,3672.41
234,2,Friends & Family,12,2025,253.42
235,2,Grocery,12,2025,1391.59
236,2,Healthcare,12,2025,457.0
237,2,Miscellaneous,12,2025,175.43
238,2,Recharge & Utilities,12,2025,163.36
239,2,Shopping,12,2025,825.72
240,2,Transportation,12,2025,413.22
241,3,Education,1,2025,1185.67
242,3,Entertainment,1,2025,1497.19
243,3,Food & Dining,1,2025,4167.72
244,3,Friends & Family,1,2025,252.25
245,3,Grocery,1,2025,1681.38
246,3,Healthcare,1,2025,484.39
247,3,Miscellaneous,1,2025,205.39
248,3,Recharge & Utilities,1,2025,190.15
249,3,Shopping,1,2025,890.37
250,3,Transportation,1,2025,356.18
251,3,Education,2,2025,870.08
252,3,Entertainment,2,2025,1256.86
253,3,Food & Dining,2,2025,4203.69
254,3,Friends & Family,2,2025,272.94
255,3,Grocery,2,2025,1428.54
256,3,Healthcare,2,2025,434.46
257,3,Miscellaneous,2,2025,167.83
258,3,Recharge & Utilities,2,2025,175.21
259,3,Shopping,2,2025,909.31
260,3,Transportation,2,2025,374.34
261,3,Education,3,2025,957.81
262,3,Entertainment,3,2025,1318.2
263,3,Food & Dining,3,2025,4143.06
264,3,Friends & Family,3,2025,257.3
265,3,Grocery,3,2025,1536.39
266,3,Healthcare,3,2025,487.48
267,3,Miscellaneous,3,2025,174.68
268,3,Recharge & Utilities,3,2025,197.66
269,3,Shopping,3,2025,813.97
270,3,Transportation,3,2025,347.33
271,3,Education,4,2025,902.09
272,3,Entertainment,4,2025,1473.4
273,3,Food & Dining,4,2025,4339.04
274,3,Friends & Family,4,2025,271.76
275,3,Grocery,4,2025,1613.76
276,3,Healthcare,4,2025,455.47
277,3,Miscellaneous,4,2025,191.34
278,3,Recharge & Utilities,4,2025,205.49
279,3,Shopping,4,2025,905.02
280,3,Transportation,4,2025,356.79
281,3,Education,5,2025,904.27
282,3,Entertainment,5,2025,1301.75
283,3,Food & Dining,5,2025,3979.56
284,3,Friends & Family,5,2025,291.55
285,3,Grocery,5,2025,1663.75
286,3,Healthcare,5,2025,459.77
287,3,Miscellaneous,5,2025,191.54
288,3,Recharge & Utilities,5,2025,192.07
289,3,Shopping,5,2025,842.17
290,3,Transportation,5,2025,460.08
291,3,Education,6,2025,953.29
292,3,Entertainment,6,2025,1487.55
293,3,Food & Dining,6,2025,4066.92
294,3,Friends & Family,6,2025,306.86
295,3,Grocery,6,2025,1666.76
296,3,Healthcare,6,2025,514.51
297,3,Miscellaneous,6,2025,182.99
298,3,Recharge & Utilities,6,2025,178.5
299,3,Shopping,6,2025,961.43
300,3,Transportation,6,2025,478.62
301,3,Education,7,2025,1137.52
302,3,Entertainment,7,2025,1505.78
303,3,Food & Dining,7,2025,4715.9
304,3,Friends & Family,7,2025,328.82
305,3,Grocery,7,2025,1623.46
306,3,Healthcare,7,2025,469.94
307,3,Miscellaneous,7,2025,207.55
308,3,Recharge & Utilities,7,2025,181.24
309,3,Shopping,7,2025,909.04
310,3,Transportation,7,2025,373.36
311,3,Education,8,2025,1090.33
312,3,Entertainment,8,2025,1208.7
313,3,Food & Dining,8,2025,4523.94
314,3,Friends & Family,8,2025,283.93
315,3,Grocery,8,2025,1630.31
316,3,Healthcare,8,2025,487.8
317,3,Miscellaneous,8,2025,174.34
318,3,Recharge & Utilities,8,2025,161.32
319,3,Shopping,8,2025,876.95
320,3,Transportation,8,2025,315.84
321,3,Education,9,2025,821.56
322,3,Entertainment,9,2025,1459.0
323,3,Food & Dining,9,2025,4280.58
324,3,Friends & Family,9,2025,252.87
325,3,Grocery,9,2025,1610.17
326,3,Healthcare,9,2025,451.31
327,3,Miscellaneous,9,2025,171.51
328,3,Recharge & Utilities,9,2025,177.39
329,3,Shopping,9,2025,972.06
330,3,Transportation,9,2025,329.59
331,3,Education,10,2025,993.01
332,3,Entertainment,10,2025,1387.95
333,3,Food & Dining,10,2025,4455.88
334,3,Friends & Family,10,2025,299.1
335,3,Grocery,10,2025,1518.17
336,3,Healthcare,10,2025,496.16
337,3,Miscellaneous,10,2025,189.46
338,3,Recharge & Utilities,10,2025,176.3
339,3,Shopping,10,2025,1238.72
340,3,Transportation,10,2025,370.74
341,3,Education,11,2025,852.21
342,3,Entertainment,11,2025,1497.08
343,3,Food & Dining,11,2025,4321.12
344,3,Friends & Family,11,2025,238.48
345,3,Grocery,11,2025,1607.09
346,3,Healthcare,11,2025,465.94
347,3,Miscellaneous,11,2025,183.56
348,3,Recharge & Utilities,11,2025,176.59
349,3,Shopping,11,2025,1063.88
350,3,Transportation,11,2025,332.65
351,3,Education,12,2025,1004.54
352,3,Entertainment,12,2025,1503.96
353,3,Food & Dining,12,2025,4194.3
354,3,Friends & Family,12,2025,298.59
355,3,Grocery,12,2025,1548.47
356,3,Healthcare,12,2025,516.99
357,3,Miscellaneous,12,2025,179.35
358,3,Recharge & Utilities,12,2025,186.13
359,3,Shopping,12,2025,894.78
360,3,Transportation,12,2025,389.55
361,4,Education,1,2025,1380.14
362,4,Entertainment,1,2025,1621.17
363,4,Food & Dining,1,2025,5197.97
364,4,Friends & Family,1,2025,316.62
365,4,Grocery,1,2025,1679.45
366,4,Healthcare,1,2025,520.94
367,4,Miscellaneous,1,2025,188.91
368,4,Recharge & Utilities,1,2025,224.59
369,4,Shopping,1,2025,996.73
370,4,Transportation,1,2025,376.22
371,4,Education,2,2025,1019.42
372,4,Entertainment,2,2025,1595.83
373,4,Food & Dining,2,2025,4305.77
374,4,Friends & Family,2,2025,295.62
375,4,Grocery,2,2025,1710.78
376,4,Healthcare,2,2025,530.75
377,4,Miscellaneous,2,2025,215.64
378,4,Recharge & Utilities,2,2025,183.46
379,4,Shopping,2,2025,1115.7
380,4,Transportation,2,2025,395.83
381,4,Education,3,2025,893.92
382,4,Entertainment,3,2025,1526.96
383,4,Food & Dining,3,2025,4775.35
384,4,Friends & Family,3,2025,267.33
385,4,Grocery,3,2025,1696.2
386,4,Healthcare,3,2025,446.45
387,4,Miscellaneous,3,2025,185.11
388,4,Recharge & Utilities,3,2025,185.51
389,4,Shopping,3,2025,879.3
390,4,Transportation,3,2025,355.48
391,4,Education,4,2025,955.39
392,4,Entertainment,4,2025,1476.47
393,4,Food & Dining,4,2025,4104.43
394,4,Friends & Family,4,2025,293.59
395,4,Grocery,4,2025,1354.5
396,4,Healthcare,4,2025,424.93
397,4,Miscellaneous,4,2025,192.15
398,4,Recharge & Utilities,4,2025,191.11
399,4,Shopping,4,2025,876.55
400,4,Transportation,4,2025,373.75
401,4,Education,5,2025,1119.41
402,4,Entertainment,5,2025,1553.15
403,4,Food & Dining,5,2025,5213.41
404,4,Friends & Family,5,2025,341.38
405,4,Grocery,5,2025,1806.72
406,4,Healthcare,5,2025,555.33
407,4,Miscellaneous,5,2025,213.59
408,4,Recharge & Utilities,5,2025,202.69
409,4,Shopping,5,2025,1034.22
410,4,Transportation,5,2025,510.67
411,4,Education,6,2025,1040.32
412,4,Entertainment,6,2025,1413.95
413,4,Food & Dining,6,2025,4738.33
414,4,Friends & Family,6,2025,304.31
415,4,Grocery,6,2025,1572.78
416,4,Healthcare,6,2025,550.99
417,4,Miscellaneous,6,2025,207.9
418,4,Recharge & Utilities,6,2025,209.8
419,4,Shopping,6,2025,1127.1
420,4,Transportation,6,2025,439.63
421,4,Education,7,2025,1289.43
422,4,Entertainment,7,2025,1621.91
423,4,Food & Dining,7,2025,4944.33
424,4,Friends & Family,7,2025,283.3
425,4,Grocery,7,2025,1873.25
426,4,Healthcare,7,2025,522.38
427,4,Miscellaneous,7,2025,194.88
428,4,Recharge & Utilities,7,2025,196.1
429,4,Shopping,7,2025,1036.59
430,4,Transportation,7,2025,434.45
431,4,Education,8,2025,1132.14
432,4,Entertainment,8,2025,1357.27
433,4,Food & Dining,8,2025,4415.92
434,4,Friends & Family,8,2025,257.14
435,4,Grocery,8,2025,1449.63
436,4,Healthcare,8,2025,508.9
437,4,Miscellaneous,8,2025,186.05
438,4,Recharge & Utilities,8,2025,184.85
439,4,Shopping,8,2025,907.69
440,4,Transportation,8,2025,334.31
441,4,Education,9,2025,934.94
442,4,Entertainment,9,2025,1456.67
443,4,Food & Dining,9,2025,4390.3
444,4,Friends & Family,9,2025,248.11
445,4,Grocery,9,2025,1442.34
446,4,Healthcare,9,2025,490.82
447,4,Miscellaneous,9,2025,176.33
448,4,Recharge & Utilities,9,2025,203.72
449,4,Shopping,9,2025,856.49
450,4,Transportation,9,2025,362.15
451,4,Education,10,2025,872.11
452,4,Entertainment,10,2025,1345.88
453,4,Food & Dining,10,2025,4434.14
454,4,Friends & Family,10,2025,260.52
455,4,Grocery,10,2025,1602.39
456,4,Healthcare,10,2025,514.17
457,4,Miscellaneous,10,2025,180.95
458,4,Recharge & Utilities,10,2025,191.36
459,4,Shopping,10,2025,1107.41
460,4,Transportation,10,2025,364.58
461,4,Education,11,2025,934.44
462,4,Entertainment,11,2025,1653.34
463,4,Food & Dining,11,2025,5197.55
464,4,Friends & Family,11,2025,282.16
465,4,Grocery,11,2025,1590.97
466,4,Healthcare,11,2025,521.82
467,4,Miscellaneous,11,2025,183.24
468,4,Recharge & Utilities,11,2025,199.43
469,4,Shopping,11,2025,1289.98
470,4,Transportation,11,2025,375.87
471,4,Education,12,2025,980.51
472,4,Entertainment,12,2025,1474.69
473,4,Food & Dining,12,2025,4064.96
474,4,Friends & Family,12,2025,308.32
475,4,Grocery,12,2025,1464.86
476,4,Healthcare,12,2025,480.89
477,4,Miscellaneous,12,2025,192.61
478,4,Recharge & Utilities,12,2025,186.1
479,4,Shopping,12,2025,839.14
480,4,Transportation,12,2025,458.44
481,5,Education,1,2025,770.99
482,5,Entertainment,1,2025,985.3
483,5,Food & Dining,1,2025,3378.47
484,5,Friends & Family,1,2025,192.64
485,5,Grocery,1,2025,1073.78
486,5,Healthcare,1,2025,340.57
487,5,Miscellaneous,1,2025,148.23
488,5,Recharge & Utilities,1,2025,122.92
489,5,Shopping,1,2025,713.41
490,5,Transportation,1,2025,259.41
491,5,Education,2,2025,749.51
492,5,Entertainment,2,2025,1186.68
493,5,Food & Dining,2,2025,3355.88
494,5,Friends & Family,2,2025,200.55
495,5,Grocery,2,2025,1338.45
496,5,Healthcare,2,2025,388.6
497,5,Miscellaneous,2,2025,141.0
498,5,Recharge & Utilities,2,2025,138.04
499,5,Shopping,2,2025,765.69
500,5,Transportation,2,2025,277.85
501,5,Education,3,2025,761.06
502,5,Entertainment,3,2025,979.4
503,5,Food & Dining,3,2025,3595.87
504,5,Friends & Family,3,2025,229.6
505,5,Grocery,3,2025,1356.99
506,5,Healthcare,3,2025,393.81
507,5,Miscellaneous,3,2025,141.56
508,5,Recharge & Utilities,3,2025,145.15
509,5,Shopping,3,2025,745.8
510,5,Transportation,3,2025,257.3
511,5,Education,4,2025,617.73
512,5,Entertainment,4,2025,1042.53
513,5,Food & Dining,4,2025,3436.73
514,5,Friends & Family,4,2025,220.47
515,5,Grocery,4,2025,1102.45
516,5,Healthcare,4,2025,329.47
517,5,Miscellaneous,4,2025,131.39
518,5,Recharge & Utilities,4,2025,129.04
519,5,Shopping,4,2025,666.92
520,5,Transportation,4,2025,281.44
521,5,Education,5,2025,740.19
522,5,Entertainment,5,2025,1245.77
523,5,Food & Dining,5,2025,3248.03
524,5,Friends & Family,5,2025,207.31
525,5,Grocery,5,2025,1143.88
526,5,Healthcare,5,2025,392.39
527,5,Miscellaneous,5,2025,156.85
528,5,Recharge & Utilities,5,2025,140.03
529,5,Shopping,5,2025,722.0
530,5,Transportation,5,2025,320.89
531,5,Education,6,2025,669.68
532,5,Entertainment,6,2025,1073.49
533,5,Food & Dining,6,2025,3168.08
534,5,Friends & Family,6,2025,215.15
535,5,Grocery,6,2025,1157.75
536,5,Healthcare,6,2025,362.17
537,5,Miscellaneous,6,2025,151.07
538,5,Recharge & Utilities,6,2025,132.8
539,5,Shopping,6,2025,755.53
540,5,Transportation,6,2025,319.69
541,5,Education,7,2025,832.57
542,5,Entertainment,7,2025,1106.32
543,5,Food & Dining,7,2025,3543.9
544,5,Friends & Family,7,2025,203.45
545,5,Grocery,7,2025,1263.08
546,5,Healthcare,7,2025,337.74
547,5,Miscellaneous,7,2025,160.59
548,5,Recharge & Utilities,7,2025,140.56
549,5,Shopping,7,2025,669.18
550,5,Transportation,7,2025,276.38
551,5,Education,8,2025,865.82
552,5,Entertainment,8,2025,1015.5
553,5,Food & Dining,8,2025,3232.19
554,5,Friends & Family,8,2025,198.48
555,5,Grocery,8,2025,1164.14
556,5,Healthcare,8,2025,377.63
557,5,Miscellaneous,8,2025,132.97
558,5,Recharge & Utilities,8,2025,130.52
559,5,Shopping,8,2025,720.83
560,5,Transportation,8,2025,243.54
561,5,Education,9,2025,705.47
562,5,Entertainment,9,2025,898.8
563,5,Food & Dining,9,2025,3242.56
564,5,Friends & Family,9,2025,185.08
565,5,Grocery,9,2025,1020.74
566,5,Healthcare,9,2025,301.3
567,5,Miscellaneous,9,2025,125.01
568,5,Recharge & Utilities,9,2025,136.44
569,5,Shopping,9,2025,708.79
570,5,Transportation,9,2025,260.9
571,5,Education,10,2025,761.55
572,5,Entertainment,10,2025,1170.23
573,5,Food & Dining,10,2025,3785.98
574,5,Friends & Family,10,2025,213.35
575,5,Grocery,10,2025,1250.74
576,5,Healthcare,10,2025,368.97
577,5,Miscellaneous,10,2025,133.11
578,5,Recharge & Utilities,10,2025,131.87
579,5,Shopping,10,2025,861.58
580,5,Transportation,10,2025,280.92
581,5,Education,11,2025,666.75
582,5,Entertainment,11,2025,1202.51
583,5,Food & Dining,11,2025,3537.21
584,5,Friends & Family,11,2025,238.39
585,5,Grocery,11,2025,1242.8
586,5,Healthcare,11,2025,359.26
587,5,Miscellaneous,11,2025,151.0
588,5,Recharge & Utilities,11,2025,153.96
589,5,Shopping,11,2025,942.3
590,5,Transportation,11,2025,279.01
591,5,Education,12,2025,722.88
592,5,Entertainment,12,2025,1113.91
593,5,Food & Dining,12,2025,3678.63
594,5,Friends & Family,12,2025,211.91
595,5,Grocery,12,2025,1149.55
596,5,Healthcare,12,2025,357.97
597,5,Miscellaneous,12,2025,133.85
598,5,Recharge & Utilities,12,2025,133.48
599,5,Shopping,12,2025,765.0
600,5,Transportation,12,2025,316.96
601,6,Education,1,2025,1315.72
602,6,Entertainment,1,2025,1731.19
603,6,Food & Dining,1,2025,4465.42
604,6,Friends & Family,1,2025,315.93
605,6,Grocery,1,2025,1826.29
606,6,Healthcare,1,2025,552.11
607,6,Miscellaneous,1,2025,208.06
608,6,Recharge & Utilities,1,2025,228.94
609,6,Shopping,1,2025,961.13
610,6,Transportation,1,2025,451.88
611,6,Education,2,2025,840.95
612,6,Entertainment,2,2025,1438.39
613,6,Food & Dining,2,2025,4055.43
614,6,Friends & Family,2,2025,278.42
615,6,Grocery,2,2025,1612.43
616,6,Healthcare,2,2025,451.48
617,6,Miscellaneous,2,2025,162.48
618,6,Recharge & Utilities,2,2025,172.88
619,6,Shopping,2,2025,922.52
620,6,Transportation,2,2025,331.23
621,6,Education,3,2025,913.21
622,6,Entertainment,3,2025,1572.44
623,6,Food & Dining,3,2025,4500.59
624,6,Friends & Family,3,2025,278.81
625,6,Grocery,3,2025,1854.01
626,6,Healthcare,3,2025,520.21
627,6,Miscellaneous,3,2025,207.11
628,6,Recharge & Utilities,3,2025,185.66
629,6,Shopping,3,2025,945.21
630,6,Transportation,3,2025,348.82
631,6,Education,4,2025,839.35
632,6,Entertainment,4,2025,1528.36
633,6,Food & Dining,4,2025,4745.45
634,6,Friends & Family,4,2025,258.86
635,6,Grocery,4,2025,1458.74
636,6,Healthcare,4,2025,490.06
637,6,Miscellaneous,4,2025,167.22
638,6,Recharge & Utilities,4,2025,165.69
639,6,Shopping,4,2025,1020.0
640,6,Transportation,4,2025,366.07
641,6,Education,5,2025,981.15
642,6,Entertainment,5,2025,1556.37
643,6,Food & Dining,5,2025,4853.55
644,6,Friends & Family,5,2025,295.14
645,6,Grocery,5,2025,1675.32
646,6,Healthcare,5,2025,475.22
647,6,Miscellaneous,5,2025,185.61
648,6,Recharge & Utilities,5,2025,186.93
649,6,Shopping,5,2025,963.01
650,6,Transportation,5,2025,407.58
651,6,Education,6,2025,1028.27
652,6,Entertainment,6,2025,1644.98
653,6,Food & Dining,6,2025,4774.61
654,6,Friends & Family,6,2025,284.36
655,6,Grocery,6,2025,1748.3
656,6,Healthcare,6,2025,551.72
657,6,Miscellaneous,6,2025,222.47
658,6,Recharge & Utilities,6,2025,208.54
659,6,Shopping,6,2025,1067.72
660,6,Transportation,6,2025,534.92
661,6,Education,7,2025,1066.92
662,6,Entertainment,7,2025,1282.71
663,6,Food & Dining,7,2025,4854.32
664,6,Friends & Family,7,2025,257.72
665,6,Grocery,7,2025,1432.9
666,6,Healthcare,7,2025,447.72
667,6,Miscellaneous,7,2025,170.16
668,6,Recharge & Utilities,7,2025,207.94
669,6,Shopping,7,2025,895.9
670,6,Transportation,7,2025,331.37
671,6,Education,8,2025,1078.11
672,6,Entertainment,8,2025,1443.27
673,6,Food & Dining,8,2025,4803.96
674,6,Friends & Family,8,2025,291.98
675,6,Grocery,8,2025,1714.44
676,6,Healthcare,8,2025,455.56
677,6,Miscellaneous,8,2025,203.81
678,6,Recharge & Utilities,8,2025,204.56
679,6,Shopping,8,2025,947.03
680,6,Transportation,8,2025,405.36
681,6,Education,9,2025,977.74
682,6,Entertainment,9,2025,1489.09
683,6,Food & Dining,9,2025,4151.71
684,6,Friends & Family,9,2025,284.76
685,6,Grocery,9,2025,1535.39
686,6,Healthcare,9,2025,503.26
687,6,Miscellaneous,9,2025,182.13
688,6,Recharge & Utilities,9,2025,183.96
689,6,Shopping,9,2025,943.83
690,6,Transportation,9,2025,395.57
691,6,Education,10,2025,1031.3
692,6,Entertainment,10,2025,1561.49
693,6,Food & Dining,10,2025,4930.51
694,6,Friends & Family,10,2025,298.29
695,6,Grocery,10,2025,1895.43
696,6,Healthcare,10,2025,486.54
697,6,Miscellaneous,10,2025,217.54
698,6,Recharge & Utilities,10,2025,191.4
699,6,Shopping,10,2025,1259.45
700,6,Transportation,10,2025,412.64
701,6,Education,11,2025,863.62
702,6,Entertainment,11,2025,1521.06
703,6,Food & Dining,11,2025,4687.74
704,6,Friends & Family,11,2025,309.47
705,6,Grocery,11,2025,1667.13
706,6,Healthcare,11,2025,417.96
707,6,Miscellaneous,11,2025,185.4
708,6,Recharge & Utilities,11,2025,183.04
709,6,Shopping,11,2025,1213.31
710,6,Transportation,11,2025,355.66
711,6,Education,12,2025,975.16
712,6,Entertainment,12,2025,1274.67
713,6,Food & Dining,12,2025,3972.1
714,6,Friends & Family,12,2025,285.65
715,6,Grocery,12,2025,1518.06
716,6,Healthcare,12,2025,493.84
717,6,Miscellaneous,12,2025,185.76
718,6,Recharge & Utilities,12,2025,189.97
719,6,Shopping,12,2025,915.63
720,6,Transportation,12,2025,478.52
721,7,Education,1,2025,804.74
722,7,Entertainment,1,2025,1116.37
723,7,Food & Dining,1,2025,3100.51
724,7,Friends & Family,1,2025,223.71
725,7,Grocery,1,2025,1193.35
726,7,Healthcare,1,2025,318.61
727,7,Miscellaneous,1,2025,132.7
728,7,Recharge & Utilities,1,2025,140.79
729,7,Shopping,1,2025,751.01
730,7,Transportation,1,2025,250.55
731,7,Education,2,2025,561.81
732,7,Entertainment,2,2025,987.67
733,7,Food & Dining,2,2025,2652.18
734,7,Friends & Family,2,2025,169.25
735,7,Grocery,2,2025,1007.09
736,7,Healthcare,2,2025,271.59
737,7,Miscellaneous,2,2025,126.01
738,7,Recharge & Utilities,2,2025,116.13
739,7,Shopping,2,2025,623.28
740,7,Transportation,2,2025,226.83
741,7,Education,3,2025,605.31
742,7,Entertainment,3,2025,849.13
743,7,Food & Dining,3,2025,2677.42
744,7,Friends & Family,3,2025,182.87
745,7,Grocery,3,2025,925.57
746,7,Healthcare,3,2025,318.02
747,7,Miscellaneous,3,2025,122.09
748,7,Recharge & Utilities,3,2025,124.6
749,7,Shopping,3,2025,544.32
750,7,Transportation,3,2025,240.28
751,7,Education,4,2025,648.65
752,7,Entertainment,4,2025,1070.51
753,7,Food & Dining,4,2025,2841.78
754,7,Friends & Family,4,2025,201.28
755,7,Grocery,4,2025,1156.15
756,7,Healthcare,4,2025,338.09
757,7,Miscellaneous,4,2025,136.81
758,7,Recharge & Utilities,4,2025,132.42
759,7,Shopping,4,2025,639.41
760,7,Transportation,4,2025,237.24
761,7,Education,5,2025,650.07
762,7,Entertainment,5,2025,956.44
763,7,Food & Dining,5,2025,3461.07
764,7,Friends & Family,5,2025,185.21
765,7,Grocery,5,2025,1166.61
766,7,Healthcare,5,2025,365.03
767,7,Miscellaneous,5,2025,144.87
768,7,Recharge & Utilities,5,2025,128.31
769,7,Shopping,5,2025,635.33
770,7,Transportation,5,2025,336.73
771,7,Education,6,2025,659.97
772,7,Entertainment,6,2025,1115.74
773,7,Food & Dining,6,2025,3029.64
774,7,Friends & Family,6,2025,211.68
775,7,Grocery,6,2025,1174.09
776,7,Healthcare,6,2025,325.16
777,7,Miscellaneous,6,2025,140.21
778,7,Recharge & Utilities,6,2025,127.85
779,7,Shopping,6,2025,646.3
780,7,Transportation,6,2025,313.63
781,7,Education,7,2025,861.88
782,7,Entertainment,7,2025,943.59
783,7,Food & Dining,7,2025,3182.09
784,7,Friends & Family,7,2025,224.12
785,7,Grocery,7,2025,1034.88
786,7,Healthcare,7,2025,325.89
787,7,Miscellaneous,7,2025,120.46
788,7,Recharge & Utilities,7,2025,134.9
789,7,Shopping,7,2025,625.64
790,7,Transportation,7,2025,261.9
791,7,Education,8,2025,758.04
792,7,Entertainment,8,2025,968.15
793,7,Food & Dining,8,2025,2748.76
794,7,Friends & Family,8,2025,204.93
795,7,Grocery,8,2025,1017.07
796,7,Healthcare,8,2025,291.0
797,7,Miscellaneous,8,2025,120.11
798,7,Recharge & Utilities,8,2025,113.87
799,7,Shopping,8,2025,667.83
800,7,Transportation,8,2025,227.33
801,7,Education,9,2025,660.4
802,7,Entertainment,9,2025,1055.02
803,7,Food & Dining,9,2025,2928.09
804,7,Friends & Family,9,2025,178.35
805,7,Grocery,9,2025,1156.9
806,7,Healthcare,9,2025,364.35
807,7,Miscellaneous,9,2025,128.55
808,7,Recharge & Utilities,9,2025,132.38
809,7,Shopping,9,2025,643.69
810,7,Transportation,9,2025,239.62
811,7,Education,10,2025,665.36
812,7,Entertainment,10,2025,965.39
813,7,Food & Dining,10,2025,3413.18
814,7,Friends & Family,10,2025,199.68
815,7,Grocery,10,2025,1120.48
816,7,Healthcare,10,2025,277.53
817,7,Miscellaneous,10,2025,120.14
818,7,Recharge & Utilities,10,2025,113.8
819,7,Shopping,10,2025,817.8
820,7,Transportation,10,2025,259.91
821,7,Education,11,2025,655.75
822,7,Entertainment,11,2025,989.38
823,7,Food & Dining,11,2025,2993.1
824,7,Friends & Family,11,2025,170.57
825,7,Grocery,11,2025,1091.57
826,7,Healthcare,11,2025,330.76
827,7,Miscellaneous,11,2025,119.84
828,7,Recharge & Utilities,11,2025,124.83
829,7,Shopping,11,2025,779.44
830,7,Transportation,11,2025,260.7
831,7,Education,12,2025,702.42
832,7,Entertainment,12,2025,984.59
833,7,Food & Dining,12,2025,3108.94
834,7,Friends & Family,12,2025,179.33
835,7,Grocery,12,2025,1150.83
836,7,Healthcare,12,2025,297.3
837,7,Miscellaneous,12,2025,131.48
838,7,Recharge & Utilities,12,2025,141.46
839,7,Shopping,12,2025,590.0
840,7,Transportation,12,2025,329.26
841,8,Education,1,2025,1203.27
842,8,Entertainment,1,2025,1661.78
843,8,Food & Dining,1,2025,4293.12
844,8,Friends & Family,1,2025,306.44
845,8,Grocery,1,2025,1819.51
846,8,Healthcare,1,2025,517.91
847,8,Miscellaneous,1,2025,207.4
848,8,Recharge & Utilities,1,2025,217.19
849,8,Shopping,1,2025,933.97
850,8,Transportation,1,2025,349.47
851,8,Education,2,2025,903.46
852,8,Entertainment,2,2025,1450.89
853,8,Food & Dining,2,2025,4043.33
854,8,Friends & Family,2,2025,267.81
855,8,Grocery,2,2025,1447.26
856,8,Healthcare,2,2025,394.93
857,8,Miscellaneous,2,2025,189.85
858,8,Recharge & Utilities,2,2025,178.6
859,8,Shopping,2,2025,805.84
860,8,Transportation,2,2025,367.62
861,8,Education,3,2025,902.32
862,8,Entertainment,3,2025,1441.78
863,8,Food & Dining,3,2025,4755.32
864,8,Friends & Family,3,2025,274.46
865,8,Grocery,3,2025,1681.16
866,8,Healthcare,3,2025,426.65
867,8,Miscellaneous,3,2025,185.11
868,8,Recharge & Utilities,3,2025,175.35
869,8,Shopping,3,2025,955.66
870,8,Transportation,3,2025,359.05
871,8,Education,4,2025,949.32
872,8,Entertainment,4,2025,1274.87
873,8,Food & Dining,4,2025,4732.26
874,8,Friends & Family,4,2025,260.12
875,8,Grocery,4,2025,1455.5
876,8,Healthcare,4,2025,468.67
877,8,Miscellaneous,4,2025,174.28
878,8,Recharge & Utilities,4,2025,193.03
879,8,Shopping,4,2025,968.78
880,8,Transportation,4,2025,350.86
881,8,Education,5,2025,1021.73
882,8,Entertainment,5,2025,1590.9
883,8,Food & Dining,5,2025,4104.44
884,8,Friends & Family,5,2025,289.31
885,8,Grocery,5,2025,1628.36
886,8,Healthcare,5,2025,512.05
887,8,Miscellaneous,5,2025,196.98
888,8,Recharge & Utilities,5,2025,200.56
889,8,Shopping,5,2025,1020.04
890,8,Transportation,5,2025,487.95
891,8,Education,6,2025,958.52
892,8,Entertainment,6,2025,1542.1
893,8,Food & Dining,6,2025,4726.9
894,8,Friends & Family,6,2025,319.73
895,8,Grocery,6,2025,1830.73
896,8,Healthcare,6,2025,508.48
897,8,Miscellaneous,6,2025,199.42
898,8,Recharge & Utilities,6,2025,190.27
899,8,Shopping,6,2025,1070.7
900,8,Transportation,6,2025,426.77
901,8,Education,7,2025,1225.72
902,8,Entertainment,7,2025,1271.48
903,8,Food & Dining,7,2025,4465.04
904,8,Friends & Family,7,2025,309.2
905,8,Grocery,7,2025,1655.06
906,8,Healthcare,7,2025,491.77
907,8,Miscellaneous,7,2025,183.44
908,8,Recharge & Utilities,7,2025,172.78
909,8,Shopping,7,2025,876.13
910,8,Transportation,7,2025,378.07
911,8,Education,8,2025,971.17
912,8,Entertainment,8,2025,1259.03
913,8,Food & Dining,8,2025,4256.15
914,8,Friends & Family,8,2025,259.67
915,8,Grocery,8,2025,1613.52
916,8,Healthcare,8,2025,427.43
917,8,Miscellaneous,8,2025,167.38
918,8,Recharge & Utilities,8,2025,185.31
919,8,Shopping,8,2025,984.79
920,8,Transportation,8,2025,338.2
921,8,Education,9,2025,935.79
922,8,Entertainment,9,2025,1426.63
923,8,Food & Dining,9,2025,4143.36
924,8,Friends & Family,9,2025,310.64
925,8,Grocery,9,2025,1784.63
926,8,Healthcare,9,2025,512.03
927,8,Miscellaneous,9,2025,205.75
928,8,Recharge & Utilities,9,2025,174.8
929,8,Shopping,9,2025,1054.69
930,8,Transportation,9,2025,355.2
931,8,Education,10,2025,1012.42
932,8,Entertainment,10,2025,1618.42
933,8,Food & Dining,10,2025,4743.7
934,8,Friends & Family,10,2025,285.63
935,8,Grocery,10,2025,1709.6
936,8,Healthcare,10,2025,504.04
937,8,Miscellaneous,10,2025,213.46
938,8,Recharge & Utilities,10,2025,218.1
939,8,Shopping,10,2025,1104.6
940,8,Transportation,10,2025,419.79
941,8,Education,11,2025,1039.49
942,8,Entertainment,11,2025,1640.66
943,8,Food & Dining,11,2025,5384.31
944,8,Friends & Family,11,2025,307.47
945,8,Grocery,11,2025,1480.31
946,8,Healthcare,11,2025,531.18
947,8,Miscellaneous,11,2025,197.22
948,8,Recharge & Utilities,11,2025,178.95
949,8,Shopping,11,2025,1296.06
950,8,Transportation,11,2025,413.77
951,8,Education,12,2025,1024.0
952,8,Entertainment,12,2025,1397.3
953,8,Food & Dining,12,2025,4704.36
954,8,Friends & Family,12,2025,281.86
955,8,Grocery,12,2025,1624.65
956,8,Healthcare,12,2025,527.33
957,8,Miscellaneous,12,2025,207.2
958,8,Recharge & Utilities,12,2025,213.1
959,8,Shopping,12,2025,1023.61
960,8,Transportation,12,2025,420.03
961,9,Education,1,2025,1019.04
962,9,Entertainment,1,2025,1293.51
963,9,Food & Dining,1,2025,3709.65
964,9,Friends & Family,1,2025,224.59
965,9,Grocery,1,2025,1194.89
966,9,Healthcare,1,2025,411.35
967,9,Miscellaneous,1,2025,147.3
968,9,Recharge & Utilities,1,2025,147.78
969,9,Shopping,1,2025,714.65
970,9,Transportation,1,2025,339.32
971,9,Education,2,2025,678.61
972,9,Entertainment,2,2025,1004.76
973,9,Food & Dining,2,2025,3159.78
974,9,Friends & Family,2,2025,218.4
975,9,Grocery,2,2025,1267.0
976,9,Healthcare,2,2025,395.44
977,9,Miscellaneous,2,2025,158.69
978,9,Recharge & Utilities,2,2025,147.78
979,9,Shopping,2,2025,757.2
980,9,Transportation,2,2025,270.35
981,9,Education,3,2025,663.35
982,9,Entertainment,3,2025,1212.65
983,9,Food & Dining,3,2025,3384.26
984,9,Friends & Family,3,2025,223.98
985,9,Grocery,3,2025,1108.72
986,9,Healthcare,3,2025,339.96
987,9,Miscellaneous,3,2025,146.92
988,9,Recharge & Utilities,3,2025,153.9
989,9,Shopping,3,2025,786.23
990,9,Transportation,3,2025,284.98
991,9,Education,4,2025,767.81
992,9,Entertainment,4,2025,1179.69
993,9,Food & Dining,4,2025,3636.27
994,9,Friends & Family,4,2025,228.84
995,9,Grocery,4,2025,1122.21
996,9,Healthcare,4,2025,357.24
997,9,Miscellaneous,4,2025,163.75
998,9,Recharge & Utilities,4,2025,157.67
999,9,Shopping,4,2025,675.87
1000,9,Transportation,4,2025,275.6
1001,9,Education,5,2025,720.39
1002,9,Entertainment,5,2025,1098.34
1003,9,Food & Dining,5,2025,3433.32
1004,9,Friends & Family,5,2025,202.53
1005,9,Grocery,5,2025,1310.88
1006,9,Healthcare,5,2025,409.73
1007,9,Miscellaneous,5,2025,162.91
1008,9,Recharge & Utilities,5,2025,162.93
1009,9,Shopping,5,2025,702.71
1010,9,Transportation,5,2025,310.47
1011,9,Education,6,2025,806.17
1012,9,Entertainment,6,2025,1368.41
1013,9,Food & Dining,6,2025,3870.62
1014,9,Friends & Family,6,2025,232.22
1015,9,Grocery,6,2025,1289.76
1016,9,Healthcare,6,2025,413.03
1017,9,Miscellaneous,6,2025,184.81
1018,9,Recharge & Utilities,6,2025,150.44
1019,9,Shopping,6,2025,754.68
1020,9,Transportation,6,2025,384.16
1021,9,Education,7,2025,1003.64
1022,9,Entertainment,7,2025,1060.25
1023,9,Food & Dining,7,2025,3923.25
1024,9,Friends & Family,7,2025,208.72
1025,9,Grocery,7,2025,1387.82
1026,9,Healthcare,7,2025,416.91
1027,9,Miscellaneous,7,2025,137.92
1028,9,Recharge & Utilities,7,2025,134.92
1029,9,Shopping,7,2025,813.72
1030,9,Transportation,7,2025,282.69
1031,9,Education,8,2025,884.42
1032,9,Entertainment,8,2025,1277.92
1033,9,Food & Dining,8,2025,3667.89
1034,9,Friends & Family,8,2025,235.01
1035,9,Grocery,8,2025,1303.09
1036,9,Healthcare,8,2025,395.17
1037,9,Miscellaneous,8,2025,169.15
1038,9,Recharge & Utilities,8,2025,151.24
1039,9,Shopping,8,2025,701.17
1040,9,Transportation,8,2025,308.35
1041,9,Education,9,2025,780.73
1042,9,Entertainment,9,2025,1043.73
1043,9,Food & Dining,9,2025,3356.85
1044,9,Friends & Family,9,2025,232.16
1045,9,Grocery,9,2025,1290.84
1046,9,Healthcare,9,2025,348.51
1047,9,Miscellaneous,9,2025,142.31
1048,9,Recharge & Utilities,9,2025,140.27
1049,9,Shopping,9,2025,757.29
1050,9,Transportation,9,2025,290.69
1051,9,Education,10,2025,761.55
1052,9,Entertainment,10,2025,1407.88
1053,9,Food & Dining,10,2025,4487.91
1054,9,Friends & Family,10,2025,246.74
1055,9,Grocery,10,2025,1463.59
1056,9,Healthcare,10,2025,407.63
1057,9,Miscellaneous,10,2025,155.97
1058,9,Recharge & Utilities,10,2025,164.06
1059,9,Shopping,10,2025,985.21
1060,9,Transportation,10,2025,338.12
1061,9,Education,11,2025,718.94
1062,9,Entertainment,11,2025,1323.34
1063,9,Food & Dining,11,2025,4303.65
1064,9,Friends & Family,11,2025,258.55
1065,9,Grocery,11,2025,1419.25
1066,9,Healthcare,11,2025,389.91
1067,9,Miscellaneous,11,2025,166.84
1068,9,Recharge & Utilities,11,2025,153.51
1069,9,Shopping,11,2025,870.86
1070,9,Transportation,11,2025,300.6
1071,9,Education,12,2025,815.31
1072,9,Entertainment,12,2025,1297.66
1073,9,Food & Dining,12,2025,4250.42
1074,9,Friends & Family,12,2025,244.04
1075,9,Grocery,12,2025,1429.92
1076,9,Healthcare,12,2025,375.13
1077,9,Miscellaneous,12,2025,150.38
1078,9,Recharge & Utilities,12,2025,164.06
1079,9,Shopping,12,2025,825.11
1080,9,Transportation,12,2025,410.05
1081,10,Education,1,2025,907.35
1082,10,Entertainment,1,2025,1046.44
1083,10,Food & Dining,1,2025,3674.65
1084,10,Friends & Family,1,2025,211.57
1085,10,Grocery,1,2025,1201.47
1086,10,Healthcare,1,2025,386.5
1087,10,Miscellaneous,1,2025,145.63
1088,10,Recharge & Utilities,1,2025,164.61
1089,10,Shopping,1,2025,754.09
1090,10,Transportation,1,2025,304.83
1091,10,Education,2,2025,742.32
1092,10,Entertainment,2,2025,1036.24
1093,10,Food & Dining,2,2025,3267.38
1094,10,Friends & Family,2,2025,206.83
1095,10,Grocery,2,2025,1224.81
1096,10,Healthcare,2,2025,355.48
1097,10,Miscellaneous,2,2025,127.54
1098,10,Recharge & Utilities,2,2025,152.36
1099,10,Shopping,2,2025,771.48
1100,10,Transportation,2,2025,272.11
1101,10,Education,3,2025,625.38
1102,10,Entertainment,3,2025,1102.43
1103,10,Food & Dining,3,2025,3421.47
1104,10,Friends & Family,3,2025,211.05
1105,10,Grocery,3,2025,1111.5
1106,10,Healthcare,3,2025,313.32
1107,10,Miscellaneous,3,2025,154.06
1108,10,Recharge & Utilities,3,2025,147.04
1109,10,Shopping,3,2025,690.57
1110,10,Transportation,3,2025,250.81
1111,10,Education,4,2025,711.45
1112,10,Entertainment,4,2025,1176.52
1113,10,Food & Dining,4,2025,3734.13
1114,10,Friends & Family,4,2025,229.07
1115,10,Grocery,4,2025,1135.07
1116,10,Healthcare,4,2025,322.79
1117,10,Miscellaneous,4,2025,145.08
1118,10,Recharge & Utilities,4,2025,154.06
1119,10,Shopping,4,2025,641.1
1120,10,Transportation,4,2025,258.41
1121,10,Education,5,2025,749.19
1122,10,Entertainment,5,2025,1112.68
1123,10,Food & Dining,5,2025,3333.24
1124,10,Friends & Family,5,2025,196.81
1125,10,Grocery,5,2025,1198.02
1126,10,Healthcare,5,2025,345.12
1127,10,Miscellaneous,5,2025,155.61
1128,10,Recharge & Utilities,5,2025,138.07
1129,10,Shopping,5,2025,785.42
1130,10,Transportation,5,2025,293.97
1131,10,Education,6,2025,718.33
1132,10,Entertainment,6,2025,1002.55
1133,10,Food & Dining,6,2025,3415.24
1134,10,Friends & Family,6,2025,204.27
1135,10,Grocery,6,2025,1261.17
1136,10,Healthcare,6,2025,381.07
1137,10,Miscellaneous,6,2025,153.92
1138,10,Recharge & Utilities,6,2025,155.43
1139,10,Shopping,6,2025,742.47
1140,10,Transportation,6,2025,369.35
1141,10,Education,7,2025,815.98
1142,10,Entertainment,7,2025,1060.31
1143,10,Food & Dining,7,2025,3118.62
1144,10,Friends & Family,7,2025,190.65
1145,10,Grocery,7,2025,1230.94
1146,10,Healthcare,7,2025,315.83
1147,10,Miscellaneous,7,2025,141.13
1148,10,Recharge & Utilities,7,2025,141.22
1149,10,Shopping,7,2025,649.22
1150,10,Transportation,7,2025,273.28
1151,10,Education,8,2025,787.3
1152,10,Entertainment,8,2025,923.28
1153,10,Food & Dining,8,2025,2853.37
1154,10,Friends & Family,8,2025,178.17
1155,10,Grocery,8,2025,1104.36
1156,10,Healthcare,8,2025,336.83
1157,10,Miscellaneous,8,2025,130.68
1158,10,Recharge & Utilities,8,2025,135.71
1159,10,Shopping,8,2025,584.11
1160,10,Transportation,8,2025,255.28
1161,10,Education,9,2025,594.25
1162,10,Entertainment,9,2025,947.38
1163,10,Food & Dining,9,2025,3042.25
1164,10,Friends & Family,9,2025,173.86
1165,10,Grocery,9,2025,1105.61
1166,10,Healthcare,9,2025,346.96
1167,10,Miscellaneous,9,2025,137.24
1168,10,Recharge & Utilities,9,2025,125.29
1169,10,Shopping,9,2025,649.27
1170,10,Transportation,9,2025,235.67
1171,10,Education,10,2025,710.23
1172,10,Entertainment,10,2025,1082.94
1173,10,Food & Dining,10,2025,3900.12
1174,10,Friends & Family,10,2025,223.56
1175,10,Grocery,10,2025,1193.35
1176,10,Healthcare,10,2025,325.01
1177,10,Miscellaneous,10,2025,148.64
1178,10,Recharge & Utilities,10,2025,123.8
1179,10,Shopping,10,2025,839.54
1180,10,Transportation,10,2025,247.06
1181,10,Education,11,2025,671.37
1182,10,Entertainment,11,2025,1131.75
1183,10,Food & Dining,11,2025,3112.01
1184,10,Friends & Family,11,2025,183.97
1185,10,Grocery,11,2025,1139.8
1186,10,Healthcare,11,2025,302.27
1187,10,Miscellaneous,11,2025,139.88
1188,10,Recharge & Utilities,11,2025,135.73
1189,10,Shopping,11,2025,740.83
1190,10,Transportation,11,2025,247.97
1191,10,Education,12,2025,719.23
1192,10,Entertainment,12,2025,1101.18
1193,10,Food & Dining,12,2025,3183.7
1194,10,Friends & Family,12,2025,238.1
1195,10,Grocery,12,2025,1214.03
1196,10,Healthcare,12,2025,337.44
1197,10,Miscellaneous,12,2025,149.24
1198,10,Recharge & Utilities,12,2025,144.89
1199,10,Shopping,12,2025,657.39
1200,10,Transportation,12,2025,339.74
1201,11,Education,1,2025,1111.1
1202,11,Entertainment,1,2025,1436.44
1203,11,Food & Dining,1,2025,4163.25
1204,11,Friends & Family,1,2025,282.63
1205,11,Grocery,1,2025,1636.08
1206,11,Healthcare,1,2025,447.25
1207,11,Miscellaneous,1,2025,193.96
1208,11,Recharge & Utilities,1,2025,166.8
1209,11,Shopping,1,2025,959.01
1210,11,Transportation,1,2025,333.84
1211,11,Education,2,2025,792.31
1212,11,Entertainment,2,2025,1202.18
1213,11,Food & Dining,2,2025,4455.64
1214,11,Friends & Family,2,2025,262.24
1215,11,Grocery,2,2025,1434.9
1216,11,Healthcare,2,2025,428.15
1217,11,Miscellaneous,2,2025,185.72
1218,11,Recharge & Utilities,2,2025,179.17
1219,11,Shopping,2,2025,864.16
1220,11,Transportation,2,2025,304.26
1221,11,Education,3,2025,813.85
1222,11,Entertainment,3,2025,1144.15
1223,11,Food & Dining,3,2025,4009.63
1224,11,Friends & Family,3,2025,233.46
1225,11,Grocery,3,2025,1299.16
1226,11,Healthcare,3,2025,400.03
1227,11,Miscellaneous,3,2025,164.53
1228,11,Recharge & Utilities,3,2025,145.35
1229,11,Shopping,3,2025,867.6
1230,11,Transportation,3,2025,298.68
1231,11,Education,4,2025,873.7
1232,11,Entertainment,4,2025,1397.17
1233,11,Food & Dining,4,2025,3921.14
1234,11,Friends & Family,4,2025,271.33
1235,11,Grocery,4,2025,1471.52
1236,11,Healthcare,4,2025,452.19
1237,11,Miscellaneous,4,2025,161.46
1238,11,Recharge & Utilities,4,2025,191.38
1239,11,Shopping,4,2025,929.8
1240,11,Transportation,4,2025,311.11
1241,11,Education,5,2025,825.7
1242,11,Entertainment,5,2025,1171.37
1243,11,Food & Dining,5,2025,3539.85
1244,11,Friends & Family,5,2025,221.86
1245,11,Grocery,5,2025,1450.4
1246,11,Healthcare,5,2025,370.68
1247,11,Miscellaneous,5,2025,153.97
1248,11,Recharge & Utilities,5,2025,147.51
1249,11,Shopping,5,2025,834.93
1250,11,Transportation,5,2025,361.0
1251,11,Education,6,2025,795.15
1252,11,Entertainment,6,2025,1191.17
1253,11,Food & Dining,6,2025,4049.68
1254,11,Friends & Family,6,2025,237.86
1255,11,Grocery,6,2025,1476.59
1256,11,Healthcare,6,2025,451.75
1257,11,Miscellaneous,6,2025,175.01
1258,11,Recharge & Utilities,6,2025,167.18
1259,11,Shopping,6,2025,862.9
1260,11,Transportation,6,2025,383.03
1261,11,Education,7,2025,961.45
1262,11,Entertainment,7,2025,1428.49
1263,11,Food & Dining,7,2025,4278.76
1264,11,Friends & Family,7,2025,278.3
1265,11,Grocery,7,2025,1607.1
1266,11,Healthcare,7,2025,436.78
1267,11,Miscellaneous,7,2025,175.66
1268,11,Recharge & Utilities,7,2025,179.52
1269,11,Shopping,7,2025,912.3
1270,11,Transportation,7,2025,378.87
1271,11,Education,8,2025,1103.57
1272,11,Entertainment,8,2025,1199.35
1273,11,Food & Dining,8,2025,3871.85
1274,11,Friends & Family,8,2025,257.55
1275,11,Grocery,8,2025,1350.74
1276,11,Healthcare,8,2025,399.23
1277,11,Miscellaneous,8,2025,194.31
1278,11,Recharge & Utilities,8,2025,167.56
1279,11,Shopping,8,2025,962.97
1280,11,Transportation,8,2025,375.18
1281,11,Education,9,2025,872.98
1282,11,Entertainment,9,2025,1299.67
1283,11,Food & Dining,9,2025,3747.56
1284,11,Friends & Family,9,2025,260.57
1285,11,Grocery,9,2025,1513.79
1286,11,Healthcare,9,2025,452.37
1287,11,Miscellaneous,9,2025,168.13
1288,11,Recharge & Utilities,9,2025,168.34
1289,11,Shopping,9,2025,944.33
1290,11,Transportation,9,2025,339.9
1291,11,Education,10,2025,806.38
1292,11,Entertainment,10,2025,1509.84
1293,11,Food & Dining,10,2025,4122.94
1294,11,Friends & Family,10,2025,278.65
1295,11,Grocery,10,2025,1627.81
1296,11,Healthcare,10,2025,483.93
1297,11,Miscellaneous,10,2025,195.76
1298,11,Recharge & Utilities,10,2025,170.58
1299,11,Shopping,10,2025,1163.35
1300,11,Transportation,10,2025,357.6
1301,11,Education,11,2025,815.94
1302,11,Entertainment,11,2025,1326.06
1303,11,Food & Dining,11,2025,4314.38
1304,11,Friends & Family,11,2025,258.69
1305,11,Grocery,11,2025,1546.11
1306,11,Healthcare,11,2025,462.64
1307,11,Miscellaneous,11,2025,179.23
1308,11,Recharge & Utilities,11,2025,181.54
1309,11,Shopping,11,2025,984.64
1310,11,Transportation,11,2025,330.23
1311,11,Education,12,2025,996.24
1312,11,Entertainment,12,2025,1339.59
1313,11,Food & Dining,12,2025,4718.71
1314,11,Friends & Family,12,2025,248.15
1315,11,Grocery,12,2025,1653.11
1316,11,Healthcare,12,2025,420.19
1317,11,Miscellaneous,12,2025,188.42
1318,11,Recharge & Utilities,12,2025,179.44
1319,11,Shopping,12,2025,941.29
1320,11,Transportation,12,2025,374.01
1321,12,Education,1,2025,940.47
1322,12,Entertainment,1,2025,1227.1
1323,12,Food & Dining,1,2025,3303.63
1324,12,Friends & Family,1,2025,257.29
1325,12,Grocery,1,2025,1223.03
1326,12,Healthcare,1,2025,391.29
1327,12,Miscellaneous,1,2025,151.93
1328,12,Recharge & Utilities,1,2025,158.82
1329,12,Shopping,1,2025,822.68
1330,12,Transportation,1,2025,276.31
1331,12,Education,2,2025,700.17
1332,12,Entertainment,2,2025,1098.12
1333,12,Food & Dining,2,2025,3584.85
1334,12,Friends & Family,2,2025,217.81
1335,12,Grocery,2,2025,1221.76
1336,12,Healthcare,2,2025,335.92
1337,12,Miscellaneous,2,2025,133.7
1338,12,Recharge & Utilities,2,2025,136.02
1339,12,Shopping,2,2025,717.48
1340,12,Transportation,2,2025,307.85
1341,12,Education,3,2025,826.12
1342,12,Entertainment,3,2025,1071.75
1343,12,Food & Dining,3,2025,4017.87
1344,12,Friends & Family,3,2025,242.34
1345,12,Grocery,3,2025,1281.02
1346,12,Healthcare,3,2025,397.38
1347,12,Miscellaneous,3,2025,155.14
1348,12,Recharge & Utilities,3,2025,144.84
1349,12,Shopping,3,2025,851.0
1350,12,Transportation,3,2025,301.61
1351,12,Education,4,2025,836.09
1352,12,Entertainment,4,2025,1137.47
1353,12,Food & Dining,4,2025,3861.52
1354,12,Friends & Family,4,2025,224.2
1355,12,Grocery,4,2025,1483.98
1356,12,Healthcare,4,2025,378.38
1357,12,Miscellaneous,4,2025,147.98
1358,12,Recharge & Utilities,4,2025,171.31
1359,12,Shopping,4,2025,893.56
1360,12,Transportation,4,2025,343.41
1361,12,Education,5,2025,819.91
1362,12,Entertainment,5,2025,1286.23
1363,12,Food & Dining,5,2025,3811.67
1364,12,Friends & Family,5,2025,269.98
1365,12,Grocery,5,2025,1242.73
1366,12,Healthcare,5,2025,399.28
1367,12,Miscellaneous,5,2025,172.75
1368,12,Recharge & Utilities,5,2025,174.62
1369,12,Shopping,5,2025,806.21
1370,12,Transportation,5,2025,337.23
1371,12,Education,6,2025,898.1
1372,12,Entertainment,6,2025,1157.87
1373,12,Food & Dining,6,2025,3849.36
1374,12,Friends & Family,6,2025,273.55
1375,12,Grocery,6,2025,1501.68
1376,12,Healthcare,6,2025,388.88
1377,12,Miscellaneous,6,2025,154.73
1378,12,Recharge & Utilities,6,2025,176.01
1379,12,Shopping,6,2025,895.99
1380,12,Transportation,6,2025,422.17
1381,12,Education,7,2025,1123.39
1382,12,Entertainment,7,2025,1332.48
1383,12,Food & Dining,7,2025,4054.22
1384,12,Friends & Family,7,2025,273.37
1385,12,Grocery,7,2025,1511.66
1386,12,Healthcare,7,2025,404.32
1387,12,Miscellaneous,7,2025,189.89
1388,12,Recharge & Utilities,7,2025,171.51
1389,12,Shopping,7,2025,819.31
1390,12,Transportation,7,2025,330.69
1391,12,Education,8,2025,925.25
1392,12,Entertainment,8,2025,1056.87
1393,12,Food & Dining,8,2025,3900.81
1394,12,Friends & Family,8,2025,215.95
1395,12,Grocery,8,2025,1238.45
1396,12,Healthcare,8,2025,344.03
1397,12,Miscellaneous,8,2025,136.3
1398,12,Recharge & Utilities,8,2025,164.27
1399,12,Shopping,8,2025,793.05
1400,12,Transportation,8,2025,275.37
1401,12,Education,9,2025,751.21
1402,12,Entertainment,9,2025,1346.73
1403,12,Food & Dining,9,2025,4057.6
1404,12,Friends & Family,9,2025,264.16
1405,12,Grocery,9,2025,1494.68
1406,12,Healthcare,9,2025,422.36
1407,12,Miscellaneous,9,2025,148.46
1408,12,Recharge & Utilities,9,2025,174.42
1409,12,Shopping,9,2025,819.43
1410,12,Transportation,9,2025,325.64
1411,12,Education,10,2025,907.73
1412,12,Entertainment,10,2025,1266.0
1413,12,Food & Dining,10,2025,3775.7
1414,12,Friends & Family,10,2025,257.91
1415,12,Grocery,10,2025,1308.0
1416,12,Healthcare,10,2025,378.67
1417,12,Miscellaneous,10,2025,148.44
1418,12,Recharge & Utilities,10,2025,156.86
1419,12,Shopping,10,2025,1099.58
1420,12,Transportation,10,2025,332.55
1421,12,Education,11,2025,767.43
1422,12,Entertainment,11,2025,1196.0
1423,12,Food & Dining,11,2025,3795.96
1424,12,Friends & Family,11,2025,254.11
1425,12,Grocery,11,2025,1326.01
1426,12,Healthcare,11,2025,399.25
1427,12,Miscellaneous,11,2025,157.31
1428,12,Recharge & Utilities,11,2025,157.7
1429,12,Shopping,11,2025,898.04
1430,12,Transportation,11,2025,319.83
1431,12,Education,12,2025,765.0
1432,12,Entertainment,12,2025,1133.53
1433,12,Food & Dining,12,2025,4107.64
1434,12,Friends & Family,12,2025,219.1
1435,12,Grocery,12,2025,1268.87
1436,12,Healthcare,12,2025,393.23
1437,12,Miscellaneous,12,2025,177.9
1438,12,Recharge & Utilities,12,2025,173.75
1439,12,Shopping,12,2025,816.27
1440,12,Transportation,12,2025,411.91
1441,13,Education,1,2025,764.85
1442,13,Entertainment,1,2025,1142.77
1443,13,Food & Dining,1,2025,3529.56
1444,13,Friends & Family,1,2025,220.88
1445,13,Grocery,1,2025,1157.15
1446,13,Healthcare,1,2025,326.62
1447,13,Miscellaneous,1,2025,130.61
1448,13,Recharge & Utilities,1,2025,147.77
1449,13,Shopping,1,2025,754.7
1450,13,Transportation,1,2025,259.92
1451,13,Education,2,2025,605.13
1452,13,Entertainment,2,2025,993.09
1453,13,Food & Dining,2,2025,3108.01
1454,13,Friends & Family,2,2025,185.52
1455,13,Grocery,2,2025,1053.26
1456,13,Healthcare,2,2025,314.95
1457,13,Miscellaneous,2,2025,124.82
1458,13,Recharge & Utilities,2,2025,136.5
1459,13,Shopping,2,2025,636.15
1460,13,Transportation,2,2025,237.7
1461,13,Education,3,2025,625.52
1462,13,Entertainment,3,2025,1013.03
1463,13,Food & Dining,3,2025,3228.61
1464,13,Friends & Family,3,2025,189.2
1465,13,Grocery,3,2025,994.98
1466,13,Healthcare,3,2025,341.64
1467,13,Miscellaneous,3,2025,117.33
1468,13,Recharge & Utilities,3,2025,136.19
1469,13,Shopping,3,2025,570.28
1470,13,Transportation,3,2025,233.7
1471,13,Education,4,2025,690.71
1472,13,Entertainment,4,2025,939.18
1473,13,Food & Dining,4,2025,3395.2
1474,13,Friends & Family,4,2025,184.56
1475,13,Grocery,4,2025,1090.59
1476,13,Healthcare,4,2025,332.66
1477,13,Miscellaneous,4,2025,129.0
1478,13,Recharge & Utilities,4,2025,130.4
1479,13,Shopping,4,2025,621.34
1480,13,Transportation,4,2025,231.25
1481,13,Education,5,2025,667.39
1482,13,Entertainment,5,2025,937.37
1483,13,Food & Dining,5,2025,2974.38
1484,13,Friends & Family,5,2025,184.73
1485,13,Grocery,5,2025,977.68
1486,13,Healthcare,5,2025,352.16
1487,13,Miscellaneous,5,2025,118.16
1488,13,Recharge & Utilities,5,2025,117.74
1489,13,Shopping,5,2025,680.73
1490,13,Transportation,5,2025,305.64
1491,13,Education,6,2025,705.09
1492,13,Entertainment,6,2025,1108.87
1493,13,Food & Dining,6,2025,3214.4
1494,13,Friends & Family,6,2025,216.84
1495,13,Grocery,6,2025,1289.34
1496,13,Healthcare,6,2025,352.3
1497,13,Miscellaneous,6,2025,142.19
1498,13,Recharge & Utilities,6,2025,132.9
1499,13,Shopping,6,2025,740.29
1500,13,Transportation,6,2025,333.06
1501,13,Education,7,2025,718.78
1502,13,Entertainment,7,2025,984.82
1503,13,Food & Dining,7,2025,3095.09
1504,13,Friends & Family,7,2025,178.32
1505,13,Grocery,7,2025,1216.98
1506,13,Healthcare,7,2025,335.02
1507,13,Miscellaneous,7,2025,139.99
1508,13,Recharge & Utilities,7,2025,118.73
1509,13,Shopping,7,2025,617.78
1510,13,Transportation,7,2025,263.98
1511,13,Education,8,2025,808.52
1512,13,Entertainment,8,2025,908.99
1513,13,Food & Dining,8,2025,3247.09
1514,13,Friends & Family,8,2025,210.14
1515,13,Grocery,8,2025,1065.16
1516,13,Healthcare,8,2025,358.66
1517,13,Miscellaneous,8,2025,141.13
1518,13,Recharge & Utilities,8,2025,123.11
1519,13,Shopping,8,2025,636.19
1520,13,Transportation,8,2025,257.11
1521,13,Education,9,2025,693.31
1522,13,Entertainment,9,2025,1102.46
1523,13,Food & Dining,9,2025,3321.89
1524,13,Friends & Family,9,2025,229.54
1525,13,Grocery,9,2025,1201.8
1526,13,Healthcare,9,2025,352.0
1527,13,Miscellaneous,9,2025,142.93
1528,13,Recharge & Utilities,9,2025,124.76
1529,13,Shopping,9,2025,756.15
1530,13,Transportation,9,2025,279.12
1531,13,Education,10,2025,637.74
1532,13,Entertainment,10,2025,983.42
1533,13,Food & Dining,10,2025,3005.76
1534,13,Friends & Family,10,2025,178.57
1535,13,Grocery,10,2025,1037.75
1536,13,Healthcare,10,2025,357.68
1537,13,Miscellaneous,10,2025,124.67
1538,13,Recharge & Utilities,10,2025,135.15
1539,13,Shopping,10,2025,858.31
1540,13,Transportation,10,2025,231.33
1541,13,Education,11,2025,588.15
1542,13,Entertainment,11,2025,1100.06
1543,13,Food & Dining,11,2025,3085.14
1544,13,Friends & Family,11,2025,175.24
1545,13,Grocery,11,2025,1115.12
1546,13,Healthcare,11,2025,356.7
1547,13,Miscellaneous,11,2025,136.17
1548,13,Recharge & Utilities,11,2025,129.18
1549,13,Shopping,11,2025,791.66
1550,13,Transportation,11,2025,226.92
1551,13,Education,12,2025,707.83
1552,13,Entertainment,12,2025,1046.59
1553,13,Food & Dining,12,2025,2970.35
1554,13,Friends & Family,12,2025,186.0
1555,13,Grocery,12,2025,1131.48
1556,13,Healthcare,12,2025,354.27
1557,13,Miscellaneous,12,2025,148.43
1558,13,Recharge & Utilities,12,2025,124.51
1559,13,Shopping,12,2025,612.93
1560,13,Transportation,12,2025,324.44
1561,14,Education,1,2025,1022.06
1562,14,Entertainment,1,2025,1343.1
1563,14,Food & Dining,1,2025,4121.91
1564,14,Friends & Family,1,2025,250.52
1565,14,Grocery,1,2025,1457.2
1566,14,Healthcare,1,2025,464.61
1567,14,Miscellaneous,1,2025,173.75
1568,14,Recharge & Utilities,1,2025,186.87
1569,14,Shopping,1,2025,838.48
1570,14,Transportation,1,2025,332.45
1571,14,Education,2,2025,766.92
1572,14,Entertainment,2,2025,1061.46
1573,14,Food & Dining,2,2025,3957.21
1574,14,Friends & Family,2,2025,210.56
1575,14,Grocery,2,2025,1421.52
1576,14,Healthcare,2,2025,404.55
1577,14,Miscellaneous,2,2025,149.59
1578,14,Recharge & Utilities,2,2025,159.25
1579,14,Shopping,2,2025,767.55
1580,14,Transportation,2,2025,287.64
1581,14,Education,3,2025,808.07
1582,14,Entertainment,3,2025,1394.35
1583,14,Food & Dining,3,2025,3965.05
1584,14,Friends & Family,3,2025,279.52
1585,14,Grocery,3,2025,1374.28
1586,14,Healthcare,3,2025,418.24
1587,14,Miscellaneous,3,2025,185.16
1588,14,Recharge & Utilities,3,2025,167.83
1589,14,Shopping,3,2025,910.51
1590,14,Transportation,3,2025,329.73
1591,14,Education,4,2025,796.67
1592,14,Entertainment,4,2025,1224.84
1593,14,Food & Dining,4,2025,4036.76
1594,14,Friends & Family,4,2025,271.14
1595,14,Grocery,4,2025,1506.4
1596,14,Healthcare,4,2025,424.5
1597,14,Miscellaneous,4,2025,152.58
1598,14,Recharge & Utilities,4,2025,156.69
1599,14,Shopping,4,2025,757.27
1600,14,Transportation,4,2025,352.56
1601,14,Education,5,2025,838.93
1602,14,Entertainment,5,2025,1377.27
1603,14,Food & Dining,5,2025,3733.92
1604,14,Friends & Family,5,2025,231.78
1605,14,Grocery,5,2025,1376.13
1606,14,Healthcare,5,2025,408.56
1607,14,Miscellaneous,5,2025,179.69
1608,14,Recharge & Utilities,5,2025,170.93
1609,14,Shopping,5,2025,926.55
1610,14,Transportation,5,2025,385.19
1611,14,Education,6,2025,809.38
1612,14,Entertainment,6,2025,1276.6
1613,14,Food & Dining,6,2025,3752.61
1614,14,Friends & Family,6,2025,285.35
1615,14,Grocery,6,2025,1563.85
1616,14,Healthcare,6,2025,452.0
1617,14,Miscellaneous,6,2025,189.36
1618,14,Recharge & Utilities,6,2025,175.22
1619,14,Shopping,6,2025,900.75
1620,14,Transportation,6,2025,417.5
1621,14,Education,7,2025,1161.27
1622,14,Entertainment,7,2025,1403.49
1623,14,Food & Dining,7,2025,3991.27
1624,14,Friends & Family,7,2025,275.74
1625,14,Grocery,7,2025,1414.91
1626,14,Healthcare,7,2025,411.87
1627,14,Miscellaneous,7,2025,165.62
1628,14,Recharge & Utilities,7,2025,185.03
1629,14,Shopping,7,2025,862.82
1630,14,Transportation,7,2025,309.0
1631,14,Education,8,2025,1114.25
1632,14,Entertainment,8,2025,1233.5
1633,14,Food & Dining,8,2025,3909.19
1634,14,Friends & Family,8,2025,279.19
1635,14,Grocery,8,2025,1436.16
1636,14,Healthcare,8,2025,429.42
1637,14,Miscellaneous,8,2025,154.74
1638,14,Recharge & Utilities,8,2025,179.68
1639,14,Shopping,8,2025,908.2
1640,14,Transportation,8,2025,341.48
1641,14,Education,9,2025,858.24
1642,14,Entertainment,9,2025,1247.57
1643,14,Food & Dining,9,2025,4028.94
1644,14,Friends & Family,9,2025,254.05
1645,14,Grocery,9,2025,1425.72
1646,14,Healthcare,9,2025,409.77
1647,14,Miscellaneous,9,2025,140.66
1648,14,Recharge & Utilities,9,2025,164.33
1649,14,Shopping,9,2025,771.67
1650,14,Transportation,9,2025,321.04
1651,14,Education,10,2025,797.8
1652,14,Entertainment,10,2025,1365.53
1653,14,Food & Dining,10,2025,4397.25
1654,14,Friends & Family,10,2025,261.94
1655,14,Grocery,10,2025,1640.59
1656,14,Healthcare,10,2025,453.75
1657,14,Miscellaneous,10,2025,182.64
1658,14,Recharge & Utilities,10,2025,177.71
1659,14,Shopping,10,2025,1004.62
1660,14,Transportation,10,2025,371.16
1661,14,Education,11,2025,730.34
1662,14,Entertainment,11,2025,1291.79
1663,14,Food & Dining,11,2025,4118.64
1664,14,Friends & Family,11,2025,257.06
1665,14,Grocery,11,2025,1492.21
1666,14,Healthcare,11,2025,380.65
1667,14,Miscellaneous,11,2025,165.27
1668,14,Recharge & Utilities,11,2025,167.73
1669,14,Shopping,11,2025,1028.47
1670,14,Transportation,11,2025,300.7
1671,14,Education,12,2025,859.87
1672,14,Entertainment,12,2025,1174.83
1673,14,Food & Dining,12,2025,3621.99
1674,14,Friends & Family,12,2025,222.81
1675,14,Grocery,12,2025,1346.64
1676,14,Healthcare,12,2025,433.53
1677,14,Miscellaneous,12,2025,151.98
1678,14,Recharge & Utilities,12,2025,144.92
1679,14,Shopping,12,2025,721.83
1680,14,Transportation,12,2025,393.91
1681,15,Education,1,2025,887.58
1682,15,Entertainment,1,2025,973.79
1683,15,Food & Dining,1,2025,2901.13
1684,15,Friends & Family,1,2025,200.97
1685,15,Grocery,1,2025,1047.85
1686,15,Healthcare,1,2025,355.23
1687,15,Miscellaneous,1,2025,121.9
1688,15,Recharge & Utilities,1,2025,150.11
1689,15,Shopping,1,2025,653.97
1690,15,Transportation,1,2025,245.63
1691,15,Education,2,2025,591.1
1692,15,Entertainment,2,2025,1020.67
1693,15,Food & Dining,2,2025,2854.49
1694,15,Friends & Family,2,2025,198.88
1695,15,Grocery,2,2025,1188.14
1696,15,Healthcare,2,2025,309.29
1697,15,Miscellaneous,2,2025,134.04
1698,15,Recharge & Utilities,2,2025,125.98
1699,15,Shopping,2,2025,604.22
1700,15,Transportation,2,2025,241.85
1701,15,Education,3,2025,666.6
1702,15,Entertainment,3,2025,1090.89
1703,15,Food & Dining,3,2025,3219.0
1704,15,Friends & Family,3,2025,229.31
1705,15,Grocery,3,2025,1046.04
1706,15,Healthcare,3,2025,320.48
1707,15,Miscellaneous,3,2025,143.73
1708,15,Recharge & Utilities,3,2025,124.49
1709,15,Shopping,3,2025,704.47
1710,15,Transportation,3,2025,280.21
1711,15,Education,4,2025,727.85
1712,15,Entertainment,4,2025,1136.86
1713,15,Food & Dining,4,2025,3407.1
1714,15,Friends & Family,4,2025,201.91
1715,15,Grocery,4,2025,1213.23
1716,15,Healthcare,4,2025,343.1
1717,15,Miscellaneous,4,2025,133.51
1718,15,Recharge & Utilities,4,2025,150.06
1719,15,Shopping,4,2025,675.62
1720,15,Transportation,4,2025,272.72
1721,15,Education,5,2025,685.37
1722,15,Entertainment,5,2025,1068.24
1723,15,Food & Dining,5,2025,3395.88
1724,15,Friends & Family,5,2025,236.13
1725,15,Grocery,5,2025,1350.82
1726,15,Healthcare,5,2025,386.2
1727,15,Miscellaneous,5,2025,154.98
1728,15,Recharge & Utilities,5,2025,148.73
1729,15,Shopping,5,2025,653.82
1730,15,Transportation,5,2025,317.32
1731,15,Education,6,2025,812.75
1732,15,Entertainment,6,2025,1077.78
1733,15,Food & Dining,6,2025,3391.94
1734,15,Friends & Family,6,2025,215.24
1735,15,Grocery,6,2025,1289.61
1736,15,Healthcare,6,2025,346.02
1737,15,Miscellaneous,6,2025,155.66
1738,15,Recharge & Utilities,6,2025,150.27
1739,15,Shopping,6,2025,779.06
1740,15,Transportation,6,2025,361.8
1741,15,Education,7,2025,857.69
1742,15,Entertainment,7,2025,990.94
1743,15,Food & Dining,7,2025,3402.73
1744,15,Friends & Family,7,2025,182.71
1745,15,Grocery,7,2025,1188.59
1746,15,Healthcare,7,2025,299.93
1747,15,Miscellaneous,7,2025,133.02
1748,15,Recharge & Utilities,7,2025,137.31
1749,15,Shopping,7,2025,616.6
1750,15,Transportation,7,2025,285.06
1751,15,Education,8,2025,700.44
1752,15,Entertainment,8,2025,869.87
1753,15,Food & Dining,8,2025,3138.47
1754,15,Friends & Family,8,2025,175.12
1755,15,Grocery,8,2025,1049.84
1756,15,Healthcare,8,2025,343.46
1757,15,Miscellaneous,8,2025,130.16
1758,15,Recharge & Utilities,8,2025,129.19
1759,15,Shopping,8,2025,695.03
1760,15,Transportation,8,2025,266.82
1761,15,Education,9,2025,696.42
1762,15,Entertainment,9,2025,906.46
1763,15,Food & Dining,9,2025,2929.48
1764,15,Friends & Family,9,2025,184.78
1765,15,Grocery,9,2025,1120.88
1766,15,Healthcare,9,2025,308.15
1767,15,Miscellaneous,9,2025,140.98
1768,15,Recharge & Utilities,9,2025,141.51
1769,15,Shopping,9,2025,569.36
1770,15,Transportation,9,2025,275.93
1771,15,Education,10,2025,688.3
1772,15,Entertainment,10,2025,1142.67
1773,15,Food & Dining,10,2025,3572.12
1774,15,Friends & Family,10,2025,235.1
1775,15,Grocery,10,2025,1159.97
1776,15,Healthcare,10,2025,387.26
1777,15,Miscellaneous,10,2025,139.37
1778,15,Recharge & Utilities,10,2025,148.26
1779,15,Shopping,10,2025,848.23
1780,15,Transportation,10,2025,277.68
1781,15,Education,11,2025,690.89
1782,15,Entertainment,11,2025,1180.31
1783,15,Food & Dining,11,2025,3767.22
1784,15,Friends & Family,11,2025,221.23
1785,15,Grocery,11,2025,1101.31
1786,15,Healthcare,11,2025,364.61
1787,15,Miscellaneous,11,2025,153.22
1788,15,Recharge & Utilities,11,2025,139.73
1789,15,Shopping,11,2025,897.56
1790,15,Transportation,11,2025,281.3
1791,15,Education,12,2025,775.16
1792,15,Entertainment,12,2025,1137.11
1793,15,Food & Dining,12,2025,3468.79
1794,15,Friends & Family,12,2025,214.37
1795,15,Grocery,12,2025,1250.27
1796,15,Healthcare,12,2025,335.78
1797,15,Miscellaneous,12,2025,142.56
1798,15,Recharge & Utilities,12,2025,150.67
1799,15,Shopping,12,2025,635.46
1800,15,Transportation,12,2025,347.83
1801,16,Education,1,2025,956.27
1802,16,Entertainment,1,2025,1106.72
1803,16,Food & Dining,1,2025,3514.91
1804,16,Friends & Family,1,2025,212.5
1805,16,Grocery,1,2025,1213.92
1806,16,Healthcare,1,2025,384.03
1807,16,Miscellaneous,1,2025,146.3
1808,16,Recharge & Utilities,1,2025,168.9
1809,16,Shopping,1,2025,800.18
1810,16,Transportation,1,2025,300.94
1811,16,Education,2,2025,798.81
1812,16,Entertainment,2,2025,1158.42
1813,16,Food & Dining,2,2025,3517.5
1814,16,Friends & Family,2,2025,234.39
1815,16,Grocery,2,2025,1286.61
1816,16,Healthcare,2,2025,419.43
1817,16,Miscellaneous,2,2025,160.54
1818,16,Recharge & Utilities,2,2025,160.5
1819,16,Shopping,2,2025,821.3
1820,16,Transportation,2,2025,275.94
1821,16,Education,3,2025,765.36
1822,16,Entertainment,3,2025,1063.9
1823,16,Food & Dining,3,2025,3470.0
1824,16,Friends & Family,3,2025,216.0
1825,16,Grocery,3,2025,1129.4
1826,16,Healthcare,3,2025,392.25
1827,16,Miscellaneous,3,2025,134.98
1828,16,Recharge & Utilities,3,2025,132.91
1829,16,Shopping,3,2025,699.75
1830,16,Transportation,3,2025,302.36
1831,16,Education,4,2025,750.35
1832,16,Entertainment,4,2025,1198.25
1833,16,Food & Dining,4,2025,3819.02
1834,16,Friends & Family,4,2025,231.01
1835,16,Grocery,4,2025,1407.06
1836,16,Healthcare,4,2025,364.6
1837,16,Miscellaneous,4,2025,138.42
1838,16,Recharge & Utilities,4,2025,159.5
1839,16,Shopping,4,2025,783.51
1840,16,Transportation,4,2025,266.02
1841,16,Education,5,2025,801.34
1842,16,Entertainment,5,2025,1082.57
1843,16,Food & Dining,5,2025,3375.13
1844,16,Friends & Family,5,2025,246.66
1845,16,Grocery,5,2025,1249.75
1846,16,Healthcare,5,2025,369.17
1847,16,Miscellaneous,5,2025,135.27
1848,16,Recharge & Utilities,5,2025,140.62
1849,16,Shopping,5,2025,800.53
1850,16,Transportation,5,2025,346.14
1851,16,Education,6,2025,807.82
1852,16,Entertainment,6,2025,1076.61
1853,16,Food & Dining,6,2025,3889.16
1854,16,Friends & Family,6,2025,248.96
1855,16,Grocery,6,2025,1366.95
1856,16,Healthcare,6,2025,378.19
1857,16,Miscellaneous,6,2025,170.29
1858,16,Recharge & Utilities,6,2025,164.12
1859,16,Shopping,6,2025,758.08
1860,16,Transportation,6,2025,327.84
1861,16,Education,7,2025,869.86
1862,16,Entertainment,7,2025,1217.99
1863,16,Food & Dining,7,2025,3804.58
1864,16,Friends & Family,7,2025,239.89
1865,16,Grocery,7,2025,1347.28
1866,16,Healthcare,7,2025,417.79
1867,16,Miscellaneous,7,2025,146.28
1868,16,Recharge & Utilities,7,2025,150.29
1869,16,Shopping,7,2025,760.74
1870,16,Transportation,7,2025,284.91
1871,16,Education,8,2025,983.19
1872,16,Entertainment,8,2025,1078.04
1873,16,Food & Dining,8,2025,3726.68
1874,16,Friends & Family,8,2025,230.94
1875,16,Grocery,8,2025,1282.39
1876,16,Healthcare,8,2025,377.58
1877,16,Miscellaneous,8,2025,160.8
1878,16,Recharge & Utilities,8,2025,138.46
1879,16,Shopping,8,2025,774.48
1880,16,Transportation,8,2025,276.6
1881,16,Education,9,2025,633.56
1882,16,Entertainment,9,2025,1014.1
1883,16,Food & Dining,9,2025,3425.71
1884,16,Friends & Family,9,2025,217.54
1885,16,Grocery,9,2025,1170.7
1886,16,Healthcare,9,2025,331.9
1887,16,Miscellaneous,9,2025,136.55
1888,16,Recharge & Utilities,9,2025,152.02
1889,16,Shopping,9,2025,681.05
1890,16,Transportation,9,2025,278.11
1891,16,Education,10,2025,745.07
1892,16,Entertainment,10,2025,1206.52
1893,16,Food & Dining,10,2025,4228.08
1894,16,Friends & Family,10,2025,222.79
1895,16,Grocery,10,2025,1313.81
1896,16,Healthcare,10,2025,393.87
1897,16,Miscellaneous,10,2025,141.08
1898,16,Recharge & Utilities,10,2025,151.79
1899,16,Shopping,10,2025,892.15
1900,16,Transportation,10,2025,298.09
1901,16,Education,11,2025,866.21
1902,16,Entertainment,11,2025,1157.95
1903,16,Food & Dining,11,2025,3937.74
1904,16,Friends & Family,11,2025,234.47
1905,16,Grocery,11,2025,1383.8
1906,16,Healthcare,11,2025,395.29
1907,16,Miscellaneous,11,2025,152.85
1908,16,Recharge & Utilities,11,2025,154.77
1909,16,Shopping,11,2025,1020.63
1910,16,Transportation,11,2025,331.05
1911,16,Education,12,2025,815.11
1912,16,Entertainment,12,2025,1185.89
1913,16,Food & Dining,12,2025,3824.5
1914,16,Friends & Family,12,2025,259.06
1915,16,Grocery,12,2025,1437.94
1916,16,Healthcare,12,2025,392.75
1917,16,Miscellaneous,12,2025,171.23
1918,16,Recharge & Utilities,12,2025,142.82
1919,16,Shopping,12,2025,838.46
1920,16,Transportation,12,2025,330.03
1921,17,Education,1,2025,1202.18
1922,17,Entertainment,1,2025,1471.85
1923,17,Food & Dining,1,2025,4697.46
1924,17,Friends & Family,1,2025,269.84
1925,17,Grocery,1,2025,1545.24
1926,17,Healthcare,1,2025,491.48
1927,17,Miscellaneous,1,2025,186.94
1928,17,Recharge & Utilities,1,2025,189.4
1929,17,Shopping,1,2025,999.75
1930,17,Transportation,1,2025,415.09
1931,17,Education,2,2025,894.93
1932,17,Entertainment,2,2025,1404.1
1933,17,Food & Dining,2,2025,4172.86
1934,17,Friends & Family,2,2025,242.3
1935,17,Grocery,2,2025,1556.38
1936,17,Healthcare,2,2025,462.98
1937,17,Miscellaneous,2,2025,186.47
1938,17,Recharge & Utilities,2,2025,166.37
1939,17,Shopping,2,2025,899.9
1940,17,Transportation,2,2025,312.34
1941,17,Education,3,2025,938.28
1942,17,Entertainment,3,2025,1239.27
1943,17,Food & Dining,3,2025,3950.87
1944,17,Friends & Family,3,2025,260.99
1945,17,Grocery,3,2025,1418.84
1946,17,Healthcare,3,2025,427.97
1947,17,Miscellaneous,3,2025,177.97
1948,17,Recharge & Utilities,3,2025,179.9
1949,17,Shopping,3,2025,900.51
1950,17,Transportation,3,2025,325.82
1951,17,Education,4,2025,920.15
1952,17,Entertainment,4,2025,1324.35
1953,17,Food & Dining,4,2025,3735.29
1954,17,Friends & Family,4,2025,281.84
1955,17,Grocery,4,2025,1504.76
1956,17,Healthcare,4,2025,476.37
1957,17,Miscellaneous,4,2025,169.38
1958,17,Recharge & Utilities,4,2025,167.5
1959,17,Shopping,4,2025,860.57
1960,17,Transportation,4,2025,300.01
1961,17,Education,5,2025,947.01
1962,17,Entertainment,5,2025,1503.31
1963,17,Food & Dining,5,2025,4785.6
1964,17,Friends & Family,5,2025,248.82
1965,17,Grocery,5,2025,1495.67
1966,17,Healthcare,5,2025,443.32
1967,17,Miscellaneous,5,2025,197.69
1968,17,Recharge & Utilities,5,2025,196.38
1969,17,Shopping,5,2025,912.84
1970,17,Transportation,5,2025,414.14
1971,17,Education,6,2025,840.66
1972,17,Entertainment,6,2025,1268.46
1973,17,Food & Dining,6,2025,3860.52
1974,17,Friends & Family,6,2025,290.13
1975,17,Grocery,6,2025,1523.99
1976,17,Healthcare,6,2025,489.27
1977,17,Miscellaneous,6,2025,182.14
1978,17,Recharge & Utilities,6,2025,198.22
1979,17,Shopping,6,2025,930.33
1980,17,Transportation,6,2025,403.94
1981,17,Education,7,2025,1071.22
1982,17,Entertainment,7,2025,1403.13
1983,17,Food & Dining,7,2025,4177.72
1984,17,Friends & Family,7,2025,280.34
1985,17,Grocery,7,2025,1444.96
1986,17,Healthcare,7,2025,408.16
1987,17,Miscellaneous,7,2025,171.23
1988,17,Recharge & Utilities,7,2025,180.81
1989,17,Shopping,7,2025,958.09
1990,17,Transportation,7,2025,358.06
1991,17,Education,8,2025,1012.19
1992,17,Entertainment,8,2025,1306.22
1993,17,Food & Dining,8,2025,3887.94
1994,17,Friends & Family,8,2025,276.59
1995,17,Grocery,8,2025,1443.31
1996,17,Healthcare,8,2025,418.59
1997,17,Miscellaneous,8,2025,192.07
1998,17,Recharge & Utilities,8,2025,193.98
1999,17,Shopping,8,2025,965.34
2000,17,Transportation,8,2025,392.11
2001,17,Education,9,2025,794.0
2002,17,Entertainment,9,2025,1354.9
2003,17,Food & Dining,9,2025,4538.71
2004,17,Friends & Family,9,2025,289.5
2005,17,Grocery,9,2025,1407.83
2006,17,Healthcare,9,2025,471.22
2007,17,Miscellaneous,9,2025,179.92
2008,17,Recharge & Utilities,9,2025,180.13
2009,17,Shopping,9,2025,794.1
2010,17,Transportation,9,2025,351.2
2011,17,Education,10,2025,1057.61
2012,17,Entertainment,10,2025,1570.73
2013,17,Food & Dining,10,2025,5072.72
2014,17,Friends & Family,10,2025,316.19
2015,17,Grocery,10,2025,1547.35
2016,17,Healthcare,10,2025,439.05
2017,17,Miscellaneous,10,2025,192.85
2018,17,Recharge & Utilities,10,2025,185.06
2019,17,Shopping,10,2025,1271.18
2020,17,Transportation,10,2025,369.36
2021,17,Education,11,2025,929.94
2022,17,Entertainment,11,2025,1564.87
2023,17,Food & Dining,11,2025,4358.41
2024,17,Friends & Family,11,2025,255.0
2025,17,Grocery,11,2025,1510.84
2026,17,Healthcare,11,2025,418.22
2027,17,Miscellaneous,11,2025,179.14
2028,17,Recharge & Utilities,11,2025,185.94
2029,17,Shopping,11,2025,1081.31
2030,17,Transportation,11,2025,335.75
2031,17,Education,12,2025,951.8
2032,17,Entertainment,12,2025,1244.49
2033,17,Food & Dining,12,2025,4322.5
2034,17,Friends & Family,12,2025,257.0
2035,17,Grocery,12,2025,1350.98
2036,17,Healthcare,12,2025,411.4
2037,17,Miscellaneous,12,2025,191.79
2038,17,Recharge & Utilities,12,2025,162.3
2039,17,Shopping,12,2025,876.66
2040,17,Transportation,12,2025,377.62
2041,18,Education,1,2025,1223.48
2042,18,Entertainment,1,2025,1495.53
2043,18,Food & Dining,1,2025,5224.5
2044,18,Friends & Family,1,2025,361.6
2045,18,Grocery,1,2025,1853.62
2046,18,Healthcare,1,2025,517.01
2047,18,Miscellaneous,1,2025,244.21
2048,18,Recharge & Utilities,1,2025,235.15
2049,18,Shopping,1,2025,1083.05
2050,18,Transportation,1,2025,422.48
2051,18,Education,2,2025,999.26
2052,18,Entertainment,2,2025,1455.49
2053,18,Food & Dining,2,2025,4645.2
2054,18,Friends & Family,2,2025,294.81
2055,18,Grocery,2,2025,1690.08
2056,18,Healthcare,2,2025,503.17
2057,18,Miscellaneous,2,2025,218.84
2058,18,Recharge & Utilities,2,2025,204.44
2059,18,Shopping,2,2025,1096.62
2060,18,Transportation,2,2025,425.17
2061,18,Education,3,2025,1190.64
2062,18,Entertainment,3,2025,1510.22
2063,18,Food & Dining,3,2025,5472.38
2064,18,Friends & Family,3,2025,356.07
2065,18,Grocery,3,2025,1713.52
2066,18,Healthcare,3,2025,559.61
2067,18,Miscellaneous,3,2025,224.8
2068,18,Recharge & Utilities,3,2025,205.22
2069,18,Shopping,3,2025,1122.55
2070,18,Transportation,3,2025,421.9
2071,18,Education,4,2025,951.74
2072,18,Entertainment,4,2025,1696.24
2073,18,Food & Dining,4,2025,5180.15
2074,18,Friends & Family,4,2025,333.98
2075,18,Grocery,4,2025,1838.37
2076,18,Healthcare,4,2025,474.82
2077,18,Miscellaneous,4,2025,190.98
2078,18,Recharge & Utilities,4,2025,207.57
2079,18,Shopping,4,2025,955.31
2080,18,Transportation,4,2025,421.21
2081,18,Education,5,2025,1156.48
2082,18,Entertainment,5,2025,1608.48
2083,18,Food & Dining,5,2025,5719.94
2084,18,Friends & Family,5,2025,311.12
2085,18,Grocery,5,2025,2018.14
2086,18,Healthcare,5,2025,556.85
2087,18,Miscellaneous,5,2025,205.55
2088,18,Recharge & Utilities,5,2025,227.57
2089,18,Shopping,5,2025,1200.65
2090,18,Transportation,5,2025,560.54
2091,18,Education,6,2025,1282.42
2092,18,Entertainment,6,2025,1954.85
2093,18,Food & Dining,6,2025,5810.54
2094,18,Friends & Family,6,2025,362.13
2095,18,Grocery,6,2025,2213.48
2096,18,Healthcare,6,2025,557.99
2097,18,Miscellaneous,6,2025,246.98
2098,18,Recharge & Utilities,6,2025,230.6
2099,18,Shopping,6,2025,1119.81
2100,18,Transportation,6,2025,529.85
2101,18,Education,7,2025,1549.64
2102,18,Entertainment,7,2025,1871.3
2103,18,Food & Dining,7,2025,5158.16
2104,18,Friends & Family,7,2025,392.24
2105,18,Grocery,7,2025,2147.45
2106,18,Healthcare,7,2025,602.16
2107,18,Miscellaneous,7,2025,269.53
2108,18,Recharge & Utilities,7,2025,235.01
2109,18,Shopping,7,2025,1340.76
2110,18,Transportation,7,2025,456.47
2111,18,Education,8,2025,1275.46
2112,18,Entertainment,8,2025,1672.51
2113,18,Food & Dining,8,2025,4512.1
2114,18,Friends & Family,8,2025,298.08
2115,18,Grocery,8,2025,1585.59
2116,18,Healthcare,8,2025,512.36
2117,18,Miscellaneous,8,2025,195.31
2118,18,Recharge & Utilities,8,2025,220.76
2119,18,Shopping,8,2025,1141.14
2120,18,Transportation,8,2025,411.1
2121,18,Education,9,2025,1134.21
2122,18,Entertainment,9,2025,1732.8
2123,18,Food & Dining,9,2025,4985.96
2124,18,Friends & Family,9,2025,337.39
2125,18,Grocery,9,2025,1748.04
2126,18,Healthcare,9,2025,565.79
2127,18,Miscellaneous,9,2025,231.47
2128,18,Recharge & Utilities,9,2025,234.91
2129,18,Shopping,9,2025,1041.73
2130,18,Transportation,9,2025,441.61
2131,18,Education,10,2025,1073.58
2132,18,Entertainment,10,2025,1776.85
2133,18,Food & Dining,10,2025,5716.93
2134,18,Friends & Family,10,2025,330.21
2135,18,Grocery,10,2025,2068.97
2136,18,Healthcare,10,2025,531.69
2137,18,Miscellaneous,10,2025,253.55
2138,18,Recharge & Utilities,10,2025,260.43
2139,18,Shopping,10,2025,1498.22
2140,18,Transportation,10,2025,418.54
2141,18,Education,11,2025,1056.81
2142,18,Entertainment,11,2025,1699.57
2143,18,Food & Dining,11,2025,5138.49
2144,18,Friends & Family,11,2025,363.16
2145,18,Grocery,11,2025,1876.28
2146,18,Healthcare,11,2025,602.12
2147,18,Miscellaneous,11,2025,241.47
2148,18,Recharge & Utilities,11,2025,209.01
2149,18,Shopping,11,2025,1273.88
2150,18,Transportation,11,2025,456.82
2151,18,Education,12,2025,1262.66
2152,18,Entertainment,12,2025,1730.43
2153,18,Food & Dining,12,2025,5204.63
2154,18,Friends & Family,12,2025,337.87
2155,18,Grocery,12,2025,2100.33
2156,18,Healthcare,12,2025,624.38
2157,18,Miscellaneous,12,2025,242.7
2158,18,Recharge & Utilities,12,2025,239.27
2159,18,Shopping,12,2025,1304.12
2160,18,Transportation,12,2025,592.59
2161,19,Education,1,2025,1149.22
2162,19,Entertainment,1,2025,1609.96
2163,19,Food & Dining,1,2025,4715.89
2164,19,Friends & Family,1,2025,338.27
2165,19,Grocery,1,2025,1669.36
2166,19,Healthcare,1,2025,496.88
2167,19,Miscellaneous,1,2025,185.27
2168,19,Recharge & Utilities,1,2025,195.52
2169,19,Shopping,1,2025,1117.87
2170,19,Transportation,1,2025,415.99
2171,19,Education,2,2025,1067.55
2172,19,Entertainment,2,2025,1495.98
2173,19,Food & Dining,2,2025,5066.15
2174,19,Friends & Family,2,2025,315.06
2175,19,Grocery,2,2025,1532.42
2176,19,Healthcare,2,2025,489.72
2177,19,Miscellaneous,2,2025,211.43
2178,19,Recharge & Utilities,2,2025,189.33
2179,19,Shopping,2,2025,1015.1
2180,19,Transportation,2,2025,431.5
2181,19,Education,3,2025,1061.15
2182,19,Entertainment,3,2025,1499.48
2183,19,Food & Dining,3,2025,4182.85
2184,19,Friends & Family,3,2025,280.03
2185,19,Grocery,3,2025,1609.93
2186,19,Healthcare,3,2025,506.67
2187,19,Miscellaneous,3,2025,217.91
2188,19,Recharge & Utilities,3,2025,194.79
2189,19,Shopping,3,2025,1009.12
2190,19,Transportation,3,2025,403.53
2191,19,Education,4,2025,1075.41
2192,19,Entertainment,4,2025,1411.19
2193,19,Food & Dining,4,2025,4673.57
2194,19,Friends & Family,4,2025,336.9
2195,19,Grocery,4,2025,1673.84
2196,19,Healthcare,4,2025,485.6
2197,19,Miscellaneous,4,2025,206.31
2198,19,Recharge & Utilities,4,2025,205.52
2199,19,Shopping,4,2025,1061.08
2200,19,Transportation,4,2025,387.82
2201,19,Education,5,2025,888.64
2202,19,Entertainment,5,2025,1459.02
2203,19,Food & Dining,5,2025,4882.8
2204,19,Friends & Family,5,2025,279.98
2205,19,Grocery,5,2025,1603.09
2206,19,Healthcare,5,2025,453.07
2207,19,Miscellaneous,5,2025,205.8
2208,19,Recharge & Utilities,5,2025,180.03
2209,19,Shopping,5,2025,940.29
2210,19,Transportation,5,2025,486.14
2211,19,Education,6,2025,946.36
2212,19,Entertainment,6,2025,1528.89
2213,19,Food & Dining,6,2025,4606.7
2214,19,Friends & Family,6,2025,295.51
2215,19,Grocery,6,2025,1544.82
2216,19,Healthcare,6,2025,540.9
2217,19,Miscellaneous,6,2025,203.46
2218,19,Recharge & Utilities,6,2025,176.56
2219,19,Shopping,6,2025,964.1
2220,19,Transportation,6,2025,480.53
2221,19,Education,7,2025,1157.56
2222,19,Entertainment,7,2025,1580.97
2223,19,Food & Dining,7,2025,5035.47
2224,19,Friends & Family,7,2025,268.33
2225,19,Grocery,7,2025,1635.68
2226,19,Healthcare,7,2025,491.41
2227,19,Miscellaneous,7,2025,198.33
2228,19,Recharge & Utilities,7,2025,189.71
2229,19,Shopping,7,2025,1011.76
2230,19,Transportation,7,2025,362.23
2231,19,Education,8,2025,1262.61
2232,19,Entertainment,8,2025,1460.47
2233,19,Food & Dining,8,2025,4398.01
2234,19,Friends & Family,8,2025,274.4
2235,19,Grocery,8,2025,1526.77
2236,19,Healthcare,8,2025,510.56
2237,19,Miscellaneous,8,2025,209.96
2238,19,Recharge & Utilities,8,2025,177.83
2239,19,Shopping,8,2025,926.45
2240,19,Transportation,8,2025,399.58
2241,19,Education,9,2025,912.25
2242,19,Entertainment,9,2025,1266.66
2243,19,Food & Dining,9,2025,4750.83
2244,19,Friends & Family,9,2025,298.38
2245,19,Grocery,9,2025,1440.31
2246,19,Healthcare,9,2025,476.73
2247,19,Miscellaneous,9,2025,187.75
2248,19,Recharge & Utilities,9,2025,193.75
2249,19,Shopping,9,2025,964.98
2250,19,Transportation,9,2025,355.49
2251,19,Education,10,2025,920.24
2252,19,Entertainment,10,2025,1663.33
2253,19,Food & Dining,10,2025,5280.59
2254,19,Friends & Family,10,2025,335.84
2255,19,Grocery,10,2025,1658.81
2256,19,Healthcare,10,2025,561.68
2257,19,Miscellaneous,10,2025,210.64
2258,19,Recharge & Utilities,10,2025,191.8
2259,19,Shopping,10,2025,1142.92
2260,19,Transportation,10,2025,367.58
2261,19,Education,11,2025,902.42
2262,19,Entertainment,11,2025,1574.53
2263,19,Food & Dining,11,2025,5109.94
2264,19,Friends & Family,11,2025,314.61
2265,19,Grocery,11,2025,1629.65
2266,19,Healthcare,11,2025,503.81
2267,19,Miscellaneous,11,2025,175.81
2268,19,Recharge & Utilities,11,2025,173.23
2269,19,Shopping,11,2025,1242.95
2270,19,Transportation,11,2025,386.75
2271,19,Education,12,2025,1131.94
2272,19,Entertainment,12,2025,1531.83
2273,19,Food & Dining,12,2025,5624.06
2274,19,Friends & Family,12,2025,327.35
2275,19,Grocery,12,2025,1789.46
2276,19,Healthcare,12,2025,501.35
2277,19,Miscellaneous,12,2025,209.84
2278,19,Recharge & Utilities,12,2025,235.74
2279,19,Shopping,12,2025,1167.22
2280,19,Transportation,12,2025,539.03
2281,20,Education,1,2025,1217.91
2282,20,Entertainment,1,2025,1267.77
2283,20,Food & Dining,1,2025,4652.31
2284,20,Friends & Family,1,2025,261.41
2285,20,Grocery,1,2025,1525.29
2286,20,Healthcare,1,2025,497.4
2287,20,Miscellaneous,1,2025,176.39
2288,20,Recharge & Utilities,1,2025,209.41
2289,20,Shopping,1,2025,912.39
2290,20,Transportation,1,2025,355.69
2291,20,Education,2,2025,1004.42
2292,20,Entertainment,2,2025,1244.03
2293,20,Food & Dining,2,2025,4085.42
2294,20,Friends & Family,2,2025,296.48
2295,20,Grocery,2,2025,1578.72
2296,20,Healthcare,2,2025,434.49
2297,20,Miscellaneous,2,2025,166.48
2298,20,Recharge & Utilities,2,2025,199.07
2299,20,Shopping,2,2025,869.1
2300,20,Transportation,2,2025,377.24
2301,20,Education,3,2025,839.06
2302,20,Entertainment,3,2025,1252.06
2303,20,Food & Dining,3,2025,4713.26
2304,20,Friends & Family,3,2025,259.72
2305,20,Grocery,3,2025,1487.94
2306,20,Healthcare,3,2025,447.59
2307,20,Miscellaneous,3,2025,180.19
2308,20,Recharge & Utilities,3,2025,199.2
2309,20,Shopping,3,2025,971.94
2310,20,Transportation,3,2025,391.52
2311,20,Education,4,2025,864.38
2312,20,Entertainment,4,2025,1541.24
2313,20,Food & Dining,4,2025,4411.68
2314,20,Friends & Family,4,2025,279.51
2315,20,Grocery,4,2025,1476.26
2316,20,Healthcare,4,2025,430.89
2317,20,Miscellaneous,4,2025,188.92
2318,20,Recharge & Utilities,4,2025,203.45
2319,20,Shopping,4,2025,958.03
2320,20,Transportation,4,2025,379.28
2321,20,Education,5,2025,829.6
2322,20,Entertainment,5,2025,1355.8
2323,20,Food & Dining,5,2025,4216.22
2324,20,Friends & Family,5,2025,255.48
2325,20,Grocery,5,2025,1622.79
2326,20,Healthcare,5,2025,426.96
2327,20,Miscellaneous,5,2025,187.01
2328,20,Recharge & Utilities,5,2025,194.76
2329,20,Shopping,5,2025,964.87
2330,20,Transportation,5,2025,385.45
2331,20,Education,6,2025,919.97
2332,20,Entertainment,6,2025,1446.98
2333,20,Food & Dining,6,2025,4066.26
2334,20,Friends & Family,6,2025,274.64
2335,20,Grocery,6,2025,1676.96
2336,20,Healthcare,6,2025,479.37
2337,20,Miscellaneous,6,2025,208.92
2338,20,Recharge & Utilities,6,2025,175.74
2339,20,Shopping,6,2025,981.91
2340,20,Transportation,6,2025,490.73
2341,20,Education,7,2025,1135.94
2342,20,Entertainment,7,2025,1307.82
2343,20,Food & Dining,7,2025,4144.33
2344,20,Friends & Family,7,2025,255.66
2345,20,Grocery,7,2025,1473.92
2346,20,Healthcare,7,2025,489.72
2347,20,Miscellaneous,7,2025,171.88
2348,20,Recharge & Utilities,7,2025,189.16
2349,20,Shopping,7,2025,989.98
2350,20,Transportation,7,2025,368.67
2351,20,Education,8,2025,951.46
2352,20,Entertainment,8,2025,1212.0
2353,20,Food & Dining,8,2025,4502.44
2354,20,Friends & Family,8,2025,277.23
2355,20,Grocery,8,2025,1429.29
2356,20,Healthcare,8,2025,452.33
2357,20,Miscellaneous,8,2025,162.82
2358,20,Recharge & Utilities,8,2025,159.5
2359,20,Shopping,8,2025,861.55
2360,20,Transportation,8,2025,356.52
2361,20,Education,9,2025,978.63
2362,20,Entertainment,9,2025,1305.77
2363,20,Food & Dining,9,2025,4608.97
2364,20,Friends & Family,9,2025,295.86
2365,20,Grocery,9,2025,1441.18
2366,20,Healthcare,9,2025,434.11
2367,20,Miscellaneous,9,2025,168.43
2368,20,Recharge & Utilities,9,2025,192.12
2369,20,Shopping,9,2025,935.42
2370,20,Transportation,9,2025,343.55
2371,20,Education,10,2025,971.62
2372,20,Entertainment,10,2025,1359.09
2373,20,Food & Dining,10,2025,4581.14
2374,20,Friends & Family,10,2025,293.83
2375,20,Grocery,10,2025,1555.23
2376,20,Healthcare,10,2025,417.58
2377,20,Miscellaneous,10,2025,175.76
2378,20,Recharge & Utilities,10,2025,170.93
2379,20,Shopping,10,2025,1158.8
2380,20,Transportation,10,2025,322.25
2381,20,Education,11,2025,910.24
2382,20,Entertainment,11,2025,1588.56
2383,20,Food & Dining,11,2025,5249.81
2384,20,Friends & Family,11,2025,282.12
2385,20,Grocery,11,2025,1680.81
2386,20,Healthcare,11,2025,427.45
2387,20,Miscellaneous,11,2025,203.6
2388,20,Recharge & Utilities,11,2025,172.7
2389,20,Shopping,11,2025,1052.71
2390,20,Transportation,11,2025,364.65
2391,20,Education,12,2025,1088.11
2392,20,Entertainment,12,2025,1517.05
2393,20,Food & Dining,12,2025,5081.44
2394,20,Friends & Family,12,2025,272.93
2395,20,Grocery,12,2025,1509.62
2396,20,Healthcare,12,2025,500.01
2397,20,Miscellaneous,12,2025,183.71
2398,20,Recharge & Utilities,12,2025,180.96
2399,20,Shopping,12,2025,1052.57
2400,20,Transportation,12,2025,422.96
2401,21,Education,1,2025,514.23
2402,21,Entertainment,1,2025,279.58
2403,21,Food & Dining,1,2025,577.28
2404,21,Friends & Family,1,2025,100.0
2405,21,Grocery,1,2025,495.63
2406,21,Healthcare,1,2025,170.59
2407,21,Miscellaneous,1,2025,100.0
2408,21,Recharge & Utilities,1,2025,100.0
2409,21,Shopping,1,2025,304.05
2410,21,Transportation,1,2025,751.12
2411,21,Education,2,2025,458.26
2412,21,Entertainment,2,2025,259.8
2413,21,Food & Dining,2,2025,502.87
2414,21,Friends & Family,2,2025,100.0
2415,21,Grocery,2,2025,406.5
2416,21,Healthcare,2,2025,133.46
2417,21,Miscellaneous,2,2025,100.0
2418,21,Recharge & Utilities,2,2025,100.0
2419,21,Shopping,2,2025,296.3
2420,21,Transportation,2,2025,790.34
2421,21,Education,3,2025,376.84
2422,21,Entertainment,3,2025,252.01
2423,21,Food & Dining,3,2025,508.69
2424,21,Friends & Family,3,2025,100.0
2425,21,Grocery,3,2025,431.94
2426,21,Healthcare,3,2025,131.67
2427,21,Miscellaneous,3,2025,100.0
2428,21,Recharge & Utilities,3,2025,100.0
2429,21,Shopping,3,2025,250.85
2430,21,Transportation,3,2025,684.52
2431,21,Education,4,2025,377.92
2432,21,Entertainment,4,2025,268.56
2433,21,Food & Dining,4,2025,521.64
2434,21,Friends & Family,4,2025,100.0
2435,21,Grocery,4,2025,403.44
2436,21,Healthcare,4,2025,127.48
2437,21,Miscellaneous,4,2025,100.0
2438,21,Recharge & Utilities,4,2025,100.0
2439,21,Shopping,4,2025,282.77
2440,21,Transportation,4,2025,732.42
2441,21,Education,5,2025,414.62
2442,21,Entertainment,5,2025,270.31
2443,21,Food & Dining,5,2025,553.39
2444,21,Friends & Family,5,2025,100.0
2445,21,Grocery,5,2025,420.75
2446,21,Healthcare,5,2025,147.57
2447,21,Miscellaneous,5,2025,100.0
2448,21,Recharge & Utilities,5,2025,100.0
2449,21,Shopping,5,2025,287.39
2450,21,Transportation,5,2025,866.02
2451,21,Education,6,2025,399.16
2452,21,Entertainment,6,2025,298.19
2453,21,Food & Dining,6,2025,566.03
2454,21,Friends & Family,6,2025,100.0
2455,21,Grocery,6,2025,474.53
2456,21,Healthcare,6,2025,157.96
2457,21,Miscellaneous,6,2025,100.0
2458,21,Recharge & Utilities,6,2025,100.0
2459,21,Shopping,6,2025,268.08
2460,21,Transportation,6,2025,971.15
2461,21,Education,7,2025,529.35
2462,21,Entertainment,7,2025,280.61
2463,21,Food & Dining,7,2025,562.7
2464,21,Friends & Family,7,2025,100.0
2465,21,Grocery,7,2025,426.62
2466,21,Healthcare,7,2025,159.12
2467,21,Miscellaneous,7,2025,100.0
2468,21,Recharge & Utilities,7,2025,100.0
2469,21,Shopping,7,2025,315.83
2470,21,Transportation,7,2025,764.7
2471,21,Education,8,2025,446.98
2472,21,Entertainment,8,2025,286.41
2473,21,Food & Dining,8,2025,518.84
2474,21,Friends & Family,8,2025,100.0
2475,21,Grocery,8,2025,378.13
2476,21,Healthcare,8,2025,137.06
2477,21,Miscellaneous,8,2025,100.0
2478,21,Recharge & Utilities,8,2025,100.0
2479,21,Shopping,8,2025,282.12
2480,21,Transportation,8,2025,621.54
2481,21,Education,9,2025,423.86
2482,21,Entertainment,9,2025,301.53
2483,21,Food & Dining,9,2025,576.96
2484,21,Friends & Family,9,2025,100.0
2485,21,Grocery,9,2025,465.77
2486,21,Healthcare,9,2025,162.02
2487,21,Miscellaneous,9,2025,100.0
2488,21,Recharge & Utilities,9,2025,100.0
2489,21,Shopping,9,2025,309.61
2490,21,Transportation,9,2025,799.44
2491,21,Education,10,2025,436.04
2492,21,Entertainment,10,2025,274.78
2493,21,Food & Dining,10,2025,597.15
2494,21,Friends & Family,10,2025,100.0
2495,21,Grocery,10,2025,450.84
2496,21,Healthcare,10,2025,130.26
2497,21,Miscellaneous,10,2025,100.0
2498,21,Recharge & Utilities,10,2025,100.0
2499,21,Shopping,10,2025,339.58
2500,21,Transportation,10,2025,672.91
2501,21,Education,11,2025,476.4
2502,21,Entertainment,11,2025,296.07
2503,21,Food & Dining,11,2025,577.93
2504,21,Friends & Family,11,2025,100.0
2505,21,Grocery,11,2025,433.02
2506,21,Healthcare,11,2025,139.99
2507,21,Miscellaneous,11,2025,100.0
2508,21,Recharge & Utilities,11,2025,100.0
2509,21,Shopping,11,2025,390.42
2510,21,Transportation,11,2025,797.04
2511,21,Education,12,2025,439.54
2512,21,Entertainment,12,2025,301.86
2513,21,Food & Dining,12,2025,589.69
2514,21,Friends & Family,12,2025,100.0
2515,21,Grocery,12,2025,451.87
2516,21,Healthcare,12,2025,152.4
2517,21,Miscellaneous,12,2025,100.0
2518,21,Recharge & Utilities,12,2025,100.0
2519,21,Shopping,12,2025,320.54
2520,21,Transportation,12,2025,933.83
2521,22,Education,1,2025,663.42
2522,22,Entertainment,1,2025,404.1
2523,22,Food & Dining,1,2025,754.76
2524,22,Friends & Family,1,2025,106.84
2525,22,Grocery,1,2025,617.02
2526,22,Healthcare,1,2025,187.0
2527,22,Miscellaneous,1,2025,100.0
2528,22,Recharge & Utilities,1,2025,100.0
2529,22,Shopping,1,2025,376.23
2530,22,Transportation,1,2025,1076.3
2531,22,Education,2,2025,640.15
2532,22,Entertainment,2,2025,382.64
2533,22,Food & Dining,2,2025,727.44
2534,22,Friends & Family,2,2025,109.83
2535,22,Grocery,2,2025,607.02
2536,22,Healthcare,2,2025,205.56
2537,22,Miscellaneous,2,2025,100.0
2538,22,Recharge & Utilities,2,2025,100.0
2539,22,Shopping,2,2025,409.97
2540,22,Transportation,2,2025,1098.57
2541,22,Education,3,2025,603.71
2542,22,Entertainment,3,2025,378.91
2543,22,Food & Dining,3,2025,747.84
2544,22,Friends & Family,3,2025,128.82
2545,22,Grocery,3,2025,528.12
2546,22,Healthcare,3,2025,180.45
2547,22,Miscellaneous,3,2025,100.0
2548,22,Recharge & Utilities,3,2025,100.0
2549,22,Shopping,3,2025,373.18
2550,22,Transportation,3,2025,948.04
2551,22,Education,4,2025,624.71
2552,22,Entertainment,4,2025,401.2
2553,22,Food & Dining,4,2025,715.83
2554,22,Friends & Family,4,2025,104.51
2555,22,Grocery,4,2025,572.86
2556,22,Healthcare,4,2025,194.14
2557,22,Miscellaneous,4,2025,100.0
2558,22,Recharge & Utilities,4,2025,100.0
2559,22,Shopping,4,2025,395.07
2560,22,Transportation,4,2025,910.23
2561,22,Education,5,2025,611.7
2562,22,Entertainment,5,2025,400.83
2563,22,Food & Dining,5,2025,673.01
2564,22,Friends & Family,5,2025,116.27
2565,22,Grocery,5,2025,627.48
2566,22,Healthcare,5,2025,200.28
2567,22,Miscellaneous,5,2025,100.0
2568,22,Recharge & Utilities,5,2025,100.0
2569,22,Shopping,5,2025,367.13
2570,22,Transportation,5,2025,1196.36
2571,22,Education,6,2025,532.81
2572,22,Entertainment,6,2025,362.52
2573,22,Food & Dining,6,2025,770.44
2574,22,Friends & Family,6,2025,121.64
2575,22,Grocery,6,2025,578.38
2576,22,Healthcare,6,2025,216.55
2577,22,Miscellaneous,6,2025,100.0
2578,22,Recharge & Utilities,6,2025,100.0
2579,22,Shopping,6,2025,420.17
2580,22,Transportation,6,2025,1099.66
2581,22,Education,7,2025,614.89
2582,22,Entertainment,7,2025,364.84
2583,22,Food & Dining,7,2025,642.31
2584,22,Friends & Family,7,2025,106.06
2585,22,Grocery,7,2025,537.04
2586,22,Healthcare,7,2025,171.51
2587,22,Miscellaneous,7,2025,100.0
2588,22,Recharge & Utilities,7,2025,100.0
2589,22,Shopping,7,2025,391.19
2590,22,Transportation,7,2025,995.68
2591,22,Education,8,2025,611.06
2592,22,Entertainment,8,2025,361.25
2593,22,Food & Dining,8,2025,633.58
2594,22,Friends & Family,8,2025,100.0
2595,22,Grocery,8,2025,575.44
2596,22,Healthcare,8,2025,172.12
2597,22,Miscellaneous,8,2025,100.0
2598,22,Recharge & Utilities,8,2025,100.0
2599,22,Shopping,8,2025,367.06
2600,22,Transportation,8,2025,827.53
2601,22,Education,9,2025,591.13
2602,22,Entertainment,9,2025,354.54
2603,22,Food & Dining,9,2025,668.12
2604,22,Friends & Family,9,2025,113.78
2605,22,Grocery,9,2025,506.18
2606,22,Healthcare,9,2025,189.55
2607,22,Miscellaneous,9,2025,100.0
2608,22,Recharge & Utilities,9,2025,100.0
2609,22,Shopping,9,2025,332.78
2610,22,Transportation,9,2025,843.28
2611,22,Education,10,2025,577.56
2612,22,Entertainment,10,2025,454.93
2613,22,Food & Dining,10,2025,914.74
2614,22,Friends & Family,10,2025,118.78
2615,22,Grocery,10,2025,686.17
2616,22,Healthcare,10,2025,202.74
2617,22,Miscellaneous,10,2025,100.0
2618,22,Recharge & Utilities,10,2025,100.0
2619,22,Shopping,10,2025,558.03
2620,22,Transportation,10,2025,1045.62
2621,22,Education,11,2025,495.45
2622,22,Entertainment,11,2025,408.93
2623,22,Food & Dining,11,2025,795.44
2624,22,Friends & Family,11,2025,102.32
2625,22,Grocery,11,2025,517.0
2626,22,Healthcare,11,2025,173.54
2627,22,Miscellaneous,11,2025,100.0
2628,22,Recharge & Utilities,11,2025,100.0
2629,22,Shopping,11,2025,408.62
2630,22,Transportation,11,2025,1015.43
2631,22,Education,12,2025,547.52
2632,22,Entertainment,12,2025,347.32
2633,22,Food & Dining,12,2025,723.28
2634,22,Friends & Family,12,2025,106.74
2635,22,Grocery,12,2025,575.78
2636,22,Healthcare,12,2025,204.87
2637,22,Miscellaneous,12,2025,100.0
2638,22,Recharge & Utilities,12,2025,100.0
2639,22,Shopping,12,2025,352.26
2640,22,Transportation,12,2025,1055.88
2641,23,Education,1,2025,465.53
2642,23,Entertainment,1,2025,231.45
2643,23,Food & Dining,1,2025,412.5
2644,23,Friends & Family,1,2025,100.0
2645,23,Grocery,1,2025,385.3
2646,23,Healthcare,1,2025,108.93
2647,23,Miscellaneous,1,2025,100.0
2648,23,Recharge & Utilities,1,2025,100.0
2649,23,Shopping,1,2025,253.77
2650,23,Transportation,1,2025,637.2
2651,23,Education,2,2025,341.98
2652,23,Entertainment,2,2025,239.69
2653,23,Food & Dining,2,2025,418.22
2654,23,Friends & Family,2,2025,100.0
2655,23,Grocery,2,2025,365.58
2656,23,Healthcare,2,2025,133.39
2657,23,Miscellaneous,2,2025,100.0
2658,23,Recharge & Utilities,2,2025,100.0
2659,23,Shopping,2,2025,239.44
2660,23,Transportation,2,2025,677.36
2661,23,Education,3,2025,343.49
2662,23,Entertainment,3,2025,208.08
2663,23,Food & Dining,3,2025,440.59
2664,23,Friends & Family,3,2025,100.0
2665,23,Grocery,3,2025,378.7
2666,23,Healthcare,3,2025,106.97
2667,23,Miscellaneous,3,2025,100.0
2668,23,Recharge & Utilities,3,2025,100.0
2669,23,Shopping,3,2025,223.72
2670,23,Transportation,3,2025,539.65
2671,23,Education,4,2025,386.84
2672,23,Entertainment,4,2025,251.58
2673,23,Food & Dining,4,2025,446.76
2674,23,Friends & Family,4,2025,100.0
2675,23,Grocery,4,2025,396.78
2676,23,Healthcare,4,2025,128.17
2677,23,Miscellaneous,4,2025,100.0
2678,23,Recharge & Utilities,4,2025,100.0
2679,23,Shopping,4,2025,260.72
2680,23,Transportation,4,2025,711.08
2681,23,Education,5,2025,323.89
2682,23,Entertainment,5,2025,256.99
2683,23,Food & Dining,5,2025,423.77
2684,23,Friends & Family,5,2025,100.0
2685,23,Grocery,5,2025,381.69
2686,23,Healthcare,5,2025,120.71
2687,23,Miscellaneous,5,2025,100.0
2688,23,Recharge & Utilities,5,2025,100.0
2689,23,Shopping,5,2025,241.59
2690,23,Transportation,5,2025,733.47
2691,23,Education,6,2025,354.26
2692,23,Entertainment,6,2025,217.49
2693,23,Food & Dining,6,2025,441.11
2694,23,Friends & Family,6,2025,100.0
2695,23,Grocery,6,2025,372.25
2696,23,Healthcare,6,2025,114.0
2697,23,Miscellaneous,6,2025,100.0
2698,23,Recharge & Utilities,6,2025,100.0
2699,23,Shopping,6,2025,231.27
2700,23,Transportation,6,2025,769.33
2701,23,Education,7,2025,443.07
2702,23,Entertainment,7,2025,260.75
2703,23,Food & Dining,7,2025,469.34
2704,23,Friends & Family,7,2025,100.0
2705,23,Grocery,7,2025,415.87
2706,23,Healthcare,7,2025,133.77
2707,23,Miscellaneous,7,2025,100.0
2708,23,Recharge & Utilities,7,2025,100.0
2709,23,Shopping,7,2025,236.59
2710,23,Transportation,7,2025,603.83
2711,23,Education,8,2025,364.77
2712,23,Entertainment,8,2025,210.4
2713,23,Food & Dining,8,2025,406.27
2714,23,Friends & Family,8,2025,100.0
2715,23,Grocery,8,2025,339.16
2716,23,Healthcare,8,2025,100.92
2717,23,Miscellaneous,8,2025,100.0
2718,23,Recharge & Utilities,8,2025,100.0
2719,23,Shopping,8,2025,239.11
2720,23,Transportation,8,2025,534.9
2721,23,Education,9,2025,339.73
2722,23,Entertainment,9,2025,215.21
2723,23,Food & Dining,9,2025,413.59
2724,23,Friends & Family,9,2025,100.0
2725,23,Grocery,9,2025,374.68
2726,23,Healthcare,9,2025,122.89
2727,23,Miscellaneous,9,2025,100.0
2728,23,Recharge & Utilities,9,2025,100.0
2729,23,Shopping,9,2025,250.76
2730,23,Transportation,9,2025,624.42
2731,23,Education,10,2025,334.51
2732,23,Entertainment,10,2025,239.33
2733,23,Food & Dining,10,2025,469.78
2734,23,Friends & Family,10,2025,100.0
2735,23,Grocery,10,2025,380.5
2736,23,Healthcare,10,2025,132.7
2737,23,Miscellaneous,10,2025,100.0
2738,23,Recharge & Utilities,10,2025,100.0
2739,23,Shopping,10,2025,288.36
2740,23,Transportation,10,2025,561.17
2741,23,Education,11,2025,353.22
2742,23,Entertainment,11,2025,240.64
2743,23,Food & Dining,11,2025,520.89
2744,23,Friends & Family,11,2025,100.0
2745,23,Grocery,11,2025,362.37
2746,23,Healthcare,11,2025,118.9
2747,23,Miscellaneous,11,2025,100.0
2748,23,Recharge & Utilities,11,2025,100.0
2749,23,Shopping,11,2025,285.26
2750,23,Transportation,11,2025,639.01
2751,23,Education,12,2025,336.25
2752,23,Entertainment,12,2025,227.61
2753,23,Food & Dining,12,2025,373.71
2754,23,Friends & Family,12,2025,100.0
2755,23,Grocery,12,2025,331.1
2756,23,Healthcare,12,2025,103.0
2757,23,Miscellaneous,12,2025,100.0
2758,23,Recharge & Utilities,12,2025,100.0
2759,23,Shopping,12,2025,213.45
2760,23,Transportation,12,2025,636.8
2761,24,Education,1,2025,644.42
2762,24,Entertainment,1,2025,362.54
2763,24,Food & Dining,1,2025,579.04
2764,24,Friends & Family,1,2025,100.0
2765,24,Grocery,1,2025,508.38
2766,24,Healthcare,1,2025,176.22
2767,24,Miscellaneous,1,2025,100.0
2768,24,Recharge & Utilities,1,2025,100.0
2769,24,Shopping,1,2025,350.43
2770,24,Transportation,1,2025,894.86
2771,24,Education,2,2025,427.4
2772,24,Entertainment,2,2025,329.85
2773,24,Food & Dining,2,2025,624.88
2774,24,Friends & Family,2,2025,100.0
2775,24,Grocery,2,2025,436.48
2776,24,Healthcare,2,2025,170.39
2777,24,Miscellaneous,2,2025,100.0
2778,24,Recharge & Utilities,2,2025,100.0
2779,24,Shopping,2,2025,317.59
2780,24,Transportation,2,2025,843.28
2781,24,Education,3,2025,459.41
2782,24,Entertainment,3,2025,330.78
2783,24,Food & Dining,3,2025,556.8
2784,24,Friends & Family,3,2025,103.81
2785,24,Grocery,3,2025,460.51
2786,24,Healthcare,3,2025,151.53
2787,24,Miscellaneous,3,2025,100.0
2788,24,Recharge & Utilities,3,2025,100.0
2789,24,Shopping,3,2025,322.6
2790,24,Transportation,3,2025,878.99
2791,24,Education,4,2025,460.32
2792,24,Entertainment,4,2025,306.0
2793,24,Food & Dining,4,2025,614.49
2794,24,Friends & Family,4,2025,103.39
2795,24,Grocery,4,2025,454.05
2796,24,Healthcare,4,2025,150.24
2797,24,Miscellaneous,4,2025,100.0
2798,24,Recharge & Utilities,4,2025,100.0
2799,24,Shopping,4,2025,317.02
2800,24,Transportation,4,2025,881.77
2801,24,Education,5,2025,481.03
2802,24,Entertainment,5,2025,360.69
2803,24,Food & Dining,5,2025,651.13
2804,24,Friends & Family,5,2025,109.78
2805,24,Grocery,5,2025,581.1
2806,24,Healthcare,5,2025,177.99
2807,24,Miscellaneous,5,2025,100.0
2808,24,Recharge & Utilities,5,2025,100.0
2809,24,Shopping,5,2025,330.82
2810,24,Transportation,5,2025,1140.02
2811,24,Education,6,2025,514.28
2812,24,Entertainment,6,2025,364.32
2813,24,Food & Dining,6,2025,586.61
2814,24,Friends & Family,6,2025,105.59
2815,24,Grocery,6,2025,553.04
2816,24,Healthcare,6,2025,187.06
2817,24,Miscellaneous,6,2025,100.0
2818,24,Recharge & Utilities,6,2025,100.0
2819,24,Shopping,6,2025,316.18
2820,24,Transportation,6,2025,960.65
2821,24,Education,7,2025,638.37
2822,24,Entertainment,7,2025,322.06
2823,24,Food & Dining,7,2025,616.9
2824,24,Friends & Family,7,2025,108.51
2825,24,Grocery,7,2025,574.15
2826,24,Healthcare,7,2025,162.58
2827,24,Miscellaneous,7,2025,100.0
2828,24,Recharge & Utilities,7,2025,100.0
2829,24,Shopping,7,2025,365.97
2830,24,Transportation,7,2025,854.79
2831,24,Education,8,2025,687.4
2832,24,Entertainment,8,2025,329.8
2833,24,Food & Dining,8,2025,701.18
2834,24,Friends & Family,8,2025,100.0
2835,24,Grocery,8,2025,545.01
2836,24,Healthcare,8,2025,184.66
2837,24,Miscellaneous,8,2025,100.0
2838,24,Recharge & Utilities,8,2025,100.0
2839,24,Shopping,8,2025,351.58
2840,24,Transportation,8,2025,805.11
2841,24,Education,9,2025,575.44
2842,24,Entertainment,9,2025,341.4
2843,24,Food & Dining,9,2025,631.28
2844,24,Friends & Family,9,2025,102.61
2845,24,Grocery,9,2025,514.44
2846,24,Healthcare,9,2025,172.21
2847,24,Miscellaneous,9,2025,100.0
2848,24,Recharge & Utilities,9,2025,100.0
2849,24,Shopping,9,2025,314.89
2850,24,Transportation,9,2025,888.59
2851,24,Education,10,2025,525.32
2852,24,Entertainment,10,2025,410.47
2853,24,Food & Dining,10,2025,685.88
2854,24,Friends & Family,10,2025,100.0
2855,24,Grocery,10,2025,527.35
2856,24,Healthcare,10,2025,192.26
2857,24,Miscellaneous,10,2025,100.0
2858,24,Recharge & Utilities,10,2025,100.0
2859,24,Shopping,10,2025,435.58
2860,24,Transportation,10,2025,1025.28
2861,24,Education,11,2025,519.18
2862,24,Entertainment,11,2025,395.07
2863,24,Food & Dining,11,2025,700.4
2864,24,Friends & Family,11,2025,104.54
2865,24,Grocery,11,2025,442.79
2866,24,Healthcare,11,2025,165.42
2867,24,Miscellaneous,11,2025,100.0
2868,24,Recharge & Utilities,11,2025,100.0
2869,24,Shopping,11,2025,369.1
2870,24,Transportation,11,2025,798.73
2871,24,Education,12,2025,503.34
2872,24,Entertainment,12,2025,323.38
2873,24,Food & Dining,12,2025,544.04
2874,24,Friends & Family,12,2025,100.0
2875,24,Grocery,12,2025,425.35
2876,24,Healthcare,12,2025,169.76
2877,24,Miscellaneous,12,2025,100.0
2878,24,Recharge & Utilities,12,2025,100.0
2879,24,Shopping,12,2025,307.09
2880,24,Transportation,12,2025,1037.69
2881,25,Education,1,2025,539.86
2882,25,Entertainment,1,2025,245.85
2883,25,Food & Dining,1,2025,447.85
2884,25,Friends & Family,1,2025,100.0
2885,25,Grocery,1,2025,433.68
2886,25,Healthcare,1,2025,141.49
2887,25,Miscellaneous,1,2025,100.0
2888,25,Recharge & Utilities,1,2025,100.0
2889,25,Shopping,1,2025,296.14
2890,25,Transportation,1,2025,724.31
2891,25,Education,2,2025,397.34
2892,25,Entertainment,2,2025,225.33
2893,25,Food & Dining,2,2025,497.08
2894,25,Friends & Family,2,2025,100.0
2895,25,Grocery,2,2025,382.93
2896,25,Healthcare,2,2025,133.48
2897,25,Miscellaneous,2,2025,100.0
2898,25,Recharge & Utilities,2,2025,100.0
2899,25,Shopping,2,2025,244.54
2900,25,Transportation,2,2025,653.73
2901,25,Education,3,2025,352.31
2902,25,Entertainment,3,2025,260.64
2903,25,Food & Dining,3,2025,515.36
2904,25,Friends & Family,3,2025,100.0
2905,25,Grocery,3,2025,373.93
2906,25,Healthcare,3,2025,119.91
2907,25,Miscellaneous,3,2025,100.0
2908,25,Recharge & Utilities,3,2025,100.0
2909,25,Shopping,3,2025,260.21
2910,25,Transportation,3,2025,645.41
2911,25,Education,4,2025,453.04
2912,25,Entertainment,4,2025,294.11
2913,25,Food & Dining,4,2025,546.22
2914,25,Friends & Family,4,2025,100.0
2915,25,Grocery,4,2025,415.49
2916,25,Healthcare,4,2025,140.44
2917,25,Miscellaneous,4,2025,100.0
2918,25,Recharge & Utilities,4,2025,100.0
2919,25,Shopping,4,2025,284.56
2920,25,Transportation,4,2025,648.85
2921,25,Education,5,2025,415.99
2922,25,Entertainment,5,2025,250.9
2923,25,Food & Dining,5,2025,459.48
2924,25,Friends & Family,5,2025,100.0
2925,25,Grocery,5,2025,382.05
2926,25,Healthcare,5,2025,136.76
2927,25,Miscellaneous,5,2025,100.0
2928,25,Recharge & Utilities,5,2025,100.0
2929,25,Shopping,5,2025,243.95
2930,25,Transportation,5,2025,839.48
2931,25,Education,6,2025,402.69
2932,25,Entertainment,6,2025,253.21
2933,25,Food & Dining,6,2025,440.89
2934,25,Friends & Family,6,2025,100.0
2935,25,Grocery,6,2025,413.24
2936,25,Healthcare,6,2025,142.09
2937,25,Miscellaneous,6,2025,100.0
2938,25,Recharge & Utilities,6,2025,100.0
2939,25,Shopping,6,2025,233.92
2940,25,Transportation,6,2025,732.21
2941,25,Education,7,2025,483.35
2942,25,Entertainment,7,2025,252.66
2943,25,Food & Dining,7,2025,494.46
2944,25,Friends & Family,7,2025,100.0
2945,25,Grocery,7,2025,401.07
2946,25,Healthcare,7,2025,134.24
2947,25,Miscellaneous,7,2025,100.0
2948,25,Recharge & Utilities,7,2025,100.0
2949,25,Shopping,7,2025,254.15
2950,25,Transportation,7,2025,731.81
2951,25,Education,8,2025,443.04
2952,25,Entertainment,8,2025,228.13
2953,25,Food & Dining,8,2025,428.99
2954,25,Friends & Family,8,2025,100.0
2955,25,Grocery,8,2025,373.64
2956,25,Healthcare,8,2025,121.18
2957,25,Miscellaneous,8,2025,100.0
2958,25,Recharge & Utilities,8,2025,100.0
2959,25,Shopping,8,2025,255.06
2960,25,Transportation,8,2025,648.97
2961,25,Education,9,2025,409.35
2962,25,Entertainment,9,2025,256.82
2963,25,Food & Dining,9,2025,494.41
2964,25,Friends & Family,9,2025,100.0
2965,25,Grocery,9,2025,380.61
2966,25,Healthcare,9,2025,119.53
2967,25,Miscellaneous,9,2025,100.0
2968,25,Recharge & Utilities,9,2025,100.0
2969,25,Shopping,9,2025,249.67
2970,25,Transportation,9,2025,614.0
2971,25,Education,10,2025,390.39
2972,25,Entertainment,10,2025,311.7
2973,25,Food & Dining,10,2025,522.68
2974,25,Friends & Family,10,2025,100.0
2975,25,Grocery,10,2025,369.17
2976,25,Healthcare,10,2025,124.7
2977,25,Miscellaneous,10,2025,100.0
2978,25,Recharge & Utilities,10,2025,100.0
2979,25,Shopping,10,2025,359.91
2980,25,Transportation,10,2025,723.26
2981,25,Education,11,2025,428.23
2982,25,Entertainment,11,2025,272.53
2983,25,Food & Dining,11,2025,515.15
2984,25,Friends & Family,11,2025,100.0
2985,25,Grocery,11,2025,396.57
2986,25,Healthcare,11,2025,147.04
2987,25,Miscellaneous,11,2025,100.0
2988,25,Recharge & Utilities,11,2025,100.0
2989,25,Shopping,11,2025,326.89
2990,25,Transportation,11,2025,671.57
2991,25,Education,12,2025,447.54
2992,25,Entertainment,12,2025,282.48
2993,25,Food & Dining,12,2025,541.21
2994,25,Friends & Family,12,2025,100.0
2995,25,Grocery,12,2025,442.52
2996,25,Healthcare,12,2025,125.53
2997,25,Miscellaneous,12,2025,100.0
2998,25,Recharge & Utilities,12,2025,100.0
2999,25,Shopping,12,2025,273.55
3000,25,Transportation,12,2025,836.25
3001,26,Education,1,2025,531.27
3002,26,Entertainment,1,2025,297.24
3003,26,Food & Dining,1,2025,559.75
3004,26,Friends & Family,1,2025,100.0
3005,26,Grocery,1,2025,433.78
3006,26,Healthcare,1,2025,141.84
3007,26,Miscellaneous,1,2025,100.0
3008,26,Recharge & Utilities,1,2025,100.0
3009,26,Shopping,1,2025,246.66
3010,26,Transportation,1,2025,690.3
3011,26,Education,2,2025,425.02
3012,26,Entertainment,2,2025,246.03
3013,26,Food & Dining,2,2025,499.62
3014,26,Friends & Family,2,2025,100.0
3015,26,Grocery,2,2025,362.95
3016,26,Healthcare,2,2025,140.5
3017,26,Miscellaneous,2,2025,100.0
3018,26,Recharge & Utilities,2,2025,100.0
3019,26,Shopping,2,2025,276.69
3020,26,Transportation,2,2025,642.29
3021,26,Education,3,2025,372.83
3022,26,Entertainment,3,2025,252.57
3023,26,Food & Dining,3,2025,439.48
3024,26,Friends & Family,3,2025,100.0
3025,26,Grocery,3,2025,392.08
3026,26,Healthcare,3,2025,140.73
3027,26,Miscellaneous,3,2025,100.0
3028,26,Recharge & Utilities,3,2025,100.0
3029,26,Shopping,3,2025,243.82
3030,26,Transportation,3,2025,652.09
3031,26,Education,4,2025,389.2
3032,26,Entertainment,4,2025,271.41
3033,26,Food & Dining,4,2025,436.72
3034,26,Friends & Family,4,2025,100.0
3035,26,Grocery,4,2025,351.71
3036,26,Healthcare,4,2025,138.36
3037,26,Miscellaneous,4,2025,100.0
3038,26,Recharge & Utilities,4,2025,100.0
3039,26,Shopping,4,2025,271.63
3040,26,Transportation,4,2025,698.53
3041,26,Education,5,2025,355.12
3042,26,Entertainment,5,2025,250.82
3043,26,Food & Dining,5,2025,454.53
3044,26,Friends & Family,5,2025,100.0
3045,26,Grocery,5,2025,391.15
3046,26,Healthcare,5,2025,123.71
3047,26,Miscellaneous,5,2025,100.0
3048,26,Recharge & Utilities,5,2025,100.0
3049,26,Shopping,5,2025,227.72
3050,26,Transportation,5,2025,733.87
3051,26,Education,6,2025,403.38
3052,26,Entertainment,6,2025,262.55
3053,26,Food & Dining,6,2025,478.75
3054,26,Friends & Family,6,2025,100.0
3055,26,Grocery,6,2025,330.76
3056,26,Healthcare,6,2025,119.9
3057,26,Miscellaneous,6,2025,100.0
3058,26,Recharge & Utilities,6,2025,100.0
3059,26,Shopping,6,2025,231.07
3060,26,Transportation,6,2025,805.96
3061,26,Education,7,2025,450.4
3062,26,Entertainment,7,2025,257.81
3063,26,Food & Dining,7,2025,462.81
3064,26,Friends & Family,7,2025,100.0
3065,26,Grocery,7,2025,403.33
3066,26,Healthcare,7,2025,138.86
3067,26,Miscellaneous,7,2025,100.0
3068,26,Recharge & Utilities,7,2025,100.0
3069,26,Shopping,7,2025,245.81
3070,26,Transportation,7,2025,640.0
3071,26,Education,8,2025,395.63
3072,26,Entertainment,8,2025,264.97
3073,26,Food & Dining,8,2025,460.45
3074,26,Friends & Family,8,2025,100.0
3075,26,Grocery,8,2025,342.86
3076,26,Healthcare,8,2025,125.24
3077,26,Miscellaneous,8,2025,100.0
3078,26,Recharge & Utilities,8,2025,100.0
3079,26,Shopping,8,2025,230.78
3080,26,Transportation,8,2025,570.03
3081,26,Education,9,2025,357.3
3082,26,Entertainment,9,2025,265.5
3083,26,Food & Dining,9,2025,392.84
3084,26,Friends & Family,9,2025,100.0
3085,26,Grocery,9,2025,378.6
3086,26,Healthcare,9,2025,125.19
3087,26,Miscellaneous,9,2025,100.0
3088,26,Recharge & Utilities,9,2025,100.0
3089,26,Shopping,9,2025,222.57
3090,26,Transportation,9,2025,659.57
3091,26,Education,10,2025,346.68
3092,26,Entertainment,10,2025,297.33
3093,26,Food & Dining,10,2025,562.02
3094,26,Friends & Family,10,2025,100.0
3095,26,Grocery,10,2025,348.4
3096,26,Healthcare,10,2025,123.98
3097,26,Miscellaneous,10,2025,100.0
3098,26,Recharge & Utilities,10,2025,100.0
3099,26,Shopping,10,2025,310.05
3100,26,Transportation,10,2025,690.62
3101,26,Education,11,2025,382.45
3102,26,Entertainment,11,2025,249.73
3103,26,Food & Dining,11,2025,551.96
3104,26,Friends & Family,11,2025,100.0
3105,26,Grocery,11,2025,412.32
3106,26,Healthcare,11,2025,128.98
3107,26,Miscellaneous,11,2025,100.0
3108,26,Recharge & Utilities,11,2025,100.0
3109,26,Shopping,11,2025,336.61
3110,26,Transportation,11,2025,597.62
3111,26,Education,12,2025,423.73
3112,26,Entertainment,12,2025,285.88
3113,26,Food & Dining,12,2025,533.07
3114,26,Friends & Family,12,2025,100.0
3115,26,Grocery,12,2025,415.02
3116,26,Healthcare,12,2025,132.39
3117,26,Miscellaneous,12,2025,100.0
3118,26,Recharge & Utilities,12,2025,100.0
3119,26,Shopping,12,2025,265.01
3120,26,Transportation,12,2025,749.65
3121,27,Education,1,2025,594.34
3122,27,Entertainment,1,2025,306.01
3123,27,Food & Dining,1,2025,607.45
3124,27,Friends & Family,1,2025,101.98
3125,27,Grocery,1,2025,457.83
3126,27,Healthcare,1,2025,155.29
3127,27,Miscellaneous,1,2025,100.0
3128,27,Recharge & Utilities,1,2025,100.0
3129,27,Shopping,1,2025,290.51
3130,27,Transportation,1,2025,892.33
3131,27,Education,2,2025,440.97
3132,27,Entertainment,2,2025,327.03
3133,27,Food & Dining,2,2025,540.71
3134,27,Friends & Family,2,2025,100.0
3135,27,Grocery,2,2025,459.7
3136,27,Healthcare,2,2025,149.94
3137,27,Miscellaneous,2,2025,100.0
3138,27,Recharge & Utilities,2,2025,100.0
3139,27,Shopping,2,2025,267.22
3140,27,Transportation,2,2025,766.99
3141,27,Education,3,2025,444.41
3142,27,Entertainment,3,2025,322.49
3143,27,Food & Dining,3,2025,557.99
3144,27,Friends & Family,3,2025,102.33
3145,27,Grocery,3,2025,424.1
3146,27,Healthcare,3,2025,151.49
3147,27,Miscellaneous,3,2025,100.0
3148,27,Recharge & Utilities,3,2025,100.0
3149,27,Shopping,3,2025,311.41
3150,27,Transportation,3,2025,864.48
3151,27,Education,4,2025,393.16
3152,27,Entertainment,4,2025,260.58
3153,27,Food & Dining,4,2025,546.17
3154,27,Friends & Family,4,2025,100.0
3155,27,Grocery,4,2025,459.9
3156,27,Healthcare,4,2025,150.88
3157,27,Miscellaneous,4,2025,100.0
3158,27,Recharge & Utilities,4,2025,100.0
3159,27,Shopping,4,2025,302.35
3160,27,Transportation,4,2025,742.74
3161,27,Education,5,2025,455.92
3162,27,Entertainment,5,2025,288.06
3163,27,Food & Dining,5,2025,497.82
3164,27,Friends & Family,5,2025,100.0
3165,27,Grocery,5,2025,429.52
3166,27,Healthcare,5,2025,162.24
3167,27,Miscellaneous,5,2025,100.0
3168,27,Recharge & Utilities,5,2025,100.0
3169,27,Shopping,5,2025,273.43
3170,27,Transportation,5,2025,948.81
3171,27,Education,6,2025,465.59
3172,27,Entertainment,6,2025,303.87
3173,27,Food & Dining,6,2025,597.25
3174,27,Friends & Family,6,2025,100.0
3175,27,Grocery,6,2025,472.35
3176,27,Healthcare,6,2025,146.82
3177,27,Miscellaneous,6,2025,100.0
3178,27,Recharge & Utilities,6,2025,100.0
3179,27,Shopping,6,2025,300.2
3180,27,Transportation,6,2025,965.34
3181,27,Education,7,2025,544.0
3182,27,Entertainment,7,2025,295.61
3183,27,Food & Dining,7,2025,601.05
3184,27,Friends & Family,7,2025,100.0
3185,27,Grocery,7,2025,521.83
3186,27,Healthcare,7,2025,152.05
3187,27,Miscellaneous,7,2025,100.0
3188,27,Recharge & Utilities,7,2025,100.0
3189,27,Shopping,7,2025,294.08
3190,27,Transportation,7,2025,733.6
3191,27,Education,8,2025,494.1
3192,27,Entertainment,8,2025,269.14
3193,27,Food & Dining,8,2025,585.51
3194,27,Friends & Family,8,2025,100.0
3195,27,Grocery,8,2025,407.6
3196,27,Healthcare,8,2025,144.13
3197,27,Miscellaneous,8,2025,100.0
3198,27,Recharge & Utilities,8,2025,100.0
3199,27,Shopping,8,2025,264.3
3200,27,Transportation,8,2025,708.1
3201,27,Education,9,2025,429.06
3202,27,Entertainment,9,2025,326.04
3203,27,Food & Dining,9,2025,582.24
3204,27,Friends & Family,9,2025,100.0
3205,27,Grocery,9,2025,415.92
3206,27,Healthcare,9,2025,155.08
3207,27,Miscellaneous,9,2025,100.0
3208,27,Recharge & Utilities,9,2025,100.0
3209,27,Shopping,9,2025,333.7
3210,27,Transportation,9,2025,800.17
3211,27,Education,10,2025,490.64
3212,27,Entertainment,10,2025,368.93
3213,27,Food & Dining,10,2025,608.6
3214,27,Friends & Family,10,2025,100.0
3215,27,Grocery,10,2025,425.89
3216,27,Healthcare,10,2025,151.54
3217,27,Miscellaneous,10,2025,100.0
3218,27,Recharge & Utilities,10,2025,100.0
3219,27,Shopping,10,2025,389.38
3220,27,Transportation,10,2025,864.71
3221,27,Education,11,2025,426.87
3222,27,Entertainment,11,2025,318.09
3223,27,Food & Dining,11,2025,583.16
3224,27,Friends & Family,11,2025,100.0
3225,27,Grocery,11,2025,488.18
3226,27,Healthcare,11,2025,158.86
3227,27,Miscellaneous,11,2025,100.0
3228,27,Recharge & Utilities,11,2025,100.0
3229,27,Shopping,11,2025,385.54
3230,27,Transportation,11,2025,855.38
3231,27,Education,12,2025,412.73
3232,27,Entertainment,12,2025,267.69
3233,27,Food & Dining,12,2025,464.87
3234,27,Friends & Family,12,2025,100.0
3235,27,Grocery,12,2025,423.76
3236,27,Healthcare,12,2025,145.86
3237,27,Miscellaneous,12,2025,100.0
3238,27,Recharge & Utilities,12,2025,100.0
3239,27,Shopping,12,2025,289.59
3240,27,Transportation,12,2025,851.29
3241,28,Education,1,2025,1003.48
3242,28,Entertainment,1,2025,512.58
3243,28,Food & Dining,1,2025,1031.56
3244,28,Friends & Family,1,2025,148.29
3245,28,Grocery,1,2025,725.38
3246,28,Healthcare,1,2025,265.53
3247,28,Miscellaneous,1,2025,112.08
3248,28,Recharge & Utilities,1,2025,104.19
3249,28,Shopping,1,2025,559.94
3250,28,Transportation,1,2025,1351.21
3251,28,Education,2,2025,729.05
3252,28,Entertainment,2,2025,444.84
3253,28,Food & Dining,2,2025,980.75
3254,28,Friends & Family,2,2025,132.95
3255,28,Grocery,2,2025,699.71
3256,28,Healthcare,2,2025,232.18
3257,28,Miscellaneous,2,2025,106.72
3258,28,Recharge & Utilities,2,2025,100.0
3259,28,Shopping,2,2025,440.56
3260,28,Transportation,2,2025,1147.19
3261,28,Education,3,2025,793.94
3262,28,Entertainment,3,2025,548.08
3263,28,Food & Dining,3,2025,916.29
3264,28,Friends & Family,3,2025,177.75
3265,28,Grocery,3,2025,769.69
3266,28,Healthcare,3,2025,268.95
3267,28,Miscellaneous,3,2025,108.17
3268,28,Recharge & Utilities,3,2025,109.36
3269,28,Shopping,3,2025,522.76
3270,28,Transportation,3,2025,1297.34
3271,28,Education,4,2025,754.95
3272,28,Entertainment,4,2025,514.38
3273,28,Food & Dining,4,2025,892.97
3274,28,Friends & Family,4,2025,137.69
3275,28,Grocery,4,2025,649.69
3276,28,Healthcare,4,2025,228.28
3277,28,Miscellaneous,4,2025,100.0
3278,28,Recharge & Utilities,4,2025,100.0
3279,28,Shopping,4,2025,469.99
3280,28,Transportation,4,2025,1307.94
3281,28,Education,5,2025,802.75
3282,28,Entertainment,5,2025,555.94
3283,28,Food & Dining,5,2025,882.77
3284,28,Friends & Family,5,2025,167.56
3285,28,Grocery,5,2025,831.32
3286,28,Healthcare,5,2025,234.85
3287,28,Miscellaneous,5,2025,100.0
3288,28,Recharge & Utilities,5,2025,100.0
3289,28,Shopping,5,2025,564.32
3290,28,Transportation,5,2025,1625.94
3291,28,Education,6,2025,735.63
3292,28,Entertainment,6,2025,487.46
3293,28,Food & Dining,6,2025,901.35
3294,28,Friends & Family,6,2025,141.85
3295,28,Grocery,6,2025,670.39
3296,28,Healthcare,6,2025,249.88
3297,28,Miscellaneous,6,2025,101.98
3298,28,Recharge & Utilities,6,2025,100.0
3299,28,Shopping,6,2025,469.13
3300,28,Transportation,6,2025,1404.91
3301,28,Education,7,2025,1032.08
3302,28,Entertainment,7,2025,494.02
3303,28,Food & Dining,7,2025,921.92
3304,28,Friends & Family,7,2025,147.37
3305,28,Grocery,7,2025,733.08
3306,28,Healthcare,7,2025,275.39
3307,28,Miscellaneous,7,2025,100.68
3308,28,Recharge & Utilities,7,2025,103.11
3309,28,Shopping,7,2025,498.11
3310,28,Transportation,7,2025,1539.28
3311,28,Education,8,2025,942.03
3312,28,Entertainment,8,2025,529.47
3313,28,Food & Dining,8,2025,890.29
3314,28,Friends & Family,8,2025,163.8
3315,28,Grocery,8,2025,766.69
3316,28,Healthcare,8,2025,255.58
3317,28,Miscellaneous,8,2025,100.0
3318,28,Recharge & Utilities,8,2025,104.89
3319,28,Shopping,8,2025,561.89
3320,28,Transportation,8,2025,1456.07
3321,28,Education,9,2025,857.23
3322,28,Entertainment,9,2025,577.57
3323,28,Food & Dining,9,2025,1022.21
3324,28,Friends & Family,9,2025,174.87
3325,28,Grocery,9,2025,785.28
3326,28,Healthcare,9,2025,240.26
3327,28,Miscellaneous,9,2025,106.87
3328,28,Recharge & Utilities,9,2025,106.74
3329,28,Shopping,9,2025,579.02
3330,28,Transportation,9,2025,1387.04
3331,28,Education,10,2025,763.82
3332,28,Entertainment,10,2025,508.93
3333,28,Food & Dining,10,2025,1082.74
3334,28,Friends & Family,10,2025,141.49
3335,28,Grocery,10,2025,828.61
3336,28,Healthcare,10,2025,257.85
3337,28,Miscellaneous,10,2025,100.0
3338,28,Recharge & Utilities,10,2025,100.0
3339,28,Shopping,10,2025,657.86
3340,28,Transportation,10,2025,1377.52
3341,28,Education,11,2025,887.0
3342,28,Entertainment,11,2025,549.07
3343,28,Food & Dining,11,2025,1122.79
3344,28,Friends & Family,11,2025,161.22
3345,28,Grocery,11,2025,901.62
3346,28,Healthcare,11,2025,274.07
3347,28,Miscellaneous,11,2025,105.68
3348,28,Recharge & Utilities,11,2025,118.31
3349,28,Shopping,11,2025,737.92
3350,28,Transportation,11,2025,1518.76
3351,28,Education,12,2025,809.39
3352,28,Entertainment,12,2025,561.32
3353,28,Food & Dining,12,2025,899.12
3354,28,Friends & Family,12,2025,152.34
3355,28,Grocery,12,2025,857.46
3356,28,Healthcare,12,2025,253.52
3357,28,Miscellaneous,12,2025,114.27
3358,28,Recharge & Utilities,12,2025,100.0
3359,28,Shopping,12,2025,526.85
3360,28,Transportation,12,2025,1593.76
3361,29,Education,1,2025,778.89
3362,29,Entertainment,1,2025,491.06
3363,29,Food & Dining,1,2025,788.72
3364,29,Friends & Family,1,2025,143.36
3365,29,Grocery,1,2025,765.89
3366,29,Healthcare,1,2025,211.93
3367,29,Miscellaneous,1,2025,100.0
3368,29,Recharge & Utilities,1,2025,100.0
3369,29,Shopping,1,2025,434.61
3370,29,Transportation,1,2025,1183.45
3371,29,Education,2,2025,653.29
3372,29,Entertainment,2,2025,501.7
3373,29,Food & Dining,2,2025,797.64
3374,29,Friends & Family,2,2025,138.74
3375,29,Grocery,2,2025,674.17
3376,29,Healthcare,2,2025,264.39
3377,29,Miscellaneous,2,2025,100.0
3378,29,Recharge & Utilities,2,2025,100.0
3379,29,Shopping,2,2025,444.58
3380,29,Transportation,2,2025,1181.49
3381,29,Education,3,2025,676.12
3382,29,Entertainment,3,2025,501.78
3383,29,Food & Dining,3,2025,829.36
3384,29,Friends & Family,3,2025,137.85
3385,29,Grocery,3,2025,699.46
3386,29,Healthcare,3,2025,233.81
3387,29,Miscellaneous,3,2025,100.0
3388,29,Recharge & Utilities,3,2025,100.89
3389,29,Shopping,3,2025,462.36
3390,29,Transportation,3,2025,1232.26
3391,29,Education,4,2025,658.8
3392,29,Entertainment,4,2025,464.97
3393,29,Food & Dining,4,2025,876.12
3394,29,Friends & Family,4,2025,121.02
3395,29,Grocery,4,2025,620.4
3396,29,Healthcare,4,2025,229.74
3397,29,Miscellaneous,4,2025,100.0
3398,29,Recharge & Utilities,4,2025,100.0
3399,29,Shopping,4,2025,472.98
3400,29,Transportation,4,2025,1235.0
3401,29,Education,5,2025,771.01
3402,29,Entertainment,5,2025,453.04
3403,29,Food & Dining,5,2025,834.05
3404,29,Friends & Family,5,2025,133.55
3405,29,Grocery,5,2025,741.96
3406,29,Healthcare,5,2025,239.9
3407,29,Miscellaneous,5,2025,100.0
3408,29,Recharge & Utilities,5,2025,100.0
3409,29,Shopping,5,2025,483.63
3410,29,Transportation,5,2025,1248.2
3411,29,Education,6,2025,646.56
3412,29,Entertainment,6,2025,487.31
3413,29,Food & Dining,6,2025,806.83
3414,29,Friends & Family,6,2025,126.14
3415,29,Grocery,6,2025,735.1
3416,29,Healthcare,6,2025,225.6
3417,29,Miscellaneous,6,2025,103.48
3418,29,Recharge & Utilities,6,2025,100.0
3419,29,Shopping,6,2025,459.84
3420,29,Transportation,6,2025,1553.4
3421,29,Education,7,2025,844.28
3422,29,Entertainment,7,2025,519.49
3423,29,Food & Dining,7,2025,983.11
3424,29,Friends & Family,7,2025,165.28
3425,29,Grocery,7,2025,845.4
3426,29,Healthcare,7,2025,267.55
3427,29,Miscellaneous,7,2025,108.87
3428,29,Recharge & Utilities,7,2025,100.0
3429,29,Shopping,7,2025,523.56
3430,29,Transportation,7,2025,1320.8
3431,29,Education,8,2025,773.27
3432,29,Entertainment,8,2025,509.26
3433,29,Food & Dining,8,2025,958.72
3434,29,Friends & Family,8,2025,156.52
3435,29,Grocery,8,2025,686.28
3436,29,Healthcare,8,2025,229.79
3437,29,Miscellaneous,8,2025,100.0
3438,29,Recharge & Utilities,8,2025,106.56
3439,29,Shopping,8,2025,529.47
3440,29,Transportation,8,2025,1179.41
3441,29,Education,9,2025,746.32
3442,29,Entertainment,9,2025,454.3
3443,29,Food & Dining,9,2025,863.37
3444,29,Friends & Family,9,2025,161.79
3445,29,Grocery,9,2025,691.08
3446,29,Healthcare,9,2025,238.81
3447,29,Miscellaneous,9,2025,100.0
3448,29,Recharge & Utilities,9,2025,100.0
3449,29,Shopping,9,2025,454.2
3450,29,Transportation,9,2025,1134.78
3451,29,Education,10,2025,756.79
3452,29,Entertainment,10,2025,534.93
3453,29,Food & Dining,10,2025,1068.74
3454,29,Friends & Family,10,2025,139.68
3455,29,Grocery,10,2025,794.94
3456,29,Healthcare,10,2025,256.83
3457,29,Miscellaneous,10,2025,100.0
3458,29,Recharge & Utilities,10,2025,100.0
3459,29,Shopping,10,2025,636.01
3460,29,Transportation,10,2025,1240.71
3461,29,Education,11,2025,858.06
3462,29,Entertainment,11,2025,547.52
3463,29,Food & Dining,11,2025,992.3
3464,29,Friends & Family,11,2025,164.47
3465,29,Grocery,11,2025,743.58
3466,29,Healthcare,11,2025,247.24
3467,29,Miscellaneous,11,2025,103.32
3468,29,Recharge & Utilities,11,2025,111.66
3469,29,Shopping,11,2025,644.5
3470,29,Transportation,11,2025,1302.93
3471,29,Education,12,2025,679.3
3472,29,Entertainment,12,2025,479.43
3473,29,Food & Dining,12,2025,1018.5
3474,29,Friends & Family,12,2025,158.21
3475,29,Grocery,12,2025,721.34
3476,29,Healthcare,12,2025,273.48
3477,29,Miscellaneous,12,2025,101.98
3478,29,Recharge & Utilities,12,2025,108.21
3479,29,Shopping,12,2025,497.54
3480,29,Transportation,12,2025,1598.72
3481,30,Education,1,2025,759.85
3482,30,Entertainment,1,2025,402.8
3483,30,Food & Dining,1,2025,688.06
3484,30,Friends & Family,1,2025,108.87
3485,30,Grocery,1,2025,609.44
3486,30,Healthcare,1,2025,191.44
3487,30,Miscellaneous,1,2025,100.0
3488,30,Recharge & Utilities,1,2025,100.0
3489,30,Shopping,1,2025,384.78
3490,30,Transportation,1,2025,1021.06
3491,30,Education,2,2025,531.63
3492,30,Entertainment,2,2025,381.12
3493,30,Food & Dining,2,2025,740.27
3494,30,Friends & Family,2,2025,118.63
3495,30,Grocery,2,2025,581.75
3496,30,Healthcare,2,2025,212.3
3497,30,Miscellaneous,2,2025,100.0
3498,30,Recharge & Utilities,2,2025,100.0
3499,30,Shopping,2,2025,354.29
3500,30,Transportation,2,2025,934.54
3501,30,Education,3,2025,605.17
3502,30,Entertainment,3,2025,382.91
3503,30,Food & Dining,3,2025,670.49
3504,30,Friends & Family,3,2025,114.31
3505,30,Grocery,3,2025,649.92
3506,30,Healthcare,3,2025,195.2
3507,30,Miscellaneous,3,2025,100.0
3508,30,Recharge & Utilities,3,2025,100.0
3509,30,Shopping,3,2025,406.93
3510,30,Transportation,3,2025,1025.28
3511,30,Education,4,2025,520.32
3512,30,Entertainment,4,2025,347.79
3513,30,Food & Dining,4,2025,762.85
3514,30,Friends & Family,4,2025,123.55
3515,30,Grocery,4,2025,622.63
3516,30,Healthcare,4,2025,171.56
3517,30,Miscellaneous,4,2025,100.0
3518,30,Recharge & Utilities,4,2025,100.0
3519,30,Shopping,4,2025,352.78
3520,30,Transportation,4,2025,950.99
3521,30,Education,5,2025,662.16
3522,30,Entertainment,5,2025,454.92
3523,30,Food & Dining,5,2025,698.0
3524,30,Friends & Family,5,2025,132.6
3525,30,Grocery,5,2025,588.38
3526,30,Healthcare,5,2025,215.04
3527,30,Miscellaneous,5,2025,100.0
3528,30,Recharge & Utilities,5,2025,100.0
3529,30,Shopping,5,2025,402.03
3530,30,Transportation,5,2025,1111.93
3531,30,Education,6,2025,599.57
3532,30,Entertainment,6,2025,366.94
3533,30,Food & Dining,6,2025,770.53
3534,30,Friends & Family,6,2025,125.01
3535,30,Grocery,6,2025,644.39
3536,30,Healthcare,6,2025,202.93
3537,30,Miscellaneous,6,2025,100.0
3538,30,Recharge & Utilities,6,2025,100.0
3539,30,Shopping,6,2025,348.66
3540,30,Transportation,6,2025,1063.4
3541,30,Education,7,2025,789.06
3542,30,Entertainment,7,2025,469.25
3543,30,Food & Dining,7,2025,775.77
3544,30,Friends & Family,7,2025,135.87
3545,30,Grocery,7,2025,698.27
3546,30,Healthcare,7,2025,196.75
3547,30,Miscellaneous,7,2025,100.0
3548,30,Recharge & Utilities,7,2025,100.0
3549,30,Shopping,7,2025,389.58
3550,30,Transportation,7,2025,985.65
3551,30,Education,8,2025,656.34
3552,30,Entertainment,8,2025,444.79
3553,30,Food & Dining,8,2025,738.04
3554,30,Friends & Family,8,2025,117.07
3555,30,Grocery,8,2025,585.88
3556,30,Healthcare,8,2025,207.59
3557,30,Miscellaneous,8,2025,100.0
3558,30,Recharge & Utilities,8,2025,100.0
3559,30,Shopping,8,2025,388.77
3560,30,Transportation,8,2025,1047.48
3561,30,Education,9,2025,649.61
3562,30,Entertainment,9,2025,402.64
3563,30,Food & Dining,9,2025,699.71
3564,30,Friends & Family,9,2025,117.95
3565,30,Grocery,9,2025,567.64
3566,30,Healthcare,9,2025,198.98
3567,30,Miscellaneous,9,2025,100.0
3568,30,Recharge & Utilities,9,2025,100.0
3569,30,Shopping,9,2025,378.36
3570,30,Transportation,9,2025,1142.84
3571,30,Education,10,2025,623.01
3572,30,Entertainment,10,2025,414.81
3573,30,Food & Dining,10,2025,754.76
3574,30,Friends & Family,10,2025,117.09
3575,30,Grocery,10,2025,627.66
3576,30,Healthcare,10,2025,191.88
3577,30,Miscellaneous,10,2025,100.0
3578,30,Recharge & Utilities,10,2025,100.0
3579,30,Shopping,10,2025,530.7
3580,30,Transportation,10,2025,1205.95
3581,30,Education,11,2025,641.81
3582,30,Entertainment,11,2025,496.79
3583,30,Food & Dining,11,2025,892.78
3584,30,Friends & Family,11,2025,124.37
3585,30,Grocery,11,2025,648.3
3586,30,Healthcare,11,2025,221.11
3587,30,Miscellaneous,11,2025,100.0
3588,30,Recharge & Utilities,11,2025,100.0
3589,30,Shopping,11,2025,529.34
3590,30,Transportation,11,2025,1159.63
3591,30,Education,12,2025,572.23
3592,30,Entertainment,12,2025,395.93
3593,30,Food & Dining,12,2025,751.64
3594,30,Friends & Family,12,2025,121.14
3595,30,Grocery,12,2025,596.45
3596,30,Healthcare,12,2025,183.66
3597,30,Miscellaneous,12,2025,100.0
3598,30,Recharge & Utilities,12,2025,100.0
3599,30,Shopping,12,2025,356.15
3600,30,Transportation,12,2025,1063.38
3601,31,Education,1,2025,423.58
3602,31,Entertainment,1,2025,242.65
3603,31,Food & Dining,1,2025,392.43
3604,31,Friends & Family,1,2025,100.0
3605,31,Grocery,1,2025,335.4
3606,31,Healthcare,1,2025,118.8
3607,31,Miscellaneous,1,2025,100.0
3608,31,Recharge & Utilities,1,2025,100.0
3609,31,Shopping,1,2025,209.17
3610,31,Transportation,1,2025,526.92
3611,31,Education,2,2025,301.19
3612,31,Entertainment,2,2025,226.11
3613,31,Food & Dining,2,2025,380.11
3614,31,Friends & Family,2,2025,100.0
3615,31,Grocery,2,2025,323.28
3616,31,Healthcare,2,2025,111.82
3617,31,Miscellaneous,2,2025,100.0
3618,31,Recharge & Utilities,2,2025,100.0
3619,31,Shopping,2,2025,213.12
3620,31,Transportation,2,2025,568.29
3621,31,Education,3,2025,284.62
3622,31,Entertainment,3,2025,192.5
3623,31,Food & Dining,3,2025,407.24
3624,31,Friends & Family,3,2025,100.0
3625,31,Grocery,3,2025,313.8
3626,31,Healthcare,3,2025,100.0
3627,31,Miscellaneous,3,2025,100.0
3628,31,Recharge & Utilities,3,2025,100.0
3629,31,Shopping,3,2025,191.92
3630,31,Transportation,3,2025,491.62
3631,31,Education,4,2025,305.57
3632,31,Entertainment,4,2025,229.79
3633,31,Food & Dining,4,2025,374.76
3634,31,Friends & Family,4,2025,100.0
3635,31,Grocery,4,2025,289.04
3636,31,Healthcare,4,2025,104.86
3637,31,Miscellaneous,4,2025,100.0
3638,31,Recharge & Utilities,4,2025,100.0
3639,31,Shopping,4,2025,207.29
3640,31,Transportation,4,2025,530.67
3641,31,Education,5,2025,281.03
3642,31,Entertainment,5,2025,197.15
3643,31,Food & Dining,5,2025,346.9
3644,31,Friends & Family,5,2025,100.0
3645,31,Grocery,5,2025,324.89
3646,31,Healthcare,5,2025,102.66
3647,31,Miscellaneous,5,2025,100.0
3648,31,Recharge & Utilities,5,2025,100.0
3649,31,Shopping,5,2025,227.11
3650,31,Transportation,5,2025,574.48
3651,31,Education,6,2025,339.6
3652,31,Entertainment,6,2025,243.87
3653,31,Food & Dining,6,2025,394.12
3654,31,Friends & Family,6,2025,100.0
3655,31,Grocery,6,2025,305.73
3656,31,Healthcare,6,2025,114.19
3657,31,Miscellaneous,6,2025,100.0
3658,31,Recharge & Utilities,6,2025,100.0
3659,31,Shopping,6,2025,228.69
3660,31,Transportation,6,2025,737.09
3661,31,Education,7,2025,357.08
3662,31,Entertainment,7,2025,197.18
3663,31,Food & Dining,7,2025,374.2
3664,31,Friends & Family,7,2025,100.0
3665,31,Grocery,7,2025,324.67
3666,31,Healthcare,7,2025,111.04
3667,31,Miscellaneous,7,2025,100.0
3668,31,Recharge & Utilities,7,2025,100.0
3669,31,Shopping,7,2025,229.65
3670,31,Transportation,7,2025,494.86
3671,31,Education,8,2025,353.33
3672,31,Entertainment,8,2025,224.03
3673,31,Food & Dining,8,2025,374.23
3674,31,Friends & Family,8,2025,100.0
3675,31,Grocery,8,2025,353.8
3676,31,Healthcare,8,2025,104.9
3677,31,Miscellaneous,8,2025,100.0
3678,31,Recharge & Utilities,8,2025,100.0
3679,31,Shopping,8,2025,214.97
3680,31,Transportation,8,2025,538.27
3681,31,Education,9,2025,352.59
3682,31,Entertainment,9,2025,199.27
3683,31,Food & Dining,9,2025,401.42
3684,31,Friends & Family,9,2025,100.0
3685,31,Grocery,9,2025,310.77
3686,31,Healthcare,9,2025,114.07
3687,31,Miscellaneous,9,2025,100.0
3688,31,Recharge & Utilities,9,2025,100.0
3689,31,Shopping,9,2025,207.4
3690,31,Transportation,9,2025,595.09
3691,31,Education,10,2025,387.96
3692,31,Entertainment,10,2025,278.47
3693,31,Food & Dining,10,2025,432.84
3694,31,Friends & Family,10,2025,100.0
3695,31,Grocery,10,2025,355.66
3696,31,Healthcare,10,2025,113.05
3697,31,Miscellaneous,10,2025,100.0
3698,31,Recharge & Utilities,10,2025,100.0
3699,31,Shopping,10,2025,307.47
3700,31,Transportation,10,2025,658.95
3701,31,Education,11,2025,357.72
3702,31,Entertainment,11,2025,258.29
3703,31,Food & Dining,11,2025,445.43
3704,31,Friends & Family,11,2025,100.0
3705,31,Grocery,11,2025,322.79
3706,31,Healthcare,11,2025,122.18
3707,31,Miscellaneous,11,2025,100.0
3708,31,Recharge & Utilities,11,2025,100.0
3709,31,Shopping,11,2025,257.83
3710,31,Transportation,11,2025,558.78
3711,31,Education,12,2025,308.69
3712,31,Entertainment,12,2025,204.3
3713,31,Food & Dining,12,2025,368.22
3714,31,Friends & Family,12,2025,100.0
3715,31,Grocery,12,2025,299.76
3716,31,Healthcare,12,2025,101.9
3717,31,Miscellaneous,12,2025,100.0
3718,31,Recharge & Utilities,12,2025,100.0
3719,31,Shopping,12,2025,208.32
3720,31,Transportation,12,2025,619.34
3721,32,Education,1,2025,834.32
3722,32,Entertainment,1,2025,430.68
3723,32,Food & Dining,1,2025,773.75
3724,32,Friends & Family,1,2025,129.4
3725,32,Grocery,1,2025,648.71
3726,32,Healthcare,1,2025,231.6
3727,32,Miscellaneous,1,2025,100.0
3728,32,Recharge & Utilities,1,2025,100.0
3729,32,Shopping,1,2025,467.6
3730,32,Transportation,1,2025,1201.35
3731,32,Education,2,2025,726.87
3732,32,Entertainment,2,2025,489.19
3733,32,Food & Dining,2,2025,862.34
3734,32,Friends & Family,2,2025,121.39
3735,32,Grocery,2,2025,707.32
3736,32,Healthcare,2,2025,206.04
3737,32,Miscellaneous,2,2025,100.0
3738,32,Recharge & Utilities,2,2025,100.0
3739,32,Shopping,2,2025,416.34
3740,32,Transportation,2,2025,1084.76
3741,32,Education,3,2025,722.48
3742,32,Entertainment,3,2025,437.87
3743,32,Food & Dining,3,2025,910.97
3744,32,Friends & Family,3,2025,126.75
3745,32,Grocery,3,2025,651.69
3746,32,Healthcare,3,2025,226.11
3747,32,Miscellaneous,3,2025,100.0
3748,32,Recharge & Utilities,3,2025,100.0
3749,32,Shopping,3,2025,412.74
3750,32,Transportation,3,2025,1108.59
3751,32,Education,4,2025,667.95
3752,32,Entertainment,4,2025,500.32
3753,32,Food & Dining,4,2025,925.83
3754,32,Friends & Family,4,2025,133.64
3755,32,Grocery,4,2025,731.06
3756,32,Healthcare,4,2025,242.93
3757,32,Miscellaneous,4,2025,100.0
3758,32,Recharge & Utilities,4,2025,100.0
3759,32,Shopping,4,2025,454.4
3760,32,Transportation,4,2025,1081.59
3761,32,Education,5,2025,641.9
3762,32,Entertainment,5,2025,413.2
3763,32,Food & Dining,5,2025,767.65
3764,32,Friends & Family,5,2025,110.19
3765,32,Grocery,5,2025,667.28
3766,32,Healthcare,5,2025,220.81
3767,32,Miscellaneous,5,2025,100.0
3768,32,Recharge & Utilities,5,2025,100.0
3769,32,Shopping,5,2025,392.08
3770,32,Transportation,5,2025,1151.22
3771,32,Education,6,2025,680.58
3772,32,Entertainment,6,2025,433.43
3773,32,Food & Dining,6,2025,790.54
3774,32,Friends & Family,6,2025,139.07
3775,32,Grocery,6,2025,678.19
3776,32,Healthcare,6,2025,226.48
3777,32,Miscellaneous,6,2025,100.0
3778,32,Recharge & Utilities,6,2025,100.0
3779,32,Shopping,6,2025,464.85
3780,32,Transportation,6,2025,1397.53
3781,32,Education,7,2025,827.89
3782,32,Entertainment,7,2025,463.02
3783,32,Food & Dining,7,2025,798.55
3784,32,Friends & Family,7,2025,141.31
3785,32,Grocery,7,2025,606.6
3786,32,Healthcare,7,2025,223.31
3787,32,Miscellaneous,7,2025,100.0
3788,32,Recharge & Utilities,7,2025,100.0
3789,32,Shopping,7,2025,408.05
3790,32,Transportation,7,2025,1133.6
3791,32,Education,8,2025,738.43
3792,32,Entertainment,8,2025,461.29
3793,32,Food & Dining,8,2025,826.82
3794,32,Friends & Family,8,2025,137.78
3795,32,Grocery,8,2025,717.69
3796,32,Healthcare,8,2025,212.4
3797,32,Miscellaneous,8,2025,100.0
3798,32,Recharge & Utilities,8,2025,100.0
3799,32,Shopping,8,2025,476.67
3800,32,Transportation,8,2025,1207.07
3801,32,Education,9,2025,626.81
3802,32,Entertainment,9,2025,406.6
3803,32,Food & Dining,9,2025,805.2
3804,32,Friends & Family,9,2025,128.46
3805,32,Grocery,9,2025,617.59
3806,32,Healthcare,9,2025,216.96
3807,32,Miscellaneous,9,2025,100.0
3808,32,Recharge & Utilities,9,2025,100.0
3809,32,Shopping,9,2025,464.37
3810,32,Transportation,9,2025,1138.23
3811,32,Education,10,2025,753.44
3812,32,Entertainment,10,2025,449.8
3813,32,Food & Dining,10,2025,997.37
3814,32,Friends & Family,10,2025,123.46
3815,32,Grocery,10,2025,647.51
3816,32,Healthcare,10,2025,253.22
3817,32,Miscellaneous,10,2025,100.0
3818,32,Recharge & Utilities,10,2025,100.0
3819,32,Shopping,10,2025,597.92
3820,32,Transportation,10,2025,1285.02
3821,32,Education,11,2025,620.59
3822,32,Entertainment,11,2025,444.02
3823,32,Food & Dining,11,2025,822.49
3824,32,Friends & Family,11,2025,129.61
3825,32,Grocery,11,2025,629.46
3826,32,Healthcare,11,2025,221.46
3827,32,Miscellaneous,11,2025,100.0
3828,32,Recharge & Utilities,11,2025,100.0
3829,32,Shopping,11,2025,567.54
3830,32,Transportation,11,2025,1164.86
3831,32,Education,12,2025,696.94
3832,32,Entertainment,12,2025,414.21
3833,32,Food & Dining,12,2025,719.75
3834,32,Friends & Family,12,2025,117.95
3835,32,Grocery,12,2025,696.49
3836,32,Healthcare,12,2025,195.69
3837,32,Miscellaneous,12,2025,100.0
3838,32,Recharge & Utilities,12,2025,100.0
3839,32,Shopping,12,2025,448.77
3840,32,Transportation,12,2025,1352.77
3841,33,Education,1,2025,659.8
3842,33,Entertainment,1,2025,395.33
3843,33,Food & Dining,1,2025,672.54
3844,33,Friends & Family,1,2025,104.36
3845,33,Grocery,1,2025,570.66
3846,33,Healthcare,1,2025,208.31
3847,33,Miscellaneous,1,2025,100.0
3848,33,Recharge & Utilities,1,2025,100.0
3849,33,Shopping,1,2025,368.47
3850,33,Transportation,1,2025,877.44
3851,33,Education,2,2025,531.43
3852,33,Entertainment,2,2025,406.21
3853,33,Food & Dining,2,2025,616.02
3854,33,Friends & Family,2,2025,104.26
3855,33,Grocery,2,2025,603.82
3856,33,Healthcare,2,2025,170.56
3857,33,Miscellaneous,2,2025,100.0
3858,33,Recharge & Utilities,2,2025,100.0
3859,33,Shopping,2,2025,365.77
3860,33,Transportation,2,2025,874.74
3861,33,Education,3,2025,569.06
3862,33,Entertainment,3,2025,362.94
3863,33,Food & Dining,3,2025,635.56
3864,33,Friends & Family,3,2025,103.7
3865,33,Grocery,3,2025,494.18
3866,33,Healthcare,3,2025,184.22
3867,33,Miscellaneous,3,2025,100.0
3868,33,Recharge & Utilities,3,2025,100.0
3869,33,Shopping,3,2025,334.56
3870,33,Transportation,3,2025,824.65
3871,33,Education,4,2025,488.66
3872,33,Entertainment,4,2025,325.6
3873,33,Food & Dining,4,2025,595.39
3874,33,Friends & Family,4,2025,101.99
3875,33,Grocery,4,2025,579.04
3876,33,Healthcare,4,2025,177.91
3877,33,Miscellaneous,4,2025,100.0
3878,33,Recharge & Utilities,4,2025,100.0
3879,33,Shopping,4,2025,326.65
3880,33,Transportation,4,2025,851.24
3881,33,Education,5,2025,475.92
3882,33,Entertainment,5,2025,340.93
3883,33,Food & Dining,5,2025,600.61
3884,33,Friends & Family,5,2025,100.62
3885,33,Grocery,5,2025,553.41
3886,33,Healthcare,5,2025,164.4
3887,33,Miscellaneous,5,2025,100.0
3888,33,Recharge & Utilities,5,2025,100.0
3889,33,Shopping,5,2025,304.45
3890,33,Transportation,5,2025,1059.91
3891,33,Education,6,2025,522.08
3892,33,Entertainment,6,2025,347.47
3893,33,Food & Dining,6,2025,643.81
3894,33,Friends & Family,6,2025,105.07
3895,33,Grocery,6,2025,479.05
3896,33,Healthcare,6,2025,170.26
3897,33,Miscellaneous,6,2025,100.0
3898,33,Recharge & Utilities,6,2025,100.0
3899,33,Shopping,6,2025,343.05
3900,33,Transportation,6,2025,1152.18
3901,33,Education,7,2025,612.78
3902,33,Entertainment,7,2025,375.48
3903,33,Food & Dining,7,2025,734.31
3904,33,Friends & Family,7,2025,124.58
3905,33,Grocery,7,2025,581.32
3906,33,Healthcare,7,2025,205.62
3907,33,Miscellaneous,7,2025,100.0
3908,33,Recharge & Utilities,7,2025,100.0
3909,33,Shopping,7,2025,372.38
3910,33,Transportation,7,2025,866.17
3911,33,Education,8,2025,689.29
3912,33,Entertainment,8,2025,340.92
3913,33,Food & Dining,8,2025,620.65
3914,33,Friends & Family,8,2025,102.47
3915,33,Grocery,8,2025,578.27
3916,33,Healthcare,8,2025,165.67
3917,33,Miscellaneous,8,2025,100.0
3918,33,Recharge & Utilities,8,2025,100.0
3919,33,Shopping,8,2025,345.03
3920,33,Transportation,8,2025,999.35
3921,33,Education,9,2025,575.6
3922,33,Entertainment,9,2025,356.23
3923,33,Food & Dining,9,2025,640.34
3924,33,Friends & Family,9,2025,100.0
3925,33,Grocery,9,2025,495.04
3926,33,Healthcare,9,2025,190.94
3927,33,Miscellaneous,9,2025,100.0
3928,33,Recharge & Utilities,9,2025,100.0
3929,33,Shopping,9,2025,371.88
3930,33,Transportation,9,2025,841.05
3931,33,Education,10,2025,518.67
3932,33,Entertainment,10,2025,412.68
3933,33,Food & Dining,10,2025,806.71
3934,33,Friends & Family,10,2025,122.45
3935,33,Grocery,10,2025,526.92
3936,33,Healthcare,10,2025,204.79
3937,33,Miscellaneous,10,2025,100.0
3938,33,Recharge & Utilities,10,2025,100.0
3939,33,Shopping,10,2025,423.94
3940,33,Transportation,10,2025,974.24
3941,33,Education,11,2025,617.09
3942,33,Entertainment,11,2025,376.38
3943,33,Food & Dining,11,2025,738.12
3944,33,Friends & Family,11,2025,126.45
3945,33,Grocery,11,2025,543.43
3946,33,Healthcare,11,2025,202.8
3947,33,Miscellaneous,11,2025,100.0
3948,33,Recharge & Utilities,11,2025,100.0
3949,33,Shopping,11,2025,426.24
3950,33,Transportation,11,2025,918.43
3951,33,Education,12,2025,475.64
3952,33,Entertainment,12,2025,349.58
3953,33,Food & Dining,12,2025,662.35
3954,33,Friends & Family,12,2025,109.95
3955,33,Grocery,12,2025,528.78
3956,33,Healthcare,12,2025,185.89
3957,33,Miscellaneous,12,2025,100.0
3958,33,Recharge & Utilities,12,2025,100.0
3959,33,Shopping,12,2025,317.94
3960,33,Transportation,12,2025,1110.79
3961,34,Education,1,2025,906.08
3962,34,Entertainment,1,2025,525.04
3963,34,Food & Dining,1,2025,895.76
3964,34,Friends & Family,1,2025,139.18
3965,34,Grocery,1,2025,742.82
3966,34,Healthcare,1,2025,258.19
3967,34,Miscellaneous,1,2025,100.0
3968,34,Recharge & Utilities,1,2025,100.0
3969,34,Shopping,1,2025,512.27
3970,34,Transportation,1,2025,1219.08
3971,34,Education,2,2025,721.43
3972,34,Entertainment,2,2025,419.55
3973,34,Food & Dining,2,2025,877.09
3974,34,Friends & Family,2,2025,146.11
3975,34,Grocery,2,2025,655.07
3976,34,Healthcare,2,2025,245.12
3977,34,Miscellaneous,2,2025,100.0
3978,34,Recharge & Utilities,2,2025,100.0
3979,34,Shopping,2,2025,464.45
3980,34,Transportation,2,2025,1127.81
3981,34,Education,3,2025,596.82
3982,34,Entertainment,3,2025,401.87
3983,34,Food & Dining,3,2025,683.89
3984,34,Friends & Family,3,2025,125.43
3985,34,Grocery,3,2025,638.02
3986,34,Healthcare,3,2025,186.73
3987,34,Miscellaneous,3,2025,100.0
3988,34,Recharge & Utilities,3,2025,100.0
3989,34,Shopping,3,2025,393.23
3990,34,Transportation,3,2025,951.48
3991,34,Education,4,2025,674.08
3992,34,Entertainment,4,2025,447.37
3993,34,Food & Dining,4,2025,748.44
3994,34,Friends & Family,4,2025,113.89
3995,34,Grocery,4,2025,687.91
3996,34,Healthcare,4,2025,211.44
3997,34,Miscellaneous,4,2025,100.0
3998,34,Recharge & Utilities,4,2025,100.0
3999,34,Shopping,4,2025,466.56
4000,34,Transportation,4,2025,973.52
4001,34,Education,5,2025,663.34
4002,34,Entertainment,5,2025,453.08
4003,34,Food & Dining,5,2025,802.72
4004,34,Friends & Family,5,2025,123.04
4005,34,Grocery,5,2025,675.0
4006,34,Healthcare,5,2025,210.02
4007,34,Miscellaneous,5,2025,100.0
4008,34,Recharge & Utilities,5,2025,100.0
4009,34,Shopping,5,2025,463.64
4010,34,Transportation,5,2025,1193.48
4011,34,Education,6,2025,632.47
4012,34,Entertainment,6,2025,433.15
4013,34,Food & Dining,6,2025,834.08
4014,34,Friends & Family,6,2025,133.86
4015,34,Grocery,6,2025,591.48
4016,34,Healthcare,6,2025,214.66
4017,34,Miscellaneous,6,2025,100.0
4018,34,Recharge & Utilities,6,2025,100.0
4019,34,Shopping,6,2025,425.53
4020,34,Transportation,6,2025,1337.28
4021,34,Education,7,2025,756.89
4022,34,Entertainment,7,2025,419.11
4023,34,Food & Dining,7,2025,787.4
4024,34,Friends & Family,7,2025,137.49
4025,34,Grocery,7,2025,636.29
4026,34,Healthcare,7,2025,225.71
4027,34,Miscellaneous,7,2025,100.0
4028,34,Recharge & Utilities,7,2025,100.0
4029,34,Shopping,7,2025,436.97
4030,34,Transportation,7,2025,1247.46
4031,34,Education,8,2025,809.19
4032,34,Entertainment,8,2025,394.29
4033,34,Food & Dining,8,2025,708.8
4034,34,Friends & Family,8,2025,135.03
4035,34,Grocery,8,2025,649.75
4036,34,Healthcare,8,2025,207.93
4037,34,Miscellaneous,8,2025,100.0
4038,34,Recharge & Utilities,8,2025,100.0
4039,34,Shopping,8,2025,367.29
4040,34,Transportation,8,2025,951.0
4041,34,Education,9,2025,699.92
4042,34,Entertainment,9,2025,490.19
4043,34,Food & Dining,9,2025,799.85
4044,34,Friends & Family,9,2025,127.52
4045,34,Grocery,9,2025,731.65
4046,34,Healthcare,9,2025,244.73
4047,34,Miscellaneous,9,2025,100.0
4048,34,Recharge & Utilities,9,2025,100.54
4049,34,Shopping,9,2025,486.2
4050,34,Transportation,9,2025,1056.44
4051,34,Education,10,2025,591.06
4052,34,Entertainment,10,2025,502.39
4053,34,Food & Dining,10,2025,879.27
4054,34,Friends & Family,10,2025,134.59
4055,34,Grocery,10,2025,633.28
4056,34,Healthcare,10,2025,235.51
4057,34,Miscellaneous,10,2025,100.0
4058,34,Recharge & Utilities,10,2025,100.0
4059,34,Shopping,10,2025,571.23
4060,34,Transportation,10,2025,1063.0
4061,34,Education,11,2025,624.13
4062,34,Entertainment,11,2025,425.52
4063,34,Food & Dining,11,2025,790.74
4064,34,Friends & Family,11,2025,131.68
4065,34,Grocery,11,2025,673.03
4066,34,Healthcare,11,2025,239.75
4067,34,Miscellaneous,11,2025,100.0
4068,34,Recharge & Utilities,11,2025,100.0
4069,34,Shopping,11,2025,526.97
4070,34,Transportation,11,2025,992.95
4071,34,Education,12,2025,628.83
4072,34,Entertainment,12,2025,370.86
4073,34,Food & Dining,12,2025,780.89
4074,34,Friends & Family,12,2025,109.77
4075,34,Grocery,12,2025,566.26
4076,34,Healthcare,12,2025,214.04
4077,34,Miscellaneous,12,2025,100.0
4078,34,Recharge & Utilities,12,2025,100.0
4079,34,Shopping,12,2025,385.56
4080,34,Transportation,12,2025,1107.94
4081,35,Education,1,2025,760.08
4082,35,Entertainment,1,2025,386.55
4083,35,Food & Dining,1,2025,742.28
4084,35,Friends & Family,1,2025,114.57
4085,35,Grocery,1,2025,638.78
4086,35,Healthcare,1,2025,206.6
4087,35,Miscellaneous,1,2025,100.0
4088,35,Recharge & Utilities,1,2025,100.0
4089,35,Shopping,1,2025,406.18
4090,35,Transportation,1,2025,1062.21
4091,35,Education,2,2025,578.31
4092,35,Entertainment,2,2025,446.56
4093,35,Food & Dining,2,2025,788.52
4094,35,Friends & Family,2,2025,126.19
4095,35,Grocery,2,2025,662.03
4096,35,Healthcare,2,2025,202.0
4097,35,Miscellaneous,2,2025,100.0
4098,35,Recharge & Utilities,2,2025,100.0
4099,35,Shopping,2,2025,371.7
4100,35,Transportation,2,2025,1022.12
4101,35,Education,3,2025,505.3
4102,35,Entertainment,3,2025,348.18
4103,35,Food & Dining,3,2025,635.72
4104,35,Friends & Family,3,2025,106.82
4105,35,Grocery,3,2025,533.71
4106,35,Healthcare,3,2025,188.6
4107,35,Miscellaneous,3,2025,100.0
4108,35,Recharge & Utilities,3,2025,100.0
4109,35,Shopping,3,2025,376.54
4110,35,Transportation,3,2025,936.68
4111,35,Education,4,2025,511.35
4112,35,Entertainment,4,2025,414.06
4113,35,Food & Dining,4,2025,769.67
4114,35,Friends & Family,4,2025,113.76
4115,35,Grocery,4,2025,615.51
4116,35,Healthcare,4,2025,183.36
4117,35,Miscellaneous,4,2025,100.0
4118,35,Recharge & Utilities,4,2025,100.0
4119,35,Shopping,4,2025,341.63
4120,35,Transportation,4,2025,1052.27
4121,35,Education,5,2025,591.81
4122,35,Entertainment,5,2025,385.55
4123,35,Food & Dining,5,2025,747.45
4124,35,Friends & Family,5,2025,113.67
4125,35,Grocery,5,2025,529.36
4126,35,Healthcare,5,2025,169.5
4127,35,Miscellaneous,5,2025,100.0
4128,35,Recharge & Utilities,5,2025,100.0
4129,35,Shopping,5,2025,396.64
4130,35,Transportation,5,2025,1073.48
4131,35,Education,6,2025,503.65
4132,35,Entertainment,6,2025,377.34
4133,35,Food & Dining,6,2025,726.29
4134,35,Friends & Family,6,2025,124.72
4135,35,Grocery,6,2025,617.44
4136,35,Healthcare,6,2025,207.47
4137,35,Miscellaneous,6,2025,100.0
4138,35,Recharge & Utilities,6,2025,100.0
4139,35,Shopping,6,2025,375.32
4140,35,Transportation,6,2025,1248.53
4141,35,Education,7,2025,779.69
4142,35,Entertainment,7,2025,396.66
4143,35,Food & Dining,7,2025,722.49
4144,35,Friends & Family,7,2025,119.63
4145,35,Grocery,7,2025,566.8
4146,35,Healthcare,7,2025,203.82
4147,35,Miscellaneous,7,2025,100.0
4148,35,Recharge & Utilities,7,2025,100.0
4149,35,Shopping,7,2025,409.93
4150,35,Transportation,7,2025,1015.4
4151,35,Education,8,2025,670.28
4152,35,Entertainment,8,2025,387.06
4153,35,Food & Dining,8,2025,719.46
4154,35,Friends & Family,8,2025,103.59
4155,35,Grocery,8,2025,546.83
4156,35,Healthcare,8,2025,197.63
4157,35,Miscellaneous,8,2025,100.0
4158,35,Recharge & Utilities,8,2025,100.0
4159,35,Shopping,8,2025,380.31
4160,35,Transportation,8,2025,1062.84
4161,35,Education,9,2025,570.79
4162,35,Entertainment,9,2025,388.08
4163,35,Food & Dining,9,2025,641.71
4164,35,Friends & Family,9,2025,103.95
4165,35,Grocery,9,2025,630.41
4166,35,Healthcare,9,2025,200.35
4167,35,Miscellaneous,9,2025,100.0
4168,35,Recharge & Utilities,9,2025,100.0
4169,35,Shopping,9,2025,405.75
4170,35,Transportation,9,2025,966.58
4171,35,Education,10,2025,634.92
4172,35,Entertainment,10,2025,455.14
4173,35,Food & Dining,10,2025,736.03
4174,35,Friends & Family,10,2025,107.81
4175,35,Grocery,10,2025,545.66
4176,35,Healthcare,10,2025,200.72
4177,35,Miscellaneous,10,2025,100.0
4178,35,Recharge & Utilities,10,2025,100.0
4179,35,Shopping,10,2025,501.49
4180,35,Transportation,10,2025,953.12
4181,35,Education,11,2025,629.71
4182,35,Entertainment,11,2025,397.06
4183,35,Food & Dining,11,2025,832.95
4184,35,Friends & Family,11,2025,110.97
4185,35,Grocery,11,2025,599.34
4186,35,Healthcare,11,2025,178.17
4187,35,Miscellaneous,11,2025,100.0
4188,35,Recharge & Utilities,11,2025,100.0
4189,35,Shopping,11,2025,431.03
4190,35,Transportation,11,2025,962.03
4191,35,Education,12,2025,570.17
4192,35,Entertainment,12,2025,366.86
4193,35,Food & Dining,12,2025,705.88
4194,35,Friends & Family,12,2025,110.64
4195,35,Grocery,12,2025,614.05
4196,35,Healthcare,12,2025,182.61
4197,35,Miscellaneous,12,2025,100.0
4198,35,Recharge & Utilities,12,2025,100.0
4199,35,Shopping,12,2025,380.56
4200,35,Transportation,12,2025,1276.14
4201,36,Education,1,2025,414.04
4202,36,Entertainment,1,2025,265.78
4203,36,Food & Dining,1,2025,486.3
4204,36,Friends & Family,1,2025,100.0
4205,36,Grocery,1,2025,404.73
4206,36,Healthcare,1,2025,115.2
4207,36,Miscellaneous,1,2025,100.0
4208,36,Recharge & Utilities,1,2025,100.0
4209,36,Shopping,1,2025,232.74
4210,36,Transportation,1,2025,692.14
4211,36,Education,2,2025,404.65
4212,36,Entertainment,2,2025,241.61
4213,36,Food & Dining,2,2025,490.95
4214,36,Friends & Family,2,2025,100.0
4215,36,Grocery,2,2025,380.0
4216,36,Healthcare,2,2025,113.8
4217,36,Miscellaneous,2,2025,100.0
4218,36,Recharge & Utilities,2,2025,100.0
4219,36,Shopping,2,2025,249.18
4220,36,Transportation,2,2025,656.03
4221,36,Education,3,2025,429.02
4222,36,Entertainment,3,2025,282.38
4223,36,Food & Dining,3,2025,486.66
4224,36,Friends & Family,3,2025,100.0
4225,36,Grocery,3,2025,386.0
4226,36,Healthcare,3,2025,141.91
4227,36,Miscellaneous,3,2025,100.0
4228,36,Recharge & Utilities,3,2025,100.0
4229,36,Shopping,3,2025,255.35
4230,36,Transportation,3,2025,750.95
4231,36,Education,4,2025,372.43
4232,36,Entertainment,4,2025,268.45
4233,36,Food & Dining,4,2025,517.11
4234,36,Friends & Family,4,2025,100.0
4235,36,Grocery,4,2025,413.84
4236,36,Healthcare,4,2025,137.13
4237,36,Miscellaneous,4,2025,100.0
4238,36,Recharge & Utilities,4,2025,100.0
4239,36,Shopping,4,2025,257.4
4240,36,Transportation,4,2025,753.57
4241,36,Education,5,2025,377.85
4242,36,Entertainment,5,2025,237.44
4243,36,Food & Dining,5,2025,451.91
4244,36,Friends & Family,5,2025,100.0
4245,36,Grocery,5,2025,333.96
4246,36,Healthcare,5,2025,124.28
4247,36,Miscellaneous,5,2025,100.0
4248,36,Recharge & Utilities,5,2025,100.0
4249,36,Shopping,5,2025,253.9
4250,36,Transportation,5,2025,706.48
4251,36,Education,6,2025,370.42
4252,36,Entertainment,6,2025,246.13
4253,36,Food & Dining,6,2025,525.87
4254,36,Friends & Family,6,2025,100.0
4255,36,Grocery,6,2025,411.47
4256,36,Healthcare,6,2025,126.0
4257,36,Miscellaneous,6,2025,100.0
4258,36,Recharge & Utilities,6,2025,100.0
4259,36,Shopping,6,2025,256.34
4260,36,Transportation,6,2025,743.06
4261,36,Education,7,2025,490.52
4262,36,Entertainment,7,2025,277.62
4263,36,Food & Dining,7,2025,441.25
4264,36,Friends & Family,7,2025,100.0
4265,36,Grocery,7,2025,389.11
4266,36,Healthcare,7,2025,134.64
4267,36,Miscellaneous,7,2025,100.0
4268,36,Recharge & Utilities,7,2025,100.0
4269,36,Shopping,7,2025,269.54
4270,36,Transportation,7,2025,631.11
4271,36,Education,8,2025,495.2
4272,36,Entertainment,8,2025,264.48
4273,36,Food & Dining,8,2025,446.51
4274,36,Friends & Family,8,2025,100.0
4275,36,Grocery,8,2025,382.41
4276,36,Healthcare,8,2025,140.97
4277,36,Miscellaneous,8,2025,100.0
4278,36,Recharge & Utilities,8,2025,100.0
4279,36,Shopping,8,2025,277.37
4280,36,Transportation,8,2025,631.44
4281,36,Education,9,2025,327.84
4282,36,Entertainment,9,2025,244.84
4283,36,Food & Dining,9,2025,408.64
4284,36,Friends & Family,9,2025,100.0
4285,36,Grocery,9,2025,363.59
4286,36,Healthcare,9,2025,121.08
4287,36,Miscellaneous,9,2025,100.0
4288,36,Recharge & Utilities,9,2025,100.0
4289,36,Shopping,9,2025,243.89
4290,36,Transportation,9,2025,652.21
4291,36,Education,10,2025,405.47
4292,36,Entertainment,10,2025,257.69
4293,36,Food & Dining,10,2025,494.82
4294,36,Friends & Family,10,2025,100.0
4295,36,Grocery,10,2025,370.46
4296,36,Healthcare,10,2025,116.75
4297,36,Miscellaneous,10,2025,100.0
4298,36,Recharge & Utilities,10,2025,100.0
4299,36,Shopping,10,2025,295.25
4300,36,Transportation,10,2025,673.45
4301,36,Education,11,2025,424.65
4302,36,Entertainment,11,2025,276.8
4303,36,Food & Dining,11,2025,530.56
4304,36,Friends & Family,11,2025,100.0
4305,36,Grocery,11,2025,368.73
4306,36,Healthcare,11,2025,130.39
4307,36,Miscellaneous,11,2025,100.0
4308,36,Recharge & Utilities,11,2025,100.0
4309,36,Shopping,11,2025,335.2
4310,36,Transportation,11,2025,729.48
4311,36,Education,12,2025,417.41
4312,36,Entertainment,12,2025,273.44
4313,36,Food & Dining,12,2025,466.85
4314,36,Friends & Family,12,2025,100.0
4315,36,Grocery,12,2025,395.96
4316,36,Healthcare,12,2025,128.66
4317,36,Miscellaneous,12,2025,100.0
4318,36,Recharge & Utilities,12,2025,100.0
4319,36,Shopping,12,2025,265.94
4320,36,Transportation,12,2025,713.02
4321,37,Education,1,2025,381.21
4322,37,Entertainment,1,2025,226.93
4323,37,Food & Dining,1,2025,447.46
4324,37,Friends & Family,1,2025,100.0
4325,37,Grocery,1,2025,309.18
4326,37,Healthcare,1,2025,116.65
4327,37,Miscellaneous,1,2025,100.0
4328,37,Recharge & Utilities,1,2025,100.0
4329,37,Shopping,1,2025,235.87
4330,37,Transportation,1,2025,559.61
4331,37,Education,2,2025,369.39
4332,37,Entertainment,2,2025,239.7
4333,37,Food & Dining,2,2025,428.23
4334,37,Friends & Family,2,2025,100.0
4335,37,Grocery,2,2025,317.46
4336,37,Healthcare,2,2025,122.31
4337,37,Miscellaneous,2,2025,100.0
4338,37,Recharge & Utilities,2,2025,100.0
4339,37,Shopping,2,2025,216.65
4340,37,Transportation,2,2025,642.83
4341,37,Education,3,2025,336.95
4342,37,Entertainment,3,2025,247.53
4343,37,Food & Dining,3,2025,428.84
4344,37,Friends & Family,3,2025,100.0
4345,37,Grocery,3,2025,364.67
4346,37,Healthcare,3,2025,122.91
4347,37,Miscellaneous,3,2025,100.0
4348,37,Recharge & Utilities,3,2025,100.0
4349,37,Shopping,3,2025,211.75
4350,37,Transportation,3,2025,550.65
4351,37,Education,4,2025,340.79
4352,37,Entertainment,4,2025,226.45
4353,37,Food & Dining,4,2025,373.19
4354,37,Friends & Family,4,2025,100.0
4355,37,Grocery,4,2025,342.42
4356,37,Healthcare,4,2025,101.17
4357,37,Miscellaneous,4,2025,100.0
4358,37,Recharge & Utilities,4,2025,100.0
4359,37,Shopping,4,2025,234.56
4360,37,Transportation,4,2025,572.97
4361,37,Education,5,2025,319.08
4362,37,Entertainment,5,2025,233.59
4363,37,Food & Dining,5,2025,392.66
4364,37,Friends & Family,5,2025,100.0
4365,37,Grocery,5,2025,302.34
4366,37,Healthcare,5,2025,104.3
4367,37,Miscellaneous,5,2025,100.0
4368,37,Recharge & Utilities,5,2025,100.0
4369,37,Shopping,5,2025,225.33
4370,37,Transportation,5,2025,586.18
4371,37,Education,6,2025,311.94
4372,37,Entertainment,6,2025,240.81
4373,37,Food & Dining,6,2025,398.37
4374,37,Friends & Family,6,2025,100.0
4375,37,Grocery,6,2025,386.02
4376,37,Healthcare,6,2025,105.38
4377,37,Miscellaneous,6,2025,100.0
4378,37,Recharge & Utilities,6,2025,100.0
4379,37,Shopping,6,2025,220.33
4380,37,Transportation,6,2025,633.05
4381,37,Education,7,2025,398.79
4382,37,Entertainment,7,2025,211.61
4383,37,Food & Dining,7,2025,413.95
4384,37,Friends & Family,7,2025,100.0
4385,37,Grocery,7,2025,386.05
4386,37,Healthcare,7,2025,110.51
4387,37,Miscellaneous,7,2025,100.0
4388,37,Recharge & Utilities,7,2025,100.0
4389,37,Shopping,7,2025,216.28
4390,37,Transportation,7,2025,581.73
4391,37,Education,8,2025,400.29
4392,37,Entertainment,8,2025,219.65
4393,37,Food & Dining,8,2025,405.83
4394,37,Friends & Family,8,2025,100.0
4395,37,Grocery,8,2025,343.33
4396,37,Healthcare,8,2025,105.1
4397,37,Miscellaneous,8,2025,100.0
4398,37,Recharge & Utilities,8,2025,100.0
4399,37,Shopping,8,2025,220.13
4400,37,Transportation,8,2025,509.2
4401,37,Education,9,2025,352.87
4402,37,Entertainment,9,2025,217.65
4403,37,Food & Dining,9,2025,460.06
4404,37,Friends & Family,9,2025,100.0
4405,37,Grocery,9,2025,325.69
4406,37,Healthcare,9,2025,111.26
4407,37,Miscellaneous,9,2025,100.0
4408,37,Recharge & Utilities,9,2025,100.0
4409,37,Shopping,9,2025,237.85
4410,37,Transportation,9,2025,653.26
4411,37,Education,10,2025,328.33
4412,37,Entertainment,10,2025,258.32
4413,37,Food & Dining,10,2025,454.46
4414,37,Friends & Family,10,2025,100.0
4415,37,Grocery,10,2025,352.66
4416,37,Healthcare,10,2025,122.7
4417,37,Miscellaneous,10,2025,100.0
4418,37,Recharge & Utilities,10,2025,100.0
4419,37,Shopping,10,2025,285.39
4420,37,Transportation,10,2025,571.54
4421,37,Education,11,2025,356.64
4422,37,Entertainment,11,2025,277.72
4423,37,Food & Dining,11,2025,432.16
4424,37,Friends & Family,11,2025,100.0
4425,37,Grocery,11,2025,345.44
4426,37,Healthcare,11,2025,122.66
4427,37,Miscellaneous,11,2025,100.0
4428,37,Recharge & Utilities,11,2025,100.0
4429,37,Shopping,11,2025,294.08
4430,37,Transportation,11,2025,597.24
4431,37,Education,12,2025,354.94
4432,37,Entertainment,12,2025,202.94
4433,37,Food & Dining,12,2025,428.16
4434,37,Friends & Family,12,2025,100.0
4435,37,Grocery,12,2025,357.65
4436,37,Healthcare,12,2025,114.91
4437,37,Miscellaneous,12,2025,100.0
4438,37,Recharge & Utilities,12,2025,100.0
4439,37,Shopping,12,2025,206.9
4440,37,Transportation,12,2025,614.58
4441,38,Education,1,2025,583.81
4442,38,Entertainment,1,2025,287.24
4443,38,Food & Dining,1,2025,562.94
4444,38,Friends & Family,1,2025,100.0
4445,38,Grocery,1,2025,472.65
4446,38,Healthcare,1,2025,143.91
4447,38,Miscellaneous,1,2025,100.0
4448,38,Recharge & Utilities,1,2025,100.0
4449,38,Shopping,1,2025,289.67
4450,38,Transportation,1,2025,742.37
4451,38,Education,2,2025,491.49
4452,38,Entertainment,2,2025,290.19
4453,38,Food & Dining,2,2025,579.38
4454,38,Friends & Family,2,2025,100.0
4455,38,Grocery,2,2025,521.35
4456,38,Healthcare,2,2025,141.7
4457,38,Miscellaneous,2,2025,100.0
4458,38,Recharge & Utilities,2,2025,100.0
4459,38,Shopping,2,2025,348.56
4460,38,Transportation,2,2025,721.59
4461,38,Education,3,2025,501.07
4462,38,Entertainment,3,2025,287.64
4463,38,Food & Dining,3,2025,587.85
4464,38,Friends & Family,3,2025,100.0
4465,38,Grocery,3,2025,501.49
4466,38,Healthcare,3,2025,166.43
4467,38,Miscellaneous,3,2025,100.0
4468,38,Recharge & Utilities,3,2025,100.0
4469,38,Shopping,3,2025,342.11
4470,38,Transportation,3,2025,791.86
4471,38,Education,4,2025,458.95
4472,38,Entertainment,4,2025,308.21
4473,38,Food & Dining,4,2025,507.74
4474,38,Friends & Family,4,2025,100.0
4475,38,Grocery,4,2025,465.49
4476,38,Healthcare,4,2025,132.05
4477,38,Miscellaneous,4,2025,100.0
4478,38,Recharge & Utilities,4,2025,100.0
4479,38,Shopping,4,2025,308.73
4480,38,Transportation,4,2025,683.4
4481,38,Education,5,2025,415.47
4482,38,Entertainment,5,2025,306.99
4483,38,Food & Dining,5,2025,594.14
4484,38,Friends & Family,5,2025,100.0
4485,38,Grocery,5,2025,476.14
4486,38,Healthcare,5,2025,161.45
4487,38,Miscellaneous,5,2025,100.0
4488,38,Recharge & Utilities,5,2025,100.0
4489,38,Shopping,5,2025,319.87
4490,38,Transportation,5,2025,901.97
4491,38,Education,6,2025,527.04
4492,38,Entertainment,6,2025,300.76
4493,38,Food & Dining,6,2025,542.24
4494,38,Friends & Family,6,2025,100.0
4495,38,Grocery,6,2025,449.86
4496,38,Healthcare,6,2025,172.54
4497,38,Miscellaneous,6,2025,100.0
4498,38,Recharge & Utilities,6,2025,100.0
4499,38,Shopping,6,2025,334.26
4500,38,Transportation,6,2025,911.73
4501,38,Education,7,2025,586.97
4502,38,Entertainment,7,2025,326.62
4503,38,Food & Dining,7,2025,574.94
4504,38,Friends & Family,7,2025,104.39
4505,38,Grocery,7,2025,522.14
4506,38,Healthcare,7,2025,154.09
4507,38,Miscellaneous,7,2025,100.0
4508,38,Recharge & Utilities,7,2025,100.0
4509,38,Shopping,7,2025,334.49
4510,38,Transportation,7,2025,722.52
4511,38,Education,8,2025,608.84
4512,38,Entertainment,8,2025,294.41
4513,38,Food & Dining,8,2025,560.59
4514,38,Friends & Family,8,2025,100.0
4515,38,Grocery,8,2025,493.96
4516,38,Healthcare,8,2025,150.62
4517,38,Miscellaneous,8,2025,100.0
4518,38,Recharge & Utilities,8,2025,100.0
4519,38,Shopping,8,2025,282.89
4520,38,Transportation,8,2025,818.86
4521,38,Education,9,2025,477.86
4522,38,Entertainment,9,2025,273.61
4523,38,Food & Dining,9,2025,594.97
4524,38,Friends & Family,9,2025,100.0
4525,38,Grocery,9,2025,442.35
4526,38,Healthcare,9,2025,157.03
4527,38,Miscellaneous,9,2025,100.0
4528,38,Recharge & Utilities,9,2025,100.0
4529,38,Shopping,9,2025,308.16
4530,38,Transportation,9,2025,729.05
4531,38,Education,10,2025,515.49
4532,38,Entertainment,10,2025,352.68
4533,38,Food & Dining,10,2025,647.03
4534,38,Friends & Family,10,2025,100.0
4535,38,Grocery,10,2025,479.27
4536,38,Healthcare,10,2025,180.68
4537,38,Miscellaneous,10,2025,100.0
4538,38,Recharge & Utilities,10,2025,100.0
4539,38,Shopping,10,2025,409.59
4540,38,Transportation,10,2025,872.28
4541,38,Education,11,2025,506.82
4542,38,Entertainment,11,2025,360.89
4543,38,Food & Dining,11,2025,659.76
4544,38,Friends & Family,11,2025,100.0
4545,38,Grocery,11,2025,411.75
4546,38,Healthcare,11,2025,164.59
4547,38,Miscellaneous,11,2025,100.0
4548,38,Recharge & Utilities,11,2025,100.0
4549,38,Shopping,11,2025,397.95
4550,38,Transportation,11,2025,749.99
4551,38,Education,12,2025,451.53
4552,38,Entertainment,12,2025,329.89
4553,38,Food & Dining,12,2025,582.8
4554,38,Friends & Family,12,2025,100.0
4555,38,Grocery,12,2025,443.28
4556,38,Healthcare,12,2025,145.7
4557,38,Miscellaneous,12,2025,100.0
4558,38,Recharge & Utilities,12,2025,100.0
4559,38,Shopping,12,2025,321.79
4560,38,Transportation,12,2025,808.77
4561,39,Education,1,2025,965.23
4562,39,Entertainment,1,2025,498.93
4563,39,Food & Dining,1,2025,889.35
4564,39,Friends & Family,1,2025,137.79
4565,39,Grocery,1,2025,718.37
4566,39,Healthcare,1,2025,226.14
4567,39,Miscellaneous,1,2025,100.0
4568,39,Recharge & Utilities,1,2025,100.0
4569,39,Shopping,1,2025,530.28
4570,39,Transportation,1,2025,1154.96
4571,39,Education,2,2025,760.59
4572,39,Entertainment,2,2025,499.7
4573,39,Food & Dining,2,2025,862.14
4574,39,Friends & Family,2,2025,142.18
4575,39,Grocery,2,2025,697.36
4576,39,Healthcare,2,2025,250.24
4577,39,Miscellaneous,2,2025,100.0
4578,39,Recharge & Utilities,2,2025,100.64
4579,39,Shopping,2,2025,496.63
4580,39,Transportation,2,2025,1085.56
4581,39,Education,3,2025,700.46
4582,39,Entertainment,3,2025,464.53
4583,39,Food & Dining,3,2025,871.08
4584,39,Friends & Family,3,2025,139.99
4585,39,Grocery,3,2025,679.91
4586,39,Healthcare,3,2025,210.46
4587,39,Miscellaneous,3,2025,100.0
4588,39,Recharge & Utilities,3,2025,100.0
4589,39,Shopping,3,2025,488.5
4590,39,Transportation,3,2025,1157.57
4591,39,Education,4,2025,789.32
4592,39,Entertainment,4,2025,495.34
4593,39,Food & Dining,4,2025,996.64
4594,39,Friends & Family,4,2025,148.77
4595,39,Grocery,4,2025,773.97
4596,39,Healthcare,4,2025,265.91
4597,39,Miscellaneous,4,2025,100.0
4598,39,Recharge & Utilities,4,2025,100.0
4599,39,Shopping,4,2025,452.91
4600,39,Transportation,4,2025,1162.43
4601,39,Education,5,2025,775.41
4602,39,Entertainment,5,2025,484.44
4603,39,Food & Dining,5,2025,867.97
4604,39,Friends & Family,5,2025,144.0
4605,39,Grocery,5,2025,700.86
4606,39,Healthcare,5,2025,230.74
4607,39,Miscellaneous,5,2025,100.0
4608,39,Recharge & Utilities,5,2025,100.0
4609,39,Shopping,5,2025,488.53
4610,39,Transportation,5,2025,1397.54
4611,39,Education,6,2025,671.03
4612,39,Entertainment,6,2025,477.31
4613,39,Food & Dining,6,2025,821.54
4614,39,Friends & Family,6,2025,139.06
4615,39,Grocery,6,2025,671.13
4616,39,Healthcare,6,2025,268.1
4617,39,Miscellaneous,6,2025,100.0
4618,39,Recharge & Utilities,6,2025,107.55
4619,39,Shopping,6,2025,514.46
4620,39,Transportation,6,2025,1595.88
4621,39,Education,7,2025,913.52
4622,39,Entertainment,7,2025,449.12
4623,39,Food & Dining,7,2025,935.14
4624,39,Friends & Family,7,2025,158.2
4625,39,Grocery,7,2025,726.69
4626,39,Healthcare,7,2025,241.18
4627,39,Miscellaneous,7,2025,100.0
4628,39,Recharge & Utilities,7,2025,100.0
4629,39,Shopping,7,2025,544.6
4630,39,Transportation,7,2025,1319.06
4631,39,Education,8,2025,806.94
4632,39,Entertainment,8,2025,516.29
4633,39,Food & Dining,8,2025,956.41
4634,39,Friends & Family,8,2025,152.83
4635,39,Grocery,8,2025,734.19
4636,39,Healthcare,8,2025,259.5
4637,39,Miscellaneous,8,2025,100.0
4638,39,Recharge & Utilities,8,2025,100.98
4639,39,Shopping,8,2025,447.43
4640,39,Transportation,8,2025,1361.85
4641,39,Education,9,2025,748.23
4642,39,Entertainment,9,2025,456.3
4643,39,Food & Dining,9,2025,790.04
4644,39,Friends & Family,9,2025,132.28
4645,39,Grocery,9,2025,736.35
4646,39,Healthcare,9,2025,221.01
4647,39,Miscellaneous,9,2025,100.0
4648,39,Recharge & Utilities,9,2025,100.0
4649,39,Shopping,9,2025,471.14
4650,39,Transportation,9,2025,1095.7
4651,39,Education,10,2025,665.0
4652,39,Entertainment,10,2025,505.94
4653,39,Food & Dining,10,2025,1000.49
4654,39,Friends & Family,10,2025,130.43
4655,39,Grocery,10,2025,699.86
4656,39,Healthcare,10,2025,241.9
4657,39,Miscellaneous,10,2025,100.0
4658,39,Recharge & Utilities,10,2025,100.0
4659,39,Shopping,10,2025,545.47
4660,39,Transportation,10,2025,1165.96
4661,39,Education,11,2025,752.65
4662,39,Entertainment,11,2025,453.09
4663,39,Food & Dining,11,2025,955.78
4664,39,Friends & Family,11,2025,132.17
4665,39,Grocery,11,2025,632.55
4666,39,Healthcare,11,2025,211.93
4667,39,Miscellaneous,11,2025,100.0
4668,39,Recharge & Utilities,11,2025,102.76
4669,39,Shopping,11,2025,550.68
4670,39,Transportation,11,2025,1220.93
4671,39,Education,12,2025,733.94
4672,39,Entertainment,12,2025,458.6
4673,39,Food & Dining,12,2025,937.18
4674,39,Friends & Family,12,2025,139.89
4675,39,Grocery,12,2025,746.74
4676,39,Healthcare,12,2025,264.45
4677,39,Miscellaneous,12,2025,100.0
4678,39,Recharge & Utilities,12,2025,100.0
4679,39,Shopping,12,2025,458.1
4680,39,Transportation,12,2025,1300.27
4681,40,Education,1,2025,678.54
4682,40,Entertainment,1,2025,345.37
4683,40,Food & Dining,1,2025,727.01
4684,40,Friends & Family,1,2025,110.76
4685,40,Grocery,1,2025,504.95
4686,40,Healthcare,1,2025,168.14
4687,40,Miscellaneous,1,2025,100.0
4688,40,Recharge & Utilities,1,2025,100.0
4689,40,Shopping,1,2025,398.65
4690,40,Transportation,1,2025,1008.41
4691,40,Education,2,2025,548.54
4692,40,Entertainment,2,2025,371.77
4693,40,Food & Dining,2,2025,705.79
4694,40,Friends & Family,2,2025,119.09
4695,40,Grocery,2,2025,506.64
4696,40,Healthcare,2,2025,178.31
4697,40,Miscellaneous,2,2025,100.0
4698,40,Recharge & Utilities,2,2025,100.0
4699,40,Shopping,2,2025,357.06
4700,40,Transportation,2,2025,912.83
4701,40,Education,3,2025,547.27
4702,40,Entertainment,3,2025,343.19
4703,40,Food & Dining,3,2025,606.79
4704,40,Friends & Family,3,2025,104.53
4705,40,Grocery,3,2025,594.97
4706,40,Healthcare,3,2025,192.31
4707,40,Miscellaneous,3,2025,100.0
4708,40,Recharge & Utilities,3,2025,100.0
4709,40,Shopping,3,2025,376.02
4710,40,Transportation,3,2025,866.9
4711,40,Education,4,2025,525.64
4712,40,Entertainment,4,2025,395.15
4713,40,Food & Dining,4,2025,640.6
4714,40,Friends & Family,4,2025,120.78
4715,40,Grocery,4,2025,570.86
4716,40,Healthcare,4,2025,172.4
4717,40,Miscellaneous,4,2025,100.0
4718,40,Recharge & Utilities,4,2025,100.0
4719,40,Shopping,4,2025,335.61
4720,40,Transportation,4,2025,1029.16
4721,40,Education,5,2025,562.56
4722,40,Entertainment,5,2025,381.64
4723,40,Food & Dining,5,2025,628.87
4724,40,Friends & Family,5,2025,108.26
4725,40,Grocery,5,2025,588.45
4726,40,Healthcare,5,2025,181.79
4727,40,Miscellaneous,5,2025,100.0
4728,40,Recharge & Utilities,5,2025,100.0
4729,40,Shopping,5,2025,336.98
4730,40,Transportation,5,2025,1207.87
4731,40,Education,6,2025,489.47
4732,40,Entertainment,6,2025,366.59
4733,40,Food & Dining,6,2025,721.63
4734,40,Friends & Family,6,2025,111.98
4735,40,Grocery,6,2025,596.05
4736,40,Healthcare,6,2025,177.58
4737,40,Miscellaneous,6,2025,100.0
4738,40,Recharge & Utilities,6,2025,100.0
4739,40,Shopping,6,2025,321.51
4740,40,Transportation,6,2025,1041.22
4741,40,Education,7,2025,674.34
4742,40,Entertainment,7,2025,412.14
4743,40,Food & Dining,7,2025,695.67
4744,40,Friends & Family,7,2025,113.77
4745,40,Grocery,7,2025,506.82
4746,40,Healthcare,7,2025,190.15
4747,40,Miscellaneous,7,2025,100.0
4748,40,Recharge & Utilities,7,2025,100.0
4749,40,Shopping,7,2025,363.21
4750,40,Transportation,7,2025,1032.97
4751,40,Education,8,2025,598.79
4752,40,Entertainment,8,2025,321.59
4753,40,Food & Dining,8,2025,624.05
4754,40,Friends & Family,8,2025,106.88
4755,40,Grocery,8,2025,518.68
4756,40,Healthcare,8,2025,157.31
4757,40,Miscellaneous,8,2025,100.0
4758,40,Recharge & Utilities,8,2025,100.0
4759,40,Shopping,8,2025,366.61
4760,40,Transportation,8,2025,808.96
4761,40,Education,9,2025,539.75
4762,40,Entertainment,9,2025,361.54
4763,40,Food & Dining,9,2025,695.5
4764,40,Friends & Family,9,2025,107.49
4765,40,Grocery,9,2025,573.01
4766,40,Healthcare,9,2025,199.54
4767,40,Miscellaneous,9,2025,100.0
4768,40,Recharge & Utilities,9,2025,100.0
4769,40,Shopping,9,2025,396.9
4770,40,Transportation,9,2025,984.37
4771,40,Education,10,2025,549.79
4772,40,Entertainment,10,2025,375.38
4773,40,Food & Dining,10,2025,797.77
4774,40,Friends & Family,10,2025,113.95
4775,40,Grocery,10,2025,535.34
4776,40,Healthcare,10,2025,175.53
4777,40,Miscellaneous,10,2025,100.0
4778,40,Recharge & Utilities,10,2025,100.0
4779,40,Shopping,10,2025,460.39
4780,40,Transportation,10,2025,1030.12
4781,40,Education,11,2025,657.22
4782,40,Entertainment,11,2025,414.21
4783,40,Food & Dining,11,2025,852.96
4784,40,Friends & Family,11,2025,108.15
4785,40,Grocery,11,2025,652.87
4786,40,Healthcare,11,2025,177.47
4787,40,Miscellaneous,11,2025,100.0
4788,40,Recharge & Utilities,11,2025,100.0
4789,40,Shopping,11,2025,468.03
4790,40,Transportation,11,2025,1078.14
4791,40,Education,12,2025,502.19
4792,40,Entertainment,12,2025,328.56
4793,40,Food & Dining,12,2025,649.54
4794,40,Friends & Family,12,2025,101.38
4795,40,Grocery,12,2025,499.13
4796,40,Healthcare,12,2025,160.73
4797,40,Miscellaneous,12,2025,100.0
4798,40,Recharge & Utilities,12,2025,100.0
4799,40,Shopping,12,2025,350.69
4800,40,Transportation,12,2025,1089.21
4801,41,Education,1,2025,1522.68
4802,41,Entertainment,1,2025,172.04
4803,41,Food & Dining,1,2025,910.86
4804,41,Friends & Family,1,2025,265.86
4805,41,Grocery,1,2025,1484.73
4806,41,Healthcare,1,2025,263.16
4807,41,Miscellaneous,1,2025,100.0
4808,41,Recharge & Utilities,1,2025,251.45
4809,41,Shopping,1,2025,169.08
4810,41,Transportation,1,2025,508.13
4811,41,Education,2,2025,1193.83
4812,41,Entertainment,2,2025,176.58
4813,41,Food & Dining,2,2025,790.0
4814,41,Friends & Family,2,2025,238.38
4815,41,Grocery,2,2025,1479.15
4816,41,Healthcare,2,2025,235.37
4817,41,Miscellaneous,2,2025,100.38
4818,41,Recharge & Utilities,2,2025,274.99
4819,41,Shopping,2,2025,142.51
4820,41,Transportation,2,2025,499.84
4821,41,Education,3,2025,1151.7
4822,41,Entertainment,3,2025,185.84
4823,41,Food & Dining,3,2025,913.2
4824,41,Friends & Family,3,2025,253.03
4825,41,Grocery,3,2025,1546.91
4826,41,Healthcare,3,2025,241.04
4827,41,Miscellaneous,3,2025,100.0
4828,41,Recharge & Utilities,3,2025,275.52
4829,41,Shopping,3,2025,155.38
4830,41,Transportation,3,2025,492.78
4831,41,Education,4,2025,1117.61
4832,41,Entertainment,4,2025,170.68
4833,41,Food & Dining,4,2025,778.35
4834,41,Friends & Family,4,2025,253.91
4835,41,Grocery,4,2025,1288.75
4836,41,Healthcare,4,2025,228.66
4837,41,Miscellaneous,4,2025,100.0
4838,41,Recharge & Utilities,4,2025,266.41
4839,41,Shopping,4,2025,163.73
4840,41,Transportation,4,2025,474.52
4841,41,Education,5,2025,1204.32
4842,41,Entertainment,5,2025,153.47
4843,41,Food & Dining,5,2025,793.97
4844,41,Friends & Family,5,2025,248.82
4845,41,Grocery,5,2025,1546.34
4846,41,Healthcare,5,2025,239.9
4847,41,Miscellaneous,5,2025,100.0
4848,41,Recharge & Utilities,5,2025,225.44
4849,41,Shopping,5,2025,145.03
4850,41,Transportation,5,2025,581.6
4851,41,Education,6,2025,1103.72
4852,41,Entertainment,6,2025,169.32
4853,41,Food & Dining,6,2025,847.47
4854,41,Friends & Family,6,2025,241.12
4855,41,Grocery,6,2025,1489.17
4856,41,Healthcare,6,2025,258.35
4857,41,Miscellaneous,6,2025,101.04
4858,41,Recharge & Utilities,6,2025,237.14
4859,41,Shopping,6,2025,165.49
4860,41,Transportation,6,2025,590.17
4861,41,Education,7,2025,1226.3
4862,41,Entertainment,7,2025,163.8
4863,41,Food & Dining,7,2025,801.55
4864,41,Friends & Family,7,2025,250.61
4865,41,Grocery,7,2025,1344.1
4866,41,Healthcare,7,2025,230.69
4867,41,Miscellaneous,7,2025,102.74
4868,41,Recharge & Utilities,7,2025,245.16
4869,41,Shopping,7,2025,159.09
4870,41,Transportation,7,2025,542.18
4871,41,Education,8,2025,1071.11
4872,41,Entertainment,8,2025,137.93
4873,41,Food & Dining,8,2025,786.86
4874,41,Friends & Family,8,2025,213.26
4875,41,Grocery,8,2025,1397.98
4876,41,Healthcare,8,2025,207.98
4877,41,Miscellaneous,8,2025,100.0
4878,41,Recharge & Utilities,8,2025,229.76
4879,41,Shopping,8,2025,123.69
4880,41,Transportation,8,2025,400.46
4881,41,Education,9,2025,1069.92
4882,41,Entertainment,9,2025,172.29
4883,41,Food & Dining,9,2025,821.85
4884,41,Friends & Family,9,2025,223.05
4885,41,Grocery,9,2025,1457.34
4886,41,Healthcare,9,2025,224.26
4887,41,Miscellaneous,9,2025,100.0
4888,41,Recharge & Utilities,9,2025,216.7
4889,41,Shopping,9,2025,132.1
4890,41,Transportation,9,2025,448.35
4891,41,Education,10,2025,1212.34
4892,41,Entertainment,10,2025,182.19
4893,41,Food & Dining,10,2025,881.99
4894,41,Friends & Family,10,2025,267.34
4895,41,Grocery,10,2025,1475.16
4896,41,Healthcare,10,2025,266.39
4897,41,Miscellaneous,10,2025,100.29
4898,41,Recharge & Utilities,10,2025,268.93
4899,41,Shopping,10,2025,212.24
4900,41,Transportation,10,2025,559.46
4901,41,Education,11,2025,987.6
4902,41,Entertainment,11,2025,171.21
4903,41,Food & Dining,11,2025,852.2
4904,41,Friends & Family,11,2025,224.34
4905,41,Grocery,11,2025,1308.04
4906,41,Healthcare,11,2025,240.48
4907,41,Miscellaneous,11,2025,100.0
4908,41,Recharge & Utilities,11,2025,230.11
4909,41,Shopping,11,2025,176.93
4910,41,Transportation,11,2025,497.91
4911,41,Education,12,2025,1293.03
4912,41,Entertainment,12,2025,185.5
4913,41,Food & Dining,12,2025,913.61
4914,41,Friends & Family,12,2025,278.66
4915,41,Grocery,12,2025,1693.28
4916,41,Healthcare,12,2025,257.08
4917,41,Miscellaneous,12,2025,106.47
4918,41,Recharge & Utilities,12,2025,252.84
4919,41,Shopping,12,2025,170.07
4920,41,Transportation,12,2025,559.7
4921,42,Education,1,2025,972.42
4922,42,Entertainment,1,2025,126.15
4923,42,Food & Dining,1,2025,660.46
4924,42,Friends & Family,1,2025,195.87
4925,42,Grocery,1,2025,1036.27
4926,42,Healthcare,1,2025,166.48
4927,42,Miscellaneous,1,2025,100.0
4928,42,Recharge & Utilities,1,2025,172.89
4929,42,Shopping,1,2025,125.02
4930,42,Transportation,1,2025,348.98
4931,42,Education,2,2025,825.42
4932,42,Entertainment,2,2025,118.05
4933,42,Food & Dining,2,2025,596.08
4934,42,Friends & Family,2,2025,178.48
4935,42,Grocery,2,2025,1012.17
4936,42,Healthcare,2,2025,173.52
4937,42,Miscellaneous,2,2025,100.0
4938,42,Recharge & Utilities,2,2025,182.4
4939,42,Shopping,2,2025,121.33
4940,42,Transportation,2,2025,389.13
4941,42,Education,3,2025,782.61
4942,42,Entertainment,3,2025,137.79
4943,42,Food & Dining,3,2025,622.82
4944,42,Friends & Family,3,2025,199.31
4945,42,Grocery,3,2025,1156.05
4946,42,Healthcare,3,2025,184.15
4947,42,Miscellaneous,3,2025,100.0
4948,42,Recharge & Utilities,3,2025,186.02
4949,42,Shopping,3,2025,106.11
4950,42,Transportation,3,2025,405.67
4951,42,Education,4,2025,853.58
4952,42,Entertainment,4,2025,115.75
4953,42,Food & Dining,4,2025,548.23
4954,42,Friends & Family,4,2025,161.2
4955,42,Grocery,4,2025,1060.13
4956,42,Healthcare,4,2025,170.81
4957,42,Miscellaneous,4,2025,100.0
4958,42,Recharge & Utilities,4,2025,181.48
4959,42,Shopping,4,2025,106.33
4960,42,Transportation,4,2025,360.29
4961,42,Education,5,2025,764.68
4962,42,Entertainment,5,2025,121.54
4963,42,Food & Dining,5,2025,546.44
4964,42,Friends & Family,5,2025,168.61
4965,42,Grocery,5,2025,1160.35
4966,42,Healthcare,5,2025,179.81
4967,42,Miscellaneous,5,2025,100.0
4968,42,Recharge & Utilities,5,2025,175.08
4969,42,Shopping,5,2025,112.36
4970,42,Transportation,5,2025,426.0
4971,42,Education,6,2025,914.85
4972,42,Entertainment,6,2025,129.65
4973,42,Food & Dining,6,2025,704.57
4974,42,Friends & Family,6,2025,205.51
4975,42,Grocery,6,2025,1272.47
4976,42,Healthcare,6,2025,206.92
4977,42,Miscellaneous,6,2025,100.0
4978,42,Recharge & Utilities,6,2025,217.99
4979,42,Shopping,6,2025,124.04
4980,42,Transportation,6,2025,507.52
4981,42,Education,7,2025,989.15
4982,42,Entertainment,7,2025,140.24
4983,42,Food & Dining,7,2025,641.06
4984,42,Friends & Family,7,2025,192.46
4985,42,Grocery,7,2025,1123.71
4986,42,Healthcare,7,2025,210.07
4987,42,Miscellaneous,7,2025,100.0
4988,42,Recharge & Utilities,7,2025,197.78
4989,42,Shopping,7,2025,112.16
4990,42,Transportation,7,2025,390.24
4991,42,Education,8,2025,970.64
4992,42,Entertainment,8,2025,117.37
4993,42,Food & Dining,8,2025,586.89
4994,42,Friends & Family,8,2025,184.15
4995,42,Grocery,8,2025,1044.26
4996,42,Healthcare,8,2025,176.91
4997,42,Miscellaneous,8,2025,100.0
4998,42,Recharge & Utilities,8,2025,179.99
4999,42,Shopping,8,2025,110.86
5000,42,Transportation,8,2025,336.42
5001,42,Education,9,2025,920.14
5002,42,Entertainment,9,2025,127.82
5003,42,Food & Dining,9,2025,551.71
5004,42,Friends & Family,9,2025,198.97
5005,42,Grocery,9,2025,1182.31
5006,42,Healthcare,9,2025,181.05
5007,42,Miscellaneous,9,2025,100.0
5008,42,Recharge & Utilities,9,2025,188.87
5009,42,Shopping,9,2025,115.27
5010,42,Transportation,9,2025,346.9
5011,42,Education,10,2025,873.17
5012,42,Entertainment,10,2025,130.64
5013,42,Food & Dining,10,2025,609.39
5014,42,Friends & Family,10,2025,190.42
5015,42,Grocery,10,2025,1048.13
5016,42,Healthcare,10,2025,198.17
5017,42,Miscellaneous,10,2025,100.0
5018,42,Recharge & Utilities,10,2025,183.35
5019,42,Shopping,10,2025,126.47
5020,42,Transportation,10,2025,335.37
5021,42,Education,11,2025,843.94
5022,42,Entertainment,11,2025,152.03
5023,42,Food & Dining,11,2025,605.8
5024,42,Friends & Family,11,2025,171.03
5025,42,Grocery,11,2025,1043.87
5026,42,Healthcare,11,2025,197.01
5027,42,Miscellaneous,11,2025,100.0
5028,42,Recharge & Utilities,11,2025,174.7
5029,42,Shopping,11,2025,148.8
5030,42,Transportation,11,2025,405.25
5031,42,Education,12,2025,882.57
5032,42,Entertainment,12,2025,124.3
5033,42,Food & Dining,12,2025,606.49
5034,42,Friends & Family,12,2025,194.01
5035,42,Grocery,12,2025,1099.42
5036,42,Healthcare,12,2025,166.74
5037,42,Miscellaneous,12,2025,100.0
5038,42,Recharge & Utilities,12,2025,180.58
5039,42,Shopping,12,2025,105.52
5040,42,Transportation,12,2025,387.19
5041,43,Education,1,2025,1201.95
5042,43,Entertainment,1,2025,182.26
5043,43,Food & Dining,1,2025,869.18
5044,43,Friends & Family,1,2025,231.6
5045,43,Grocery,1,2025,1438.43
5046,43,Healthcare,1,2025,226.99
5047,43,Miscellaneous,1,2025,100.0
5048,43,Recharge & Utilities,1,2025,251.2
5049,43,Shopping,1,2025,142.18
5050,43,Transportation,1,2025,536.34
5051,43,Education,2,2025,1058.18
5052,43,Entertainment,2,2025,158.23
5053,43,Food & Dining,2,2025,890.99
5054,43,Friends & Family,2,2025,275.97
5055,43,Grocery,2,2025,1497.9
5056,43,Healthcare,2,2025,272.8
5057,43,Miscellaneous,2,2025,112.54
5058,43,Recharge & Utilities,2,2025,257.02
5059,43,Shopping,2,2025,155.07
5060,43,Transportation,2,2025,549.93
5061,43,Education,3,2025,1006.14
5062,43,Entertainment,3,2025,161.43
5063,43,Food & Dining,3,2025,740.6
5064,43,Friends & Family,3,2025,249.06
5065,43,Grocery,3,2025,1524.45
5066,43,Healthcare,3,2025,219.91
5067,43,Miscellaneous,3,2025,100.0
5068,43,Recharge & Utilities,3,2025,264.1
5069,43,Shopping,3,2025,141.74
5070,43,Transportation,3,2025,519.74
5071,43,Education,4,2025,1066.66
5072,43,Entertainment,4,2025,182.63
5073,43,Food & Dining,4,2025,868.39
5074,43,Friends & Family,4,2025,271.11
5075,43,Grocery,4,2025,1500.89
5076,43,Healthcare,4,2025,266.83
5077,43,Miscellaneous,4,2025,110.99
5078,43,Recharge & Utilities,4,2025,269.07
5079,43,Shopping,4,2025,150.14
5080,43,Transportation,4,2025,525.39
5081,43,Education,5,2025,1148.27
5082,43,Entertainment,5,2025,153.26
5083,43,Food & Dining,5,2025,900.12
5084,43,Friends & Family,5,2025,275.95
5085,43,Grocery,5,2025,1436.82
5086,43,Healthcare,5,2025,242.6
5087,43,Miscellaneous,5,2025,100.0
5088,43,Recharge & Utilities,5,2025,229.05
5089,43,Shopping,5,2025,155.69
5090,43,Transportation,5,2025,594.58
5091,43,Education,6,2025,1049.75
5092,43,Entertainment,6,2025,190.93
5093,43,Food & Dining,6,2025,940.53
5094,43,Friends & Family,6,2025,237.38
5095,43,Grocery,6,2025,1684.93
5096,43,Healthcare,6,2025,278.35
5097,43,Miscellaneous,6,2025,100.8
5098,43,Recharge & Utilities,6,2025,249.73
5099,43,Shopping,6,2025,169.66
5100,43,Transportation,6,2025,619.6
5101,43,Education,7,2025,1385.41
5102,43,Entertainment,7,2025,163.07
5103,43,Food & Dining,7,2025,815.66
5104,43,Friends & Family,7,2025,264.79
5105,43,Grocery,7,2025,1476.92
5106,43,Healthcare,7,2025,222.14
5107,43,Miscellaneous,7,2025,100.99
5108,43,Recharge & Utilities,7,2025,233.81
5109,43,Shopping,7,2025,148.86
5110,43,Transportation,7,2025,530.41
5111,43,Education,8,2025,1282.54
5112,43,Entertainment,8,2025,176.78
5113,43,Food & Dining,8,2025,791.91
5114,43,Friends & Family,8,2025,248.97
5115,43,Grocery,8,2025,1435.95
5116,43,Healthcare,8,2025,262.68
5117,43,Miscellaneous,8,2025,100.0
5118,43,Recharge & Utilities,8,2025,228.91
5119,43,Shopping,8,2025,152.49
5120,43,Transportation,8,2025,434.77
5121,43,Education,9,2025,1044.14
5122,43,Entertainment,9,2025,173.08
5123,43,Food & Dining,9,2025,758.49
5124,43,Friends & Family,9,2025,255.27
5125,43,Grocery,9,2025,1544.5
5126,43,Healthcare,9,2025,243.96
5127,43,Miscellaneous,9,2025,100.0
5128,43,Recharge & Utilities,9,2025,217.28
5129,43,Shopping,9,2025,159.7
5130,43,Transportation,9,2025,457.96
5131,43,Education,10,2025,1206.09
5132,43,Entertainment,10,2025,203.28
5133,43,Food & Dining,10,2025,1001.5
5134,43,Friends & Family,10,2025,239.81
5135,43,Grocery,10,2025,1616.86
5136,43,Healthcare,10,2025,286.19
5137,43,Miscellaneous,10,2025,118.19
5138,43,Recharge & Utilities,10,2025,297.18
5139,43,Shopping,10,2025,206.73
5140,43,Transportation,10,2025,479.71
5141,43,Education,11,2025,1091.0
5142,43,Entertainment,11,2025,190.66
5143,43,Food & Dining,11,2025,873.01
5144,43,Friends & Family,11,2025,236.75
5145,43,Grocery,11,2025,1394.75
5146,43,Healthcare,11,2025,282.26
5147,43,Miscellaneous,11,2025,100.31
5148,43,Recharge & Utilities,11,2025,282.0
5149,43,Shopping,11,2025,174.45
5150,43,Transportation,11,2025,555.36
5151,43,Education,12,2025,1158.13
5152,43,Entertainment,12,2025,184.0
5153,43,Food & Dining,12,2025,903.15
5154,43,Friends & Family,12,2025,258.43
5155,43,Grocery,12,2025,1648.19
5156,43,Healthcare,12,2025,241.0
5157,43,Miscellaneous,12,2025,100.0
5158,43,Recharge & Utilities,12,2025,244.11
5159,43,Shopping,12,2025,153.47
5160,43,Transportation,12,2025,594.28
5161,44,Education,1,2025,1087.22
5162,44,Entertainment,1,2025,123.47
5163,44,Food & Dining,1,2025,722.67
5164,44,Friends & Family,1,2025,200.76
5165,44,Grocery,1,2025,1195.23
5166,44,Healthcare,1,2025,211.6
5167,44,Miscellaneous,1,2025,100.0
5168,44,Recharge & Utilities,1,2025,201.48
5169,44,Shopping,1,2025,115.49
5170,44,Transportation,1,2025,434.24
5171,44,Education,2,2025,1016.57
5172,44,Entertainment,2,2025,154.1
5173,44,Food & Dining,2,2025,794.72
5174,44,Friends & Family,2,2025,224.51
5175,44,Grocery,2,2025,1393.51
5176,44,Healthcare,2,2025,213.2
5177,44,Miscellaneous,2,2025,100.0
5178,44,Recharge & Utilities,2,2025,216.75
5179,44,Shopping,2,2025,127.21
5180,44,Transportation,2,2025,456.5
5181,44,Education,3,2025,820.19
5182,44,Entertainment,3,2025,124.32
5183,44,Food & Dining,3,2025,621.49
5184,44,Friends & Family,3,2025,178.9
5185,44,Grocery,3,2025,1227.84
5186,44,Healthcare,3,2025,186.53
5187,44,Miscellaneous,3,2025,100.0
5188,44,Recharge & Utilities,3,2025,187.2
5189,44,Shopping,3,2025,116.89
5190,44,Transportation,3,2025,419.16
5191,44,Education,4,2025,934.18
5192,44,Entertainment,4,2025,139.84
5193,44,Food & Dining,4,2025,660.95
5194,44,Friends & Family,4,2025,222.6
5195,44,Grocery,4,2025,1275.13
5196,44,Healthcare,4,2025,199.39
5197,44,Miscellaneous,4,2025,100.0
5198,44,Recharge & Utilities,4,2025,209.19
5199,44,Shopping,4,2025,135.58
5200,44,Transportation,4,2025,461.81
5201,44,Education,5,2025,965.85
5202,44,Entertainment,5,2025,145.58
5203,44,Food & Dining,5,2025,649.07
5204,44,Friends & Family,5,2025,232.19
5205,44,Grocery,5,2025,1389.4
5206,44,Healthcare,5,2025,226.81
5207,44,Miscellaneous,5,2025,100.0
5208,44,Recharge & Utilities,5,2025,217.63
5209,44,Shopping,5,2025,139.8
5210,44,Transportation,5,2025,457.04
5211,44,Education,6,2025,1057.98
5212,44,Entertainment,6,2025,137.85
5213,44,Food & Dining,6,2025,720.67
5214,44,Friends & Family,6,2025,200.27
5215,44,Grocery,6,2025,1287.06
5216,44,Healthcare,6,2025,237.03
5217,44,Miscellaneous,6,2025,100.0
5218,44,Recharge & Utilities,6,2025,244.63
5219,44,Shopping,6,2025,151.27
5220,44,Transportation,6,2025,516.21
5221,44,Education,7,2025,1085.39
5222,44,Entertainment,7,2025,159.79
5223,44,Food & Dining,7,2025,685.64
5224,44,Friends & Family,7,2025,198.87
5225,44,Grocery,7,2025,1337.98
5226,44,Healthcare,7,2025,198.55
5227,44,Miscellaneous,7,2025,100.0
5228,44,Recharge & Utilities,7,2025,225.0
5229,44,Shopping,7,2025,130.73
5230,44,Transportation,7,2025,380.96
5231,44,Education,8,2025,1069.2
5232,44,Entertainment,8,2025,131.22
5233,44,Food & Dining,8,2025,709.1
5234,44,Friends & Family,8,2025,201.25
5235,44,Grocery,8,2025,1132.99
5236,44,Healthcare,8,2025,219.29
5237,44,Miscellaneous,8,2025,100.0
5238,44,Recharge & Utilities,8,2025,211.64
5239,44,Shopping,8,2025,132.13
5240,44,Transportation,8,2025,420.35
5241,44,Education,9,2025,874.35
5242,44,Entertainment,9,2025,121.25
5243,44,Food & Dining,9,2025,630.58
5244,44,Friends & Family,9,2025,190.16
5245,44,Grocery,9,2025,1071.91
5246,44,Healthcare,9,2025,187.76
5247,44,Miscellaneous,9,2025,100.0
5248,44,Recharge & Utilities,9,2025,200.1
5249,44,Shopping,9,2025,117.48
5250,44,Transportation,9,2025,418.59
5251,44,Education,10,2025,1015.74
5252,44,Entertainment,10,2025,146.58
5253,44,Food & Dining,10,2025,706.75
5254,44,Friends & Family,10,2025,225.02
5255,44,Grocery,10,2025,1241.41
5256,44,Healthcare,10,2025,187.19
5257,44,Miscellaneous,10,2025,100.0
5258,44,Recharge & Utilities,10,2025,209.15
5259,44,Shopping,10,2025,168.68
5260,44,Transportation,10,2025,409.76
5261,44,Education,11,2025,1019.03
5262,44,Entertainment,11,2025,180.51
5263,44,Food & Dining,11,2025,875.78
5264,44,Friends & Family,11,2025,244.62
5265,44,Grocery,11,2025,1395.36
5266,44,Healthcare,11,2025,240.07
5267,44,Miscellaneous,11,2025,100.0
5268,44,Recharge & Utilities,11,2025,243.02
5269,44,Shopping,11,2025,181.97
5270,44,Transportation,11,2025,481.06
5271,44,Education,12,2025,918.43
5272,44,Entertainment,12,2025,139.38
5273,44,Food & Dining,12,2025,735.23
5274,44,Friends & Family,12,2025,200.8
5275,44,Grocery,12,2025,1188.42
5276,44,Healthcare,12,2025,201.28
5277,44,Miscellaneous,12,2025,100.0
5278,44,Recharge & Utilities,12,2025,231.08
5279,44,Shopping,12,2025,129.5
5280,44,Transportation,12,2025,529.29
5281,45,Education,1,2025,847.87
5282,45,Entertainment,1,2025,106.46
5283,45,Food & Dining,1,2025,481.52
5284,45,Friends & Family,1,2025,160.19
5285,45,Grocery,1,2025,947.82
5286,45,Healthcare,1,2025,146.39
5287,45,Miscellaneous,1,2025,100.0
5288,45,Recharge & Utilities,1,2025,152.52
5289,45,Shopping,1,2025,100.0
5290,45,Transportation,1,2025,280.74
5291,45,Education,2,2025,693.05
5292,45,Entertainment,2,2025,100.0
5293,45,Food & Dining,2,2025,491.95
5294,45,Friends & Family,2,2025,156.04
5295,45,Grocery,2,2025,898.84
5296,45,Healthcare,2,2025,132.33
5297,45,Miscellaneous,2,2025,100.0
5298,45,Recharge & Utilities,2,2025,131.68
5299,45,Shopping,2,2025,100.0
5300,45,Transportation,2,2025,296.74
5301,45,Education,3,2025,681.48
5302,45,Entertainment,3,2025,110.82
5303,45,Food & Dining,3,2025,513.01
5304,45,Friends & Family,3,2025,150.32
5305,45,Grocery,3,2025,1005.27
5306,45,Healthcare,3,2025,156.1
5307,45,Miscellaneous,3,2025,100.0
5308,45,Recharge & Utilities,3,2025,153.36
5309,45,Shopping,3,2025,100.0
5310,45,Transportation,3,2025,302.92
5311,45,Education,4,2025,697.72
5312,45,Entertainment,4,2025,104.59
5313,45,Food & Dining,4,2025,455.41
5314,45,Friends & Family,4,2025,159.8
5315,45,Grocery,4,2025,818.46
5316,45,Healthcare,4,2025,167.62
5317,45,Miscellaneous,4,2025,100.0
5318,45,Recharge & Utilities,4,2025,152.8
5319,45,Shopping,4,2025,100.0
5320,45,Transportation,4,2025,299.64
5321,45,Education,5,2025,742.37
5322,45,Entertainment,5,2025,100.0
5323,45,Food & Dining,5,2025,531.72
5324,45,Friends & Family,5,2025,158.34
5325,45,Grocery,5,2025,950.78
5326,45,Healthcare,5,2025,143.46
5327,45,Miscellaneous,5,2025,100.0
5328,45,Recharge & Utilities,5,2025,151.98
5329,45,Shopping,5,2025,102.65
5330,45,Transportation,5,2025,346.39
5331,45,Education,6,2025,584.84
5332,45,Entertainment,6,2025,100.0
5333,45,Food & Dining,6,2025,475.3
5334,45,Friends & Family,6,2025,132.23
5335,45,Grocery,6,2025,858.62
5336,45,Healthcare,6,2025,151.13
5337,45,Miscellaneous,6,2025,100.0
5338,45,Recharge & Utilities,6,2025,142.06
5339,45,Shopping,6,2025,100.0
5340,45,Transportation,6,2025,357.06
5341,45,Education,7,2025,824.66
5342,45,Entertainment,7,2025,100.86
5343,45,Food & Dining,7,2025,453.99
5344,45,Friends & Family,7,2025,143.43
5345,45,Grocery,7,2025,920.62
5346,45,Healthcare,7,2025,154.72
5347,45,Miscellaneous,7,2025,100.0
5348,45,Recharge & Utilities,7,2025,138.27
5349,45,Shopping,7,2025,100.0
5350,45,Transportation,7,2025,269.15
5351,45,Education,8,2025,704.42
5352,45,Entertainment,8,2025,100.0
5353,45,Food & Dining,8,2025,492.07
5354,45,Friends & Family,8,2025,129.13
5355,45,Grocery,8,2025,750.94
5356,45,Healthcare,8,2025,131.73
5357,45,Miscellaneous,8,2025,100.0
5358,45,Recharge & Utilities,8,2025,145.82
5359,45,Shopping,8,2025,100.0
5360,45,Transportation,8,2025,300.0
5361,45,Education,9,2025,626.75
5362,45,Entertainment,9,2025,100.0
5363,45,Food & Dining,9,2025,435.49
5364,45,Friends & Family,9,2025,151.11
5365,45,Grocery,9,2025,804.74
5366,45,Healthcare,9,2025,135.82
5367,45,Miscellaneous,9,2025,100.0
5368,45,Recharge & Utilities,9,2025,156.98
5369,45,Shopping,9,2025,100.0
5370,45,Transportation,9,2025,261.37
5371,45,Education,10,2025,725.16
5372,45,Entertainment,10,2025,106.12
5373,45,Food & Dining,10,2025,536.13
5374,45,Friends & Family,10,2025,155.98
5375,45,Grocery,10,2025,842.27
5376,45,Healthcare,10,2025,172.89
5377,45,Miscellaneous,10,2025,100.0
5378,45,Recharge & Utilities,10,2025,143.12
5379,45,Shopping,10,2025,111.54
5380,45,Transportation,10,2025,289.14
5381,45,Education,11,2025,649.51
5382,45,Entertainment,11,2025,110.17
5383,45,Food & Dining,11,2025,563.22
5384,45,Friends & Family,11,2025,144.13
5385,45,Grocery,11,2025,989.57
5386,45,Healthcare,11,2025,170.12
5387,45,Miscellaneous,11,2025,100.0
5388,45,Recharge & Utilities,11,2025,138.93
5389,45,Shopping,11,2025,126.7
5390,45,Transportation,11,2025,318.29
5391,45,Education,12,2025,649.01
5392,45,Entertainment,12,2025,101.79
5393,45,Food & Dining,12,2025,481.13
5394,45,Friends & Family,12,2025,162.87
5395,45,Grocery,12,2025,813.88
5396,45,Healthcare,12,2025,166.54
5397,45,Miscellaneous,12,2025,100.0
5398,45,Recharge & Utilities,12,2025,136.72
5399,45,Shopping,12,2025,100.58
5400,45,Transportation,12,2025,358.16
5401,46,Education,1,2025,1492.28
5402,46,Entertainment,1,2025,154.42
5403,46,Food & Dining,1,2025,867.19
5404,46,Friends & Family,1,2025,263.56
5405,46,Grocery,1,2025,1550.41
5406,46,Healthcare,1,2025,274.77
5407,46,Miscellaneous,1,2025,100.0
5408,46,Recharge & Utilities,1,2025,246.13
5409,46,Shopping,1,2025,143.01
5410,46,Transportation,1,2025,515.88
5411,46,Education,2,2025,1036.34
5412,46,Entertainment,2,2025,170.74
5413,46,Food & Dining,2,2025,922.74
5414,46,Friends & Family,2,2025,239.48
5415,46,Grocery,2,2025,1625.81
5416,46,Healthcare,2,2025,261.93
5417,46,Miscellaneous,2,2025,100.0
5418,46,Recharge & Utilities,2,2025,240.47
5419,46,Shopping,2,2025,159.41
5420,46,Transportation,2,2025,544.87
5421,46,Education,3,2025,1086.24
5422,46,Entertainment,3,2025,192.28
5423,46,Food & Dining,3,2025,795.43
5424,46,Friends & Family,3,2025,251.68
5425,46,Grocery,3,2025,1548.48
5426,46,Healthcare,3,2025,263.17
5427,46,Miscellaneous,3,2025,110.6
5428,46,Recharge & Utilities,3,2025,239.42
5429,46,Shopping,3,2025,158.49
5430,46,Transportation,3,2025,468.18
5431,46,Education,4,2025,1272.12
5432,46,Entertainment,4,2025,162.81
5433,46,Food & Dining,4,2025,883.75
5434,46,Friends & Family,4,2025,272.64
5435,46,Grocery,4,2025,1405.73
5436,46,Healthcare,4,2025,279.06
5437,46,Miscellaneous,4,2025,116.15
5438,46,Recharge & Utilities,4,2025,266.71
5439,46,Shopping,4,2025,160.95
5440,46,Transportation,4,2025,514.72
5441,46,Education,5,2025,1215.46
5442,46,Entertainment,5,2025,189.03
5443,46,Food & Dining,5,2025,939.38
5444,46,Friends & Family,5,2025,273.54
5445,46,Grocery,5,2025,1706.91
5446,46,Healthcare,5,2025,247.7
5447,46,Miscellaneous,5,2025,116.98
5448,46,Recharge & Utilities,5,2025,291.21
5449,46,Shopping,5,2025,161.72
5450,46,Transportation,5,2025,681.88
5451,46,Education,6,2025,1321.8
5452,46,Entertainment,6,2025,194.78
5453,46,Food & Dining,6,2025,923.27
5454,46,Friends & Family,6,2025,284.16
5455,46,Grocery,6,2025,1654.88
5456,46,Healthcare,6,2025,266.45
5457,46,Miscellaneous,6,2025,103.53
5458,46,Recharge & Utilities,6,2025,282.3
5459,46,Shopping,6,2025,176.04
5460,46,Transportation,6,2025,598.63
5461,46,Education,7,2025,1372.14
5462,46,Entertainment,7,2025,187.04
5463,46,Food & Dining,7,2025,876.13
5464,46,Friends & Family,7,2025,256.91
5465,46,Grocery,7,2025,1677.57
5466,46,Healthcare,7,2025,277.17
5467,46,Miscellaneous,7,2025,109.89
5468,46,Recharge & Utilities,7,2025,274.51
5469,46,Shopping,7,2025,158.26
5470,46,Transportation,7,2025,554.04
5471,46,Education,8,2025,1388.61
5472,46,Entertainment,8,2025,148.79
5473,46,Food & Dining,8,2025,839.93
5474,46,Friends & Family,8,2025,260.74
5475,46,Grocery,8,2025,1283.85
5476,46,Healthcare,8,2025,236.84
5477,46,Miscellaneous,8,2025,102.01
5478,46,Recharge & Utilities,8,2025,267.61
5479,46,Shopping,8,2025,166.1
5480,46,Transportation,8,2025,479.23
5481,46,Education,9,2025,1238.61
5482,46,Entertainment,9,2025,183.73
5483,46,Food & Dining,9,2025,850.43
5484,46,Friends & Family,9,2025,242.91
5485,46,Grocery,9,2025,1642.79
5486,46,Healthcare,9,2025,243.75
5487,46,Miscellaneous,9,2025,109.44
5488,46,Recharge & Utilities,9,2025,268.72
5489,46,Shopping,9,2025,145.76
5490,46,Transportation,9,2025,559.91
5491,46,Education,10,2025,1139.86
5492,46,Entertainment,10,2025,189.68
5493,46,Food & Dining,10,2025,994.65
5494,46,Friends & Family,10,2025,270.5
5495,46,Grocery,10,2025,1573.96
5496,46,Healthcare,10,2025,280.72
5497,46,Miscellaneous,10,2025,100.0
5498,46,Recharge & Utilities,10,2025,262.07
5499,46,Shopping,10,2025,203.85
5500,46,Transportation,10,2025,498.81
5501,46,Education,11,2025,1040.76
5502,46,Entertainment,11,2025,182.39
5503,46,Food & Dining,11,2025,959.95
5504,46,Friends & Family,11,2025,274.83
5505,46,Grocery,11,2025,1533.81
5506,46,Healthcare,11,2025,251.14
5507,46,Miscellaneous,11,2025,104.53
5508,46,Recharge & Utilities,11,2025,270.67
5509,46,Shopping,11,2025,184.73
5510,46,Transportation,11,2025,501.79
5511,46,Education,12,2025,1298.97
5512,46,Entertainment,12,2025,199.07
5513,46,Food & Dining,12,2025,925.43
5514,46,Friends & Family,12,2025,265.18
5515,46,Grocery,12,2025,1521.42
5516,46,Healthcare,12,2025,271.63
5517,46,Miscellaneous,12,2025,109.93
5518,46,Recharge & Utilities,12,2025,271.18
5519,46,Shopping,12,2025,155.05
5520,46,Transportation,12,2025,658.94
5521,47,Education,1,2025,1304.07
5522,47,Entertainment,1,2025,173.04
5523,47,Food & Dining,1,2025,864.47
5524,47,Friends & Family,1,2025,219.68
5525,47,Grocery,1,2025,1386.08
5526,47,Healthcare,1,2025,224.75
5527,47,Miscellaneous,1,2025,102.7
5528,47,Recharge & Utilities,1,2025,233.64
5529,47,Shopping,1,2025,164.25
5530,47,Transportation,1,2025,458.04
5531,47,Education,2,2025,1001.45
5532,47,Entertainment,2,2025,146.74
5533,47,Food & Dining,2,2025,725.95
5534,47,Friends & Family,2,2025,224.26
5535,47,Grocery,2,2025,1538.64
5536,47,Healthcare,2,2025,219.48
5537,47,Miscellaneous,2,2025,100.0
5538,47,Recharge & Utilities,2,2025,259.72
5539,47,Shopping,2,2025,138.07
5540,47,Transportation,2,2025,453.63
5541,47,Education,3,2025,1183.0
5542,47,Entertainment,3,2025,158.5
5543,47,Food & Dining,3,2025,708.04
5544,47,Friends & Family,3,2025,212.37
5545,47,Grocery,3,2025,1526.22
5546,47,Healthcare,3,2025,250.03
5547,47,Miscellaneous,3,2025,100.0
5548,47,Recharge & Utilities,3,2025,237.7
5549,47,Shopping,3,2025,152.6
5550,47,Transportation,3,2025,504.44
5551,47,Education,4,2025,918.48
5552,47,Entertainment,4,2025,167.0
5553,47,Food & Dining,4,2025,760.25
5554,47,Friends & Family,4,2025,222.17
5555,47,Grocery,4,2025,1223.57
5556,47,Healthcare,4,2025,212.32
5557,47,Miscellaneous,4,2025,100.0
5558,47,Recharge & Utilities,4,2025,226.74
5559,47,Shopping,4,2025,142.16
5560,47,Transportation,4,2025,416.24
5561,47,Education,5,2025,1089.87
5562,47,Entertainment,5,2025,146.2
5563,47,Food & Dining,5,2025,801.17
5564,47,Friends & Family,5,2025,217.47
5565,47,Grocery,5,2025,1490.86
5566,47,Healthcare,5,2025,247.53
5567,47,Miscellaneous,5,2025,100.0
5568,47,Recharge & Utilities,5,2025,216.43
5569,47,Shopping,5,2025,146.59
5570,47,Transportation,5,2025,597.37
5571,47,Education,6,2025,1116.05
5572,47,Entertainment,6,2025,142.39
5573,47,Food & Dining,6,2025,713.86
5574,47,Friends & Family,6,2025,211.83
5575,47,Grocery,6,2025,1337.48
5576,47,Healthcare,6,2025,236.45
5577,47,Miscellaneous,6,2025,100.0
5578,47,Recharge & Utilities,6,2025,211.51
5579,47,Shopping,6,2025,139.97
5580,47,Transportation,6,2025,569.57
5581,47,Education,7,2025,1405.36
5582,47,Entertainment,7,2025,177.63
5583,47,Food & Dining,7,2025,725.41
5584,47,Friends & Family,7,2025,258.63
5585,47,Grocery,7,2025,1371.68
5586,47,Healthcare,7,2025,238.99
5587,47,Miscellaneous,7,2025,100.0
5588,47,Recharge & Utilities,7,2025,228.0
5589,47,Shopping,7,2025,138.24
5590,47,Transportation,7,2025,504.23
5591,47,Education,8,2025,1169.55
5592,47,Entertainment,8,2025,145.25
5593,47,Food & Dining,8,2025,717.57
5594,47,Friends & Family,8,2025,224.57
5595,47,Grocery,8,2025,1254.39
5596,47,Healthcare,8,2025,194.95
5597,47,Miscellaneous,8,2025,100.0
5598,47,Recharge & Utilities,8,2025,207.82
5599,47,Shopping,8,2025,145.59
5600,47,Transportation,8,2025,458.71
5601,47,Education,9,2025,1131.15
5602,47,Entertainment,9,2025,139.26
5603,47,Food & Dining,9,2025,746.43
5604,47,Friends & Family,9,2025,212.33
5605,47,Grocery,9,2025,1486.27
5606,47,Healthcare,9,2025,231.67
5607,47,Miscellaneous,9,2025,100.0
5608,47,Recharge & Utilities,9,2025,212.64
5609,47,Shopping,9,2025,138.44
5610,47,Transportation,9,2025,457.43
5611,47,Education,10,2025,1245.42
5612,47,Entertainment,10,2025,206.28
5613,47,Food & Dining,10,2025,917.42
5614,47,Friends & Family,10,2025,257.46
5615,47,Grocery,10,2025,1578.38
5616,47,Healthcare,10,2025,251.6
5617,47,Miscellaneous,10,2025,107.83
5618,47,Recharge & Utilities,10,2025,250.98
5619,47,Shopping,10,2025,208.89
5620,47,Transportation,10,2025,517.27
5621,47,Education,11,2025,958.5
5622,47,Entertainment,11,2025,191.6
5623,47,Food & Dining,11,2025,907.43
5624,47,Friends & Family,11,2025,218.65
5625,47,Grocery,11,2025,1335.86
5626,47,Healthcare,11,2025,242.58
5627,47,Miscellaneous,11,2025,100.0
5628,47,Recharge & Utilities,11,2025,239.48
5629,47,Shopping,11,2025,191.38
5630,47,Transportation,11,2025,516.33
5631,47,Education,12,2025,1071.47
5632,47,Entertainment,12,2025,164.29
5633,47,Food & Dining,12,2025,688.46
5634,47,Friends & Family,12,2025,218.68
5635,47,Grocery,12,2025,1327.58
5636,47,Healthcare,12,2025,241.44
5637,47,Miscellaneous,12,2025,100.0
5638,47,Recharge & Utilities,12,2025,217.69
5639,47,Shopping,12,2025,139.8
5640,47,Transportation,12,2025,484.34
5641,48,Education,1,2025,1033.38
5642,48,Entertainment,1,2025,123.79
5643,48,Food & Dining,1,2025,568.08
5644,48,Friends & Family,1,2025,182.35
5645,48,Grocery,1,2025,1081.73
5646,48,Healthcare,1,2025,165.73
5647,48,Miscellaneous,1,2025,100.0
5648,48,Recharge & Utilities,1,2025,193.92
5649,48,Shopping,1,2025,120.91
5650,48,Transportation,1,2025,349.61
5651,48,Education,2,2025,870.32
5652,48,Entertainment,2,2025,116.45
5653,48,Food & Dining,2,2025,644.46
5654,48,Friends & Family,2,2025,205.84
5655,48,Grocery,2,2025,1213.29
5656,48,Healthcare,2,2025,181.85
5657,48,Miscellaneous,2,2025,100.0
5658,48,Recharge & Utilities,2,2025,201.11
5659,48,Shopping,2,2025,117.34
5660,48,Transportation,2,2025,371.29
5661,48,Education,3,2025,915.5
5662,48,Entertainment,3,2025,135.31
5663,48,Food & Dining,3,2025,678.12
5664,48,Friends & Family,3,2025,192.17
5665,48,Grocery,3,2025,1017.88
5666,48,Healthcare,3,2025,200.34
5667,48,Miscellaneous,3,2025,100.0
5668,48,Recharge & Utilities,3,2025,185.5
5669,48,Shopping,3,2025,112.5
5670,48,Transportation,3,2025,351.64
5671,48,Education,4,2025,805.91
5672,48,Entertainment,4,2025,112.97
5673,48,Food & Dining,4,2025,521.55
5674,48,Friends & Family,4,2025,163.67
5675,48,Grocery,4,2025,1014.24
5676,48,Healthcare,4,2025,182.43
5677,48,Miscellaneous,4,2025,100.0
5678,48,Recharge & Utilities,4,2025,186.38
5679,48,Shopping,4,2025,111.87
5680,48,Transportation,4,2025,351.09
5681,48,Education,5,2025,760.96
5682,48,Entertainment,5,2025,120.73
5683,48,Food & Dining,5,2025,573.5
5684,48,Friends & Family,5,2025,185.27
5685,48,Grocery,5,2025,1150.86
5686,48,Healthcare,5,2025,196.93
5687,48,Miscellaneous,5,2025,100.0
5688,48,Recharge & Utilities,5,2025,161.36
5689,48,Shopping,5,2025,122.96
5690,48,Transportation,5,2025,413.65
5691,48,Education,6,2025,971.48
5692,48,Entertainment,6,2025,151.76
5693,48,Food & Dining,6,2025,715.43
5694,48,Friends & Family,6,2025,198.78
5695,48,Grocery,6,2025,1221.57
5696,48,Healthcare,6,2025,188.26
5697,48,Miscellaneous,6,2025,100.0
5698,48,Recharge & Utilities,6,2025,187.25
5699,48,Shopping,6,2025,118.6
5700,48,Transportation,6,2025,458.27
5701,48,Education,7,2025,968.61
5702,48,Entertainment,7,2025,119.63
5703,48,Food & Dining,7,2025,570.22
5704,48,Friends & Family,7,2025,199.36
5705,48,Grocery,7,2025,1005.93
5706,48,Healthcare,7,2025,182.22
5707,48,Miscellaneous,7,2025,100.0
5708,48,Recharge & Utilities,7,2025,175.64
5709,48,Shopping,7,2025,119.34
5710,48,Transportation,7,2025,371.72
5711,48,Education,8,2025,995.17
5712,48,Entertainment,8,2025,134.1
5713,48,Food & Dining,8,2025,563.94
5714,48,Friends & Family,8,2025,183.43
5715,48,Grocery,8,2025,1165.66
5716,48,Healthcare,8,2025,204.39
5717,48,Miscellaneous,8,2025,100.0
5718,48,Recharge & Utilities,8,2025,186.52
5719,48,Shopping,8,2025,112.22
5720,48,Transportation,8,2025,389.76
5721,48,Education,9,2025,880.2
5722,48,Entertainment,9,2025,139.23
5723,48,Food & Dining,9,2025,576.61
5724,48,Friends & Family,9,2025,185.63
5725,48,Grocery,9,2025,1150.65
5726,48,Healthcare,9,2025,194.61
5727,48,Miscellaneous,9,2025,100.0
5728,48,Recharge & Utilities,9,2025,183.71
5729,48,Shopping,9,2025,125.5
5730,48,Transportation,9,2025,417.1
5731,48,Education,10,2025,943.96
5732,48,Entertainment,10,2025,146.01
5733,48,Food & Dining,10,2025,726.41
5734,48,Friends & Family,10,2025,195.51
5735,48,Grocery,10,2025,1235.06
5736,48,Healthcare,10,2025,172.98
5737,48,Miscellaneous,10,2025,100.0
5738,48,Recharge & Utilities,10,2025,202.81
5739,48,Shopping,10,2025,153.43
5740,48,Transportation,10,2025,395.78
5741,48,Education,11,2025,986.39
5742,48,Entertainment,11,2025,148.99
5743,48,Food & Dining,11,2025,691.45
5744,48,Friends & Family,11,2025,201.93
5745,48,Grocery,11,2025,1332.26
5746,48,Healthcare,11,2025,213.54
5747,48,Miscellaneous,11,2025,100.0
5748,48,Recharge & Utilities,11,2025,187.35
5749,48,Shopping,11,2025,149.37
5750,48,Transportation,11,2025,452.75
5751,48,Education,12,2025,767.53
5752,48,Entertainment,12,2025,135.11
5753,48,Food & Dining,12,2025,596.24
5754,48,Friends & Family,12,2025,199.79
5755,48,Grocery,12,2025,1061.65
5756,48,Healthcare,12,2025,190.52
5757,48,Miscellaneous,12,2025,100.0
5758,48,Recharge & Utilities,12,2025,184.17
5759,48,Shopping,12,2025,115.55
5760,48,Transportation,12,2025,429.08
5761,49,Education,1,2025,811.54
5762,49,Entertainment,1,2025,117.0
5763,49,Food & Dining,1,2025,568.43
5764,49,Friends & Family,1,2025,171.52
5765,49,Grocery,1,2025,976.47
5766,49,Healthcare,1,2025,180.43
5767,49,Miscellaneous,1,2025,100.0
5768,49,Recharge & Utilities,1,2025,179.12
5769,49,Shopping,1,2025,100.0
5770,49,Transportation,1,2025,304.11
5771,49,Education,2,2025,713.16
5772,49,Entertainment,2,2025,122.06
5773,49,Food & Dining,2,2025,585.7
5774,49,Friends & Family,2,2025,166.21
5775,49,Grocery,2,2025,997.99
5776,49,Healthcare,2,2025,169.56
5777,49,Miscellaneous,2,2025,100.0
5778,49,Recharge & Utilities,2,2025,148.37
5779,49,Shopping,2,2025,100.0
5780,49,Transportation,2,2025,323.69
5781,49,Education,3,2025,734.48
5782,49,Entertainment,3,2025,117.66
5783,49,Food & Dining,3,2025,583.21
5784,49,Friends & Family,3,2025,184.08
5785,49,Grocery,3,2025,966.75
5786,49,Healthcare,3,2025,182.54
5787,49,Miscellaneous,3,2025,100.0
5788,49,Recharge & Utilities,3,2025,169.85
5789,49,Shopping,3,2025,101.58
5790,49,Transportation,3,2025,316.14
5791,49,Education,4,2025,832.58
5792,49,Entertainment,4,2025,120.77
5793,49,Food & Dining,4,2025,633.43
5794,49,Friends & Family,4,2025,177.13
5795,49,Grocery,4,2025,974.89
5796,49,Healthcare,4,2025,165.13
5797,49,Miscellaneous,4,2025,100.0
5798,49,Recharge & Utilities,4,2025,186.15
5799,49,Shopping,4,2025,107.54
5800,49,Transportation,4,2025,383.57
5801,49,Education,5,2025,802.43
5802,49,Entertainment,5,2025,117.2
5803,49,Food & Dining,5,2025,570.08
5804,49,Friends & Family,5,2025,161.39
5805,49,Grocery,5,2025,899.14
5806,49,Healthcare,5,2025,162.52
5807,49,Miscellaneous,5,2025,100.0
5808,49,Recharge & Utilities,5,2025,178.27
5809,49,Shopping,5,2025,111.85
5810,49,Transportation,5,2025,442.02
5811,49,Education,6,2025,899.15
5812,49,Entertainment,6,2025,134.16
5813,49,Food & Dining,6,2025,570.44
5814,49,Friends & Family,6,2025,192.36
5815,49,Grocery,6,2025,1003.89
5816,49,Healthcare,6,2025,178.07
5817,49,Miscellaneous,6,2025,100.0
5818,49,Recharge & Utilities,6,2025,177.72
5819,49,Shopping,6,2025,115.33
5820,49,Transportation,6,2025,430.19
5821,49,Education,7,2025,788.47
5822,49,Entertainment,7,2025,119.25
5823,49,Food & Dining,7,2025,521.0
5824,49,Friends & Family,7,2025,168.34
5825,49,Grocery,7,2025,979.33
5826,49,Healthcare,7,2025,180.19
5827,49,Miscellaneous,7,2025,100.0
5828,49,Recharge & Utilities,7,2025,151.37
5829,49,Shopping,7,2025,100.0
5830,49,Transportation,7,2025,347.29
5831,49,Education,8,2025,928.9
5832,49,Entertainment,8,2025,114.42
5833,49,Food & Dining,8,2025,611.64
5834,49,Friends & Family,8,2025,162.58
5835,49,Grocery,8,2025,1030.82
5836,49,Healthcare,8,2025,186.94
5837,49,Miscellaneous,8,2025,100.0
5838,49,Recharge & Utilities,8,2025,168.7
5839,49,Shopping,8,2025,112.85
5840,49,Transportation,8,2025,368.6
5841,49,Education,9,2025,672.77
5842,49,Entertainment,9,2025,107.52
5843,49,Food & Dining,9,2025,574.48
5844,49,Friends & Family,9,2025,147.4
5845,49,Grocery,9,2025,1034.25
5846,49,Healthcare,9,2025,152.07
5847,49,Miscellaneous,9,2025,100.0
5848,49,Recharge & Utilities,9,2025,150.43
5849,49,Shopping,9,2025,100.0
5850,49,Transportation,9,2025,306.11
5851,49,Education,10,2025,753.59
5852,49,Entertainment,10,2025,129.32
5853,49,Food & Dining,10,2025,652.66
5854,49,Friends & Family,10,2025,180.35
5855,49,Grocery,10,2025,1110.83
5856,49,Healthcare,10,2025,206.12
5857,49,Miscellaneous,10,2025,100.0
5858,49,Recharge & Utilities,10,2025,174.95
5859,49,Shopping,10,2025,137.97
5860,49,Transportation,10,2025,364.1
5861,49,Education,11,2025,849.54
5862,49,Entertainment,11,2025,140.32
5863,49,Food & Dining,11,2025,595.68
5864,49,Friends & Family,11,2025,180.16
5865,49,Grocery,11,2025,973.38
5866,49,Healthcare,11,2025,176.9
5867,49,Miscellaneous,11,2025,100.0
5868,49,Recharge & Utilities,11,2025,162.59
5869,49,Shopping,11,2025,133.64
5870,49,Transportation,11,2025,331.55
5871,49,Education,12,2025,708.48
5872,49,Entertainment,12,2025,112.25
5873,49,Food & Dining,12,2025,587.01
5874,49,Friends & Family,12,2025,189.65
5875,49,Grocery,12,2025,954.56
5876,49,Healthcare,12,2025,174.03
5877,49,Miscellaneous,12,2025,100.0
5878,49,Recharge & Utilities,12,2025,175.79
5879,49,Shopping,12,2025,111.0
5880,49,Transportation,12,2025,450.22
5881,50,Education,1,2025,989.93
5882,50,Entertainment,1,2025,115.42
5883,50,Food & Dining,1,2025,620.72
5884,50,Friends & Family,1,2025,185.04
5885,50,Grocery,1,2025,1100.27
5886,50,Healthcare,1,2025,156.27
5887,50,Miscellaneous,1,2025,100.0
5888,50,Recharge & Utilities,1,2025,178.09
5889,50,Shopping,1,2025,108.8
5890,50,Transportation,1,2025,319.81
5891,50,Education,2,2025,812.83
5892,50,Entertainment,2,2025,123.6
5893,50,Food & Dining,2,2025,597.51
5894,50,Friends & Family,2,2025,168.3
5895,50,Grocery,2,2025,1028.85
5896,50,Healthcare,2,2025,185.51
5897,50,Miscellaneous,2,2025,100.0
5898,50,Recharge & Utilities,2,2025,184.97
5899,50,Shopping,2,2025,108.31
5900,50,Transportation,2,2025,352.7
5901,50,Education,3,2025,758.09
5902,50,Entertainment,3,2025,123.1
5903,50,Food & Dining,3,2025,598.09
5904,50,Friends & Family,3,2025,192.76
5905,50,Grocery,3,2025,1033.26
5906,50,Healthcare,3,2025,171.57
5907,50,Miscellaneous,3,2025,100.0
5908,50,Recharge & Utilities,3,2025,199.93
5909,50,Shopping,3,2025,114.32
5910,50,Transportation,3,2025,338.46
5911,50,Education,4,2025,803.9
5912,50,Entertainment,4,2025,115.69
5913,50,Food & Dining,4,2025,682.81
5914,50,Friends & Family,4,2025,172.75
5915,50,Grocery,4,2025,1003.87
5916,50,Healthcare,4,2025,208.12
5917,50,Miscellaneous,4,2025,100.0
5918,50,Recharge & Utilities,4,2025,173.96
5919,50,Shopping,4,2025,105.64
5920,50,Transportation,4,2025,418.92
5921,50,Education,5,2025,803.32
5922,50,Entertainment,5,2025,123.93
5923,50,Food & Dining,5,2025,631.61
5924,50,Friends & Family,5,2025,181.39
5925,50,Grocery,5,2025,1055.85
5926,50,Healthcare,5,2025,172.61
5927,50,Miscellaneous,5,2025,100.0
5928,50,Recharge & Utilities,5,2025,171.31
5929,50,Shopping,5,2025,117.68
5930,50,Transportation,5,2025,392.64
5931,50,Education,6,2025,795.29
5932,50,Entertainment,6,2025,116.85
5933,50,Food & Dining,6,2025,638.27
5934,50,Friends & Family,6,2025,163.98
5935,50,Grocery,6,2025,935.56
5936,50,Healthcare,6,2025,164.76
5937,50,Miscellaneous,6,2025,100.0
5938,50,Recharge & Utilities,6,2025,190.9
5939,50,Shopping,6,2025,113.95
5940,50,Transportation,6,2025,375.22
5941,50,Education,7,2025,1041.12
5942,50,Entertainment,7,2025,111.93
5943,50,Food & Dining,7,2025,664.86
5944,50,Friends & Family,7,2025,185.13
5945,50,Grocery,7,2025,1076.34
5946,50,Healthcare,7,2025,187.8
5947,50,Miscellaneous,7,2025,100.0
5948,50,Recharge & Utilities,7,2025,165.2
5949,50,Shopping,7,2025,114.45
5950,50,Transportation,7,2025,392.22
5951,50,Education,8,2025,837.02
5952,50,Entertainment,8,2025,118.66
5953,50,Food & Dining,8,2025,575.27
5954,50,Friends & Family,8,2025,160.76
5955,50,Grocery,8,2025,895.51
5956,50,Healthcare,8,2025,170.06
5957,50,Miscellaneous,8,2025,100.0
5958,50,Recharge & Utilities,8,2025,181.04
5959,50,Shopping,8,2025,100.0
5960,50,Transportation,8,2025,307.43
5961,50,Education,9,2025,786.37
5962,50,Entertainment,9,2025,121.14
5963,50,Food & Dining,9,2025,590.14
5964,50,Friends & Family,9,2025,179.75
5965,50,Grocery,9,2025,1144.15
5966,50,Healthcare,9,2025,175.88
5967,50,Miscellaneous,9,2025,100.0
5968,50,Recharge & Utilities,9,2025,189.96
5969,50,Shopping,9,2025,128.68
5970,50,Transportation,9,2025,340.56
5971,50,Education,10,2025,789.77
5972,50,Entertainment,10,2025,134.15
5973,50,Food & Dining,10,2025,726.69
5974,50,Friends & Family,10,2025,181.75
5975,50,Grocery,10,2025,1095.21
5976,50,Healthcare,10,2025,213.51
5977,50,Miscellaneous,10,2025,100.0
5978,50,Recharge & Utilities,10,2025,200.74
5979,50,Shopping,10,2025,159.57
5980,50,Transportation,10,2025,390.71
5981,50,Education,11,2025,924.77
5982,50,Entertainment,11,2025,141.61
5983,50,Food & Dining,11,2025,668.5
5984,50,Friends & Family,11,2025,173.4
5985,50,Grocery,11,2025,1170.45
5986,50,Healthcare,11,2025,199.85
5987,50,Miscellaneous,11,2025,100.0
5988,50,Recharge & Utilities,11,2025,183.8
5989,50,Shopping,11,2025,133.55
5990,50,Transportation,11,2025,353.32
5991,50,Education,12,2025,784.39
5992,50,Entertainment,12,2025,132.05
5993,50,Food & Dining,12,2025,532.18
5994,50,Friends & Family,12,2025,181.7
5995,50,Grocery,12,2025,989.75
5996,50,Healthcare,12,2025,193.8
5997,50,Miscellaneous,12,2025,100.0
5998,50,Recharge & Utilities,12,2025,197.55
5999,50,Shopping,12,2025,102.44
6000,50,Transportation,12,2025,399.47
6001,51,Education,1,2025,1157.93
6002,51,Entertainment,1,2025,138.63
6003,51,Food & Dining,1,2025,803.39
6004,51,Friends & Family,1,2025,218.7
6005,51,Grocery,1,2025,1379.61
6006,51,Healthcare,1,2025,207.88
6007,51,Miscellaneous,1,2025,100.0
6008,51,Recharge & Utilities,1,2025,235.68
6009,51,Shopping,1,2025,153.23
6010,51,Transportation,1,2025,461.38
6011,51,Education,2,2025,1051.5
6012,51,Entertainment,2,2025,150.33
6013,51,Food & Dining,2,2025,696.53
6014,51,Friends & Family,2,2025,197.08
6015,51,Grocery,2,2025,1255.96
6016,51,Healthcare,2,2025,223.85
6017,51,Miscellaneous,2,2025,100.0
6018,51,Recharge & Utilities,2,2025,193.48
6019,51,Shopping,2,2025,146.45
6020,51,Transportation,2,2025,381.32
6021,51,Education,3,2025,925.84
6022,51,Entertainment,3,2025,147.41
6023,51,Food & Dining,3,2025,654.67
6024,51,Friends & Family,3,2025,221.03
6025,51,Grocery,3,2025,1159.0
6026,51,Healthcare,3,2025,202.77
6027,51,Miscellaneous,3,2025,100.0
6028,51,Recharge & Utilities,3,2025,210.4
6029,51,Shopping,3,2025,144.65
6030,51,Transportation,3,2025,425.77
6031,51,Education,4,2025,926.19
6032,51,Entertainment,4,2025,148.59
6033,51,Food & Dining,4,2025,750.69
6034,51,Friends & Family,4,2025,193.62
6035,51,Grocery,4,2025,1128.39
6036,51,Healthcare,4,2025,222.69
6037,51,Miscellaneous,4,2025,100.0
6038,51,Recharge & Utilities,4,2025,201.03
6039,51,Shopping,4,2025,119.73
6040,51,Transportation,4,2025,402.15
6041,51,Education,5,2025,952.15
6042,51,Entertainment,5,2025,143.02
6043,51,Food & Dining,5,2025,735.19
6044,51,Friends & Family,5,2025,225.18
6045,51,Grocery,5,2025,1312.74
6046,51,Healthcare,5,2025,204.59
6047,51,Miscellaneous,5,2025,100.0
6048,51,Recharge & Utilities,5,2025,199.29
6049,51,Shopping,5,2025,135.42
6050,51,Transportation,5,2025,477.78
6051,51,Education,6,2025,931.4
6052,51,Entertainment,6,2025,137.85
6053,51,Food & Dining,6,2025,671.78
6054,51,Friends & Family,6,2025,198.27
6055,51,Grocery,6,2025,1141.98
6056,51,Healthcare,6,2025,208.65
6057,51,Miscellaneous,6,2025,100.0
6058,51,Recharge & Utilities,6,2025,219.06
6059,51,Shopping,6,2025,126.41
6060,51,Transportation,6,2025,536.72
6061,51,Education,7,2025,1205.67
6062,51,Entertainment,7,2025,144.14
6063,51,Food & Dining,7,2025,694.01
6064,51,Friends & Family,7,2025,207.72
6065,51,Grocery,7,2025,1363.81
6066,51,Healthcare,7,2025,207.66
6067,51,Miscellaneous,7,2025,100.0
6068,51,Recharge & Utilities,7,2025,234.76
6069,51,Shopping,7,2025,124.94
6070,51,Transportation,7,2025,424.11
6071,51,Education,8,2025,1196.6
6072,51,Entertainment,8,2025,159.31
6073,51,Food & Dining,8,2025,717.15
6074,51,Friends & Family,8,2025,216.75
6075,51,Grocery,8,2025,1300.54
6076,51,Healthcare,8,2025,213.74
6077,51,Miscellaneous,8,2025,100.0
6078,51,Recharge & Utilities,8,2025,221.2
6079,51,Shopping,8,2025,120.85
6080,51,Transportation,8,2025,448.66
6081,51,Education,9,2025,879.3
6082,51,Entertainment,9,2025,129.07
6083,51,Food & Dining,9,2025,683.18
6084,51,Friends & Family,9,2025,231.66
6085,51,Grocery,9,2025,1381.44
6086,51,Healthcare,9,2025,223.91
6087,51,Miscellaneous,9,2025,100.0
6088,51,Recharge & Utilities,9,2025,190.17
6089,51,Shopping,9,2025,143.64
6090,51,Transportation,9,2025,378.82
6091,51,Education,10,2025,1171.24
6092,51,Entertainment,10,2025,159.73
6093,51,Food & Dining,10,2025,805.84
6094,51,Friends & Family,10,2025,228.21
6095,51,Grocery,10,2025,1491.24
6096,51,Healthcare,10,2025,245.58
6097,51,Miscellaneous,10,2025,100.0
6098,51,Recharge & Utilities,10,2025,243.85
6099,51,Shopping,10,2025,173.43
6100,51,Transportation,10,2025,459.49
6101,51,Education,11,2025,906.27
6102,51,Entertainment,11,2025,167.22
6103,51,Food & Dining,11,2025,844.26
6104,51,Friends & Family,11,2025,235.59
6105,51,Grocery,11,2025,1168.3
6106,51,Healthcare,11,2025,202.16
6107,51,Miscellaneous,11,2025,100.0
6108,51,Recharge & Utilities,11,2025,204.88
6109,51,Shopping,11,2025,153.01
6110,51,Transportation,11,2025,420.38
6111,51,Education,12,2025,1060.47
6112,51,Entertainment,12,2025,154.12
6113,51,Food & Dining,12,2025,772.91
6114,51,Friends & Family,12,2025,201.76
6115,51,Grocery,12,2025,1253.81
6116,51,Healthcare,12,2025,192.81
6117,51,Miscellaneous,12,2025,100.0
6118,51,Recharge & Utilities,12,2025,226.98
6119,51,Shopping,12,2025,119.9
6120,51,Transportation,12,2025,495.23
6121,52,Education,1,2025,779.61
6122,52,Entertainment,1,2025,101.59
6123,52,Food & Dining,1,2025,434.06
6124,52,Friends & Family,1,2025,132.29
6125,52,Grocery,1,2025,837.43
6126,52,Healthcare,1,2025,156.06
6127,52,Miscellaneous,1,2025,100.0
6128,52,Recharge & Utilities,1,2025,156.54
6129,52,Shopping,1,2025,100.0
6130,52,Transportation,1,2025,303.31
6131,52,Education,2,2025,648.59
6132,52,Entertainment,2,2025,100.0
6133,52,Food & Dining,2,2025,520.95
6134,52,Friends & Family,2,2025,152.75
6135,52,Grocery,2,2025,780.79
6136,52,Healthcare,2,2025,149.13
6137,52,Miscellaneous,2,2025,100.0
6138,52,Recharge & Utilities,2,2025,132.04
6139,52,Shopping,2,2025,100.0
6140,52,Transportation,2,2025,281.34
6141,52,Education,3,2025,633.04
6142,52,Entertainment,3,2025,100.0
6143,52,Food & Dining,3,2025,478.43
6144,52,Friends & Family,3,2025,134.95
6145,52,Grocery,3,2025,812.34
6146,52,Healthcare,3,2025,156.24
6147,52,Miscellaneous,3,2025,100.0
6148,52,Recharge & Utilities,3,2025,134.26
6149,52,Shopping,3,2025,100.0
6150,52,Transportation,3,2025,291.32
6151,52,Education,4,2025,686.41
6152,52,Entertainment,4,2025,100.0
6153,52,Food & Dining,4,2025,507.94
6154,52,Friends & Family,4,2025,160.53
6155,52,Grocery,4,2025,958.6
6156,52,Healthcare,4,2025,156.57
6157,52,Miscellaneous,4,2025,100.0
6158,52,Recharge & Utilities,4,2025,136.92
6159,52,Shopping,4,2025,100.0
6160,52,Transportation,4,2025,305.02
6161,52,Education,5,2025,695.14
6162,52,Entertainment,5,2025,107.39
6163,52,Food & Dining,5,2025,470.01
6164,52,Friends & Family,5,2025,167.35
6165,52,Grocery,5,2025,881.51
6166,52,Healthcare,5,2025,156.37
6167,52,Miscellaneous,5,2025,100.0
6168,52,Recharge & Utilities,5,2025,145.66
6169,52,Shopping,5,2025,100.0
6170,52,Transportation,5,2025,379.83
6171,52,Education,6,2025,576.79
6172,52,Entertainment,6,2025,100.0
6173,52,Food & Dining,6,2025,425.31
6174,52,Friends & Family,6,2025,155.45
6175,52,Grocery,6,2025,878.21
6176,52,Healthcare,6,2025,154.89
6177,52,Miscellaneous,6,2025,100.0
6178,52,Recharge & Utilities,6,2025,128.21
6179,52,Shopping,6,2025,100.0
6180,52,Transportation,6,2025,354.26
6181,52,Education,7,2025,838.64
6182,52,Entertainment,7,2025,100.0
6183,52,Food & Dining,7,2025,537.65
6184,52,Friends & Family,7,2025,140.37
6185,52,Grocery,7,2025,891.1
6186,52,Healthcare,7,2025,159.35
6187,52,Miscellaneous,7,2025,100.0
6188,52,Recharge & Utilities,7,2025,147.17
6189,52,Shopping,7,2025,100.0
6190,52,Transportation,7,2025,310.55
6191,52,Education,8,2025,733.59
6192,52,Entertainment,8,2025,100.41
6193,52,Food & Dining,8,2025,487.37
6194,52,Friends & Family,8,2025,145.5
6195,52,Grocery,8,2025,842.95
6196,52,Healthcare,8,2025,139.02
6197,52,Miscellaneous,8,2025,100.0
6198,52,Recharge & Utilities,8,2025,127.04
6199,52,Shopping,8,2025,100.0
6200,52,Transportation,8,2025,294.91
6201,52,Education,9,2025,630.8
6202,52,Entertainment,9,2025,100.0
6203,52,Food & Dining,9,2025,521.78
6204,52,Friends & Family,9,2025,139.96
6205,52,Grocery,9,2025,790.26
6206,52,Healthcare,9,2025,156.72
6207,52,Miscellaneous,9,2025,100.0
6208,52,Recharge & Utilities,9,2025,140.84
6209,52,Shopping,9,2025,100.0
6210,52,Transportation,9,2025,317.6
6211,52,Education,10,2025,726.96
6212,52,Entertainment,10,2025,116.8
6213,52,Food & Dining,10,2025,613.07
6214,52,Friends & Family,10,2025,157.54
6215,52,Grocery,10,2025,888.53
6216,52,Healthcare,10,2025,151.26
6217,52,Miscellaneous,10,2025,100.0
6218,52,Recharge & Utilities,10,2025,159.8
6219,52,Shopping,10,2025,120.67
6220,52,Transportation,10,2025,335.23
6221,52,Education,11,2025,649.16
6222,52,Entertainment,11,2025,115.72
6223,52,Food & Dining,11,2025,508.38
6224,52,Friends & Family,11,2025,169.71
6225,52,Grocery,11,2025,861.15
6226,52,Healthcare,11,2025,149.52
6227,52,Miscellaneous,11,2025,100.0
6228,52,Recharge & Utilities,11,2025,147.73
6229,52,Shopping,11,2025,119.38
6230,52,Transportation,11,2025,334.84
6231,52,Education,12,2025,603.98
6232,52,Entertainment,12,2025,100.0
6233,52,Food & Dining,12,2025,520.39
6234,52,Friends & Family,12,2025,160.39
6235,52,Grocery,12,2025,905.22
6236,52,Healthcare,12,2025,134.59
6237,52,Miscellaneous,12,2025,100.0
6238,52,Recharge & Utilities,12,2025,136.39
6239,52,Shopping,12,2025,100.0
6240,52,Transportation,12,2025,321.33
6241,53,Education,1,2025,1152.96
6242,53,Entertainment,1,2025,146.85
6243,53,Food & Dining,1,2025,645.91
6244,53,Friends & Family,1,2025,205.43
6245,53,Grocery,1,2025,1324.96
6246,53,Healthcare,1,2025,215.74
6247,53,Miscellaneous,1,2025,100.0
6248,53,Recharge & Utilities,1,2025,237.06
6249,53,Shopping,1,2025,122.52
6250,53,Transportation,1,2025,475.18
6251,53,Education,2,2025,1047.14
6252,53,Entertainment,2,2025,162.09
6253,53,Food & Dining,2,2025,760.33
6254,53,Friends & Family,2,2025,201.59
6255,53,Grocery,2,2025,1406.48
6256,53,Healthcare,2,2025,206.95
6257,53,Miscellaneous,2,2025,100.0
6258,53,Recharge & Utilities,2,2025,237.34
6259,53,Shopping,2,2025,145.78
6260,53,Transportation,2,2025,447.19
6261,53,Education,3,2025,1045.98
6262,53,Entertainment,3,2025,159.43
6263,53,Food & Dining,3,2025,689.94
6264,53,Friends & Family,3,2025,240.27
6265,53,Grocery,3,2025,1392.6
6266,53,Healthcare,3,2025,196.56
6267,53,Miscellaneous,3,2025,100.0
6268,53,Recharge & Utilities,3,2025,209.7
6269,53,Shopping,3,2025,134.32
6270,53,Transportation,3,2025,392.54
6271,53,Education,4,2025,1048.99
6272,53,Entertainment,4,2025,151.82
6273,53,Food & Dining,4,2025,741.69
6274,53,Friends & Family,4,2025,220.63
6275,53,Grocery,4,2025,1327.83
6276,53,Healthcare,4,2025,207.52
6277,53,Miscellaneous,4,2025,100.0
6278,53,Recharge & Utilities,4,2025,202.19
6279,53,Shopping,4,2025,138.1
6280,53,Transportation,4,2025,408.45
6281,53,Education,5,2025,1027.09
6282,53,Entertainment,5,2025,173.0
6283,53,Food & Dining,5,2025,829.68
6284,53,Friends & Family,5,2025,251.36
6285,53,Grocery,5,2025,1454.52
6286,53,Healthcare,5,2025,235.68
6287,53,Miscellaneous,5,2025,104.39
6288,53,Recharge & Utilities,5,2025,251.15
6289,53,Shopping,5,2025,148.78
6290,53,Transportation,5,2025,638.02
6291,53,Education,6,2025,956.88
6292,53,Entertainment,6,2025,155.8
6293,53,Food & Dining,6,2025,817.97
6294,53,Friends & Family,6,2025,249.29
6295,53,Grocery,6,2025,1241.6
6296,53,Healthcare,6,2025,247.97
6297,53,Miscellaneous,6,2025,100.0
6298,53,Recharge & Utilities,6,2025,251.65
6299,53,Shopping,6,2025,139.51
6300,53,Transportation,6,2025,600.46
6301,53,Education,7,2025,1193.14
6302,53,Entertainment,7,2025,144.15
6303,53,Food & Dining,7,2025,724.68
6304,53,Friends & Family,7,2025,236.72
6305,53,Grocery,7,2025,1389.99
6306,53,Healthcare,7,2025,254.56
6307,53,Miscellaneous,7,2025,100.0
6308,53,Recharge & Utilities,7,2025,231.19
6309,53,Shopping,7,2025,143.85
6310,53,Transportation,7,2025,466.87
6311,53,Education,8,2025,1089.46
6312,53,Entertainment,8,2025,145.43
6313,53,Food & Dining,8,2025,735.35
6314,53,Friends & Family,8,2025,200.2
6315,53,Grocery,8,2025,1104.23
6316,53,Healthcare,8,2025,219.85
6317,53,Miscellaneous,8,2025,100.0
6318,53,Recharge & Utilities,8,2025,219.66
6319,53,Shopping,8,2025,138.68
6320,53,Transportation,8,2025,412.12
6321,53,Education,9,2025,892.3
6322,53,Entertainment,9,2025,131.59
6323,53,Food & Dining,9,2025,757.07
6324,53,Friends & Family,9,2025,228.98
6325,53,Grocery,9,2025,1136.28
6326,53,Healthcare,9,2025,213.11
6327,53,Miscellaneous,9,2025,100.0
6328,53,Recharge & Utilities,9,2025,215.03
6329,53,Shopping,9,2025,122.68
6330,53,Transportation,9,2025,384.88
6331,53,Education,10,2025,986.71
6332,53,Entertainment,10,2025,167.29
6333,53,Food & Dining,10,2025,790.11
6334,53,Friends & Family,10,2025,233.94
6335,53,Grocery,10,2025,1387.81
6336,53,Healthcare,10,2025,251.1
6337,53,Miscellaneous,10,2025,100.0
6338,53,Recharge & Utilities,10,2025,257.99
6339,53,Shopping,10,2025,158.29
6340,53,Transportation,10,2025,502.96
6341,53,Education,11,2025,1107.68
6342,53,Entertainment,11,2025,184.59
6343,53,Food & Dining,11,2025,857.23
6344,53,Friends & Family,11,2025,221.97
6345,53,Grocery,11,2025,1464.91
6346,53,Healthcare,11,2025,213.92
6347,53,Miscellaneous,11,2025,100.0
6348,53,Recharge & Utilities,11,2025,243.07
6349,53,Shopping,11,2025,186.54
6350,53,Transportation,11,2025,489.01
6351,53,Education,12,2025,1041.91
6352,53,Entertainment,12,2025,146.14
6353,53,Food & Dining,12,2025,729.28
6354,53,Friends & Family,12,2025,203.88
6355,53,Grocery,12,2025,1432.33
6356,53,Healthcare,12,2025,238.2
6357,53,Miscellaneous,12,2025,100.0
6358,53,Recharge & Utilities,12,2025,238.94
6359,53,Shopping,12,2025,127.05
6360,53,Transportation,12,2025,527.07
6361,54,Education,1,2025,1207.38
6362,54,Entertainment,1,2025,152.32
6363,54,Food & Dining,1,2025,850.36
6364,54,Friends & Family,1,2025,255.93
6365,54,Grocery,1,2025,1481.8
6366,54,Healthcare,1,2025,260.12
6367,54,Miscellaneous,1,2025,100.0
6368,54,Recharge & Utilities,1,2025,251.5
6369,54,Shopping,1,2025,138.87
6370,54,Transportation,1,2025,472.26
6371,54,Education,2,2025,1187.28
6372,54,Entertainment,2,2025,172.71
6373,54,Food & Dining,2,2025,853.64
6374,54,Friends & Family,2,2025,273.18
6375,54,Grocery,2,2025,1487.59
6376,54,Healthcare,2,2025,264.93
6377,54,Miscellaneous,2,2025,100.0
6378,54,Recharge & Utilities,2,2025,291.01
6379,54,Shopping,2,2025,178.24
6380,54,Transportation,2,2025,520.57
6381,54,Education,3,2025,1120.34
6382,54,Entertainment,3,2025,170.65
6383,54,Food & Dining,3,2025,804.47
6384,54,Friends & Family,3,2025,287.05
6385,54,Grocery,3,2025,1692.62
6386,54,Healthcare,3,2025,287.95
6387,54,Miscellaneous,3,2025,105.81
6388,54,Recharge & Utilities,3,2025,277.31
6389,54,Shopping,3,2025,165.95
6390,54,Transportation,3,2025,556.69
6391,54,Education,4,2025,1001.55
6392,54,Entertainment,4,2025,152.8
6393,54,Food & Dining,4,2025,788.86
6394,54,Friends & Family,4,2025,262.11
6395,54,Grocery,4,2025,1344.06
6396,54,Healthcare,4,2025,255.97
6397,54,Miscellaneous,4,2025,100.0
6398,54,Recharge & Utilities,4,2025,256.51
6399,54,Shopping,4,2025,154.17
6400,54,Transportation,4,2025,462.43
6401,54,Education,5,2025,1067.44
6402,54,Entertainment,5,2025,177.9
6403,54,Food & Dining,5,2025,908.51
6404,54,Friends & Family,5,2025,293.77
6405,54,Grocery,5,2025,1635.22
6406,54,Healthcare,5,2025,238.87
6407,54,Miscellaneous,5,2025,103.7
6408,54,Recharge & Utilities,5,2025,284.4
6409,54,Shopping,5,2025,166.14
6410,54,Transportation,5,2025,648.98
6411,54,Education,6,2025,1009.67
6412,54,Entertainment,6,2025,152.45
6413,54,Food & Dining,6,2025,845.11
6414,54,Friends & Family,6,2025,253.35
6415,54,Grocery,6,2025,1524.6
6416,54,Healthcare,6,2025,234.22
6417,54,Miscellaneous,6,2025,100.0
6418,54,Recharge & Utilities,6,2025,266.26
6419,54,Shopping,6,2025,164.84
6420,54,Transportation,6,2025,586.34
6421,54,Education,7,2025,1494.21
6422,54,Entertainment,7,2025,165.72
6423,54,Food & Dining,7,2025,981.96
6424,54,Friends & Family,7,2025,283.3
6425,54,Grocery,7,2025,1773.19
6426,54,Healthcare,7,2025,280.86
6427,54,Miscellaneous,7,2025,100.0
6428,54,Recharge & Utilities,7,2025,259.52
6429,54,Shopping,7,2025,150.71
6430,54,Transportation,7,2025,496.41
6431,54,Education,8,2025,1301.42
6432,54,Entertainment,8,2025,181.87
6433,54,Food & Dining,8,2025,762.64
6434,54,Friends & Family,8,2025,235.83
6435,54,Grocery,8,2025,1415.54
6436,54,Healthcare,8,2025,262.29
6437,54,Miscellaneous,8,2025,102.97
6438,54,Recharge & Utilities,8,2025,244.3
6439,54,Shopping,8,2025,146.04
6440,54,Transportation,8,2025,492.67
6441,54,Education,9,2025,975.21
6442,54,Entertainment,9,2025,160.21
6443,54,Food & Dining,9,2025,766.77
6444,54,Friends & Family,9,2025,234.12
6445,54,Grocery,9,2025,1320.63
6446,54,Healthcare,9,2025,216.45
6447,54,Miscellaneous,9,2025,100.38
6448,54,Recharge & Utilities,9,2025,247.31
6449,54,Shopping,9,2025,162.35
6450,54,Transportation,9,2025,525.89
6451,54,Education,10,2025,1270.55
6452,54,Entertainment,10,2025,191.31
6453,54,Food & Dining,10,2025,968.84
6454,54,Friends & Family,10,2025,251.39
6455,54,Grocery,10,2025,1602.21
6456,54,Healthcare,10,2025,245.69
6457,54,Miscellaneous,10,2025,115.02
6458,54,Recharge & Utilities,10,2025,267.96
6459,54,Shopping,10,2025,217.59
6460,54,Transportation,10,2025,502.6
6461,54,Education,11,2025,1329.01
6462,54,Entertainment,11,2025,218.39
6463,54,Food & Dining,11,2025,1051.22
6464,54,Friends & Family,11,2025,308.55
6465,54,Grocery,11,2025,1694.71
6466,54,Healthcare,11,2025,291.99
6467,54,Miscellaneous,11,2025,119.94
6468,54,Recharge & Utilities,11,2025,283.48
6469,54,Shopping,11,2025,195.36
6470,54,Transportation,11,2025,581.12
6471,54,Education,12,2025,1123.35
6472,54,Entertainment,12,2025,180.98
6473,54,Food & Dining,12,2025,893.48
6474,54,Friends & Family,12,2025,229.92
6475,54,Grocery,12,2025,1591.92
6476,54,Healthcare,12,2025,223.69
6477,54,Miscellaneous,12,2025,100.21
6478,54,Recharge & Utilities,12,2025,263.02
6479,54,Shopping,12,2025,153.24
6480,54,Transportation,12,2025,571.31
6481,55,Education,1,2025,1127.88
6482,55,Entertainment,1,2025,137.95
6483,55,Food & Dining,1,2025,741.89
6484,55,Friends & Family,1,2025,216.2
6485,55,Grocery,1,2025,1372.51
6486,55,Healthcare,1,2025,206.18
6487,55,Miscellaneous,1,2025,100.0
6488,55,Recharge & Utilities,1,2025,226.82
6489,55,Shopping,1,2025,130.07
6490,55,Transportation,1,2025,472.52
6491,55,Education,2,2025,931.79
6492,55,Entertainment,2,2025,145.99
6493,55,Food & Dining,2,2025,730.8
6494,55,Friends & Family,2,2025,206.68
6495,55,Grocery,2,2025,1391.84
6496,55,Healthcare,2,2025,203.79
6497,55,Miscellaneous,2,2025,100.0
6498,55,Recharge & Utilities,2,2025,208.22
6499,55,Shopping,2,2025,135.21
6500,55,Transportation,2,2025,436.48
6501,55,Education,3,2025,1021.72
6502,55,Entertainment,3,2025,143.76
6503,55,Food & Dining,3,2025,780.98
6504,55,Friends & Family,3,2025,227.49
6505,55,Grocery,3,2025,1209.32
6506,55,Healthcare,3,2025,199.44
6507,55,Miscellaneous,3,2025,100.0
6508,55,Recharge & Utilities,3,2025,229.47
6509,55,Shopping,3,2025,146.04
6510,55,Transportation,3,2025,412.7
6511,55,Education,4,2025,913.48
6512,55,Entertainment,4,2025,155.26
6513,55,Food & Dining,4,2025,785.88
6514,55,Friends & Family,4,2025,246.89
6515,55,Grocery,4,2025,1302.75
6516,55,Healthcare,4,2025,219.89
6517,55,Miscellaneous,4,2025,100.0
6518,55,Recharge & Utilities,4,2025,238.8
6519,55,Shopping,4,2025,148.08
6520,55,Transportation,4,2025,486.62
6521,55,Education,5,2025,939.43
6522,55,Entertainment,5,2025,145.03
6523,55,Food & Dining,5,2025,703.88
6524,55,Friends & Family,5,2025,226.8
6525,55,Grocery,5,2025,1378.22
6526,55,Healthcare,5,2025,205.52
6527,55,Miscellaneous,5,2025,100.0
6528,55,Recharge & Utilities,5,2025,231.13
6529,55,Shopping,5,2025,145.2
6530,55,Transportation,5,2025,530.38
6531,55,Education,6,2025,1079.63
6532,55,Entertainment,6,2025,152.23
6533,55,Food & Dining,6,2025,733.6
6534,55,Friends & Family,6,2025,246.79
6535,55,Grocery,6,2025,1458.58
6536,55,Healthcare,6,2025,237.29
6537,55,Miscellaneous,6,2025,100.1
6538,55,Recharge & Utilities,6,2025,248.71
6539,55,Shopping,6,2025,134.55
6540,55,Transportation,6,2025,520.59
6541,55,Education,7,2025,1289.01
6542,55,Entertainment,7,2025,167.15
6543,55,Food & Dining,7,2025,804.62
6544,55,Friends & Family,7,2025,233.63
6545,55,Grocery,7,2025,1435.81
6546,55,Healthcare,7,2025,217.05
6547,55,Miscellaneous,7,2025,100.0
6548,55,Recharge & Utilities,7,2025,209.25
6549,55,Shopping,7,2025,133.37
6550,55,Transportation,7,2025,419.45
6551,55,Education,8,2025,1023.77
6552,55,Entertainment,8,2025,146.29
6553,55,Food & Dining,8,2025,610.61
6554,55,Friends & Family,8,2025,214.76
6555,55,Grocery,8,2025,1242.58
6556,55,Healthcare,8,2025,194.65
6557,55,Miscellaneous,8,2025,100.0
6558,55,Recharge & Utilities,8,2025,209.24
6559,55,Shopping,8,2025,120.83
6560,55,Transportation,8,2025,418.63
6561,55,Education,9,2025,876.24
6562,55,Entertainment,9,2025,143.09
6563,55,Food & Dining,9,2025,686.74
6564,55,Friends & Family,9,2025,212.62
6565,55,Grocery,9,2025,1275.39
6566,55,Healthcare,9,2025,219.03
6567,55,Miscellaneous,9,2025,100.0
6568,55,Recharge & Utilities,9,2025,214.45
6569,55,Shopping,9,2025,142.25
6570,55,Transportation,9,2025,442.63
6571,55,Education,10,2025,1036.0
6572,55,Entertainment,10,2025,160.09
6573,55,Food & Dining,10,2025,791.75
6574,55,Friends & Family,10,2025,262.32
6575,55,Grocery,10,2025,1377.19
6576,55,Healthcare,10,2025,233.02
6577,55,Miscellaneous,10,2025,101.77
6578,55,Recharge & Utilities,10,2025,216.66
6579,55,Shopping,10,2025,178.93
6580,55,Transportation,10,2025,503.84
6581,55,Education,11,2025,1041.68
6582,55,Entertainment,11,2025,145.12
6583,55,Food & Dining,11,2025,691.48
6584,55,Friends & Family,11,2025,195.87
6585,55,Grocery,11,2025,1163.44
6586,55,Healthcare,11,2025,218.83
6587,55,Miscellaneous,11,2025,100.0
6588,55,Recharge & Utilities,11,2025,208.83
6589,55,Shopping,11,2025,174.03
6590,55,Transportation,11,2025,480.69
6591,55,Education,12,2025,993.68
6592,55,Entertainment,12,2025,137.22
6593,55,Food & Dining,12,2025,686.45
6594,55,Friends & Family,12,2025,238.72
6595,55,Grocery,12,2025,1303.15
6596,55,Healthcare,12,2025,224.74
6597,55,Miscellaneous,12,2025,100.0
6598,55,Recharge & Utilities,12,2025,247.65
6599,55,Shopping,12,2025,144.02
6600,55,Transportation,12,2025,556.9
6601,56,Education,1,2025,2088.19
6602,56,Entertainment,1,2025,2318.86
6603,56,Food & Dining,1,2025,2135.73
6604,56,Friends & Family,1,2025,303.08
6605,56,Grocery,1,2025,1039.17
6606,56,Healthcare,1,2025,199.08
6607,56,Miscellaneous,1,2025,218.94
6608,56,Recharge & Utilities,1,2025,512.14
6609,56,Shopping,1,2025,1809.01
6610,56,Transportation,1,2025,915.97
6611,56,Education,2,2025,1899.8
6612,56,Entertainment,2,2025,2364.93
6613,56,Food & Dining,2,2025,1857.55
6614,56,Friends & Family,2,2025,297.43
6615,56,Grocery,2,2025,915.24
6616,56,Healthcare,2,2025,198.12
6617,56,Miscellaneous,2,2025,215.13
6618,56,Recharge & Utilities,2,2025,440.36
6619,56,Shopping,2,2025,1601.96
6620,56,Transportation,2,2025,1009.05
6621,56,Education,3,2025,1750.63
6622,56,Entertainment,3,2025,2017.77
6623,56,Food & Dining,3,2025,1770.51
6624,56,Friends & Family,3,2025,314.71
6625,56,Grocery,3,2025,1005.91
6626,56,Healthcare,3,2025,210.99
6627,56,Miscellaneous,3,2025,189.85
6628,56,Recharge & Utilities,3,2025,523.28
6629,56,Shopping,3,2025,1513.13
6630,56,Transportation,3,2025,929.07
6631,56,Education,4,2025,1894.78
6632,56,Entertainment,4,2025,2159.86
6633,56,Food & Dining,4,2025,1848.12
6634,56,Friends & Family,4,2025,280.42
6635,56,Grocery,4,2025,929.38
6636,56,Healthcare,4,2025,169.66
6637,56,Miscellaneous,4,2025,188.87
6638,56,Recharge & Utilities,4,2025,424.67
6639,56,Shopping,4,2025,1677.64
6640,56,Transportation,4,2025,841.35
6641,56,Education,5,2025,1662.49
6642,56,Entertainment,5,2025,1922.87
6643,56,Food & Dining,5,2025,1960.8
6644,56,Friends & Family,5,2025,313.16
6645,56,Grocery,5,2025,968.58
6646,56,Healthcare,5,2025,208.74
6647,56,Miscellaneous,5,2025,170.55
6648,56,Recharge & Utilities,5,2025,459.61
6649,56,Shopping,5,2025,1479.97
6650,56,Transportation,5,2025,1179.51
6651,56,Education,6,2025,1931.12
6652,56,Entertainment,6,2025,2157.73
6653,56,Food & Dining,6,2025,1873.58
6654,56,Friends & Family,6,2025,312.51
6655,56,Grocery,6,2025,981.18
6656,56,Healthcare,6,2025,208.37
6657,56,Miscellaneous,6,2025,197.3
6658,56,Recharge & Utilities,6,2025,509.71
6659,56,Shopping,6,2025,1721.14
6660,56,Transportation,6,2025,1105.48
6661,56,Education,7,2025,2161.36
6662,56,Entertainment,7,2025,2164.87
6663,56,Food & Dining,7,2025,2031.51
6664,56,Friends & Family,7,2025,337.01
6665,56,Grocery,7,2025,1008.93
6666,56,Healthcare,7,2025,202.22
6667,56,Miscellaneous,7,2025,195.75
6668,56,Recharge & Utilities,7,2025,536.93
6669,56,Shopping,7,2025,1526.95
6670,56,Transportation,7,2025,1033.2
6671,56,Education,8,2025,1938.58
6672,56,Entertainment,8,2025,1948.47
6673,56,Food & Dining,8,2025,1826.11
6674,56,Friends & Family,8,2025,284.33
6675,56,Grocery,8,2025,925.04
6676,56,Healthcare,8,2025,165.42
6677,56,Miscellaneous,8,2025,189.29
6678,56,Recharge & Utilities,8,2025,414.92
6679,56,Shopping,8,2025,1414.25
6680,56,Transportation,8,2025,863.96
6681,56,Education,9,2025,1701.84
6682,56,Entertainment,9,2025,1893.02
6683,56,Food & Dining,9,2025,1711.28
6684,56,Friends & Family,9,2025,293.33
6685,56,Grocery,9,2025,969.15
6686,56,Healthcare,9,2025,160.3
6687,56,Miscellaneous,9,2025,196.2
6688,56,Recharge & Utilities,9,2025,476.03
6689,56,Shopping,9,2025,1312.68
6690,56,Transportation,9,2025,801.06
6691,56,Education,10,2025,1741.47
6692,56,Entertainment,10,2025,2279.41
6693,56,Food & Dining,10,2025,2173.95
6694,56,Friends & Family,10,2025,262.88
6695,56,Grocery,10,2025,1061.51
6696,56,Healthcare,10,2025,193.3
6697,56,Miscellaneous,10,2025,207.51
6698,56,Recharge & Utilities,10,2025,524.78
6699,56,Shopping,10,2025,2034.77
6700,56,Transportation,10,2025,992.47
6701,56,Education,11,2025,1633.07
6702,56,Entertainment,11,2025,2397.98
6703,56,Food & Dining,11,2025,2079.85
6704,56,Friends & Family,11,2025,298.75
6705,56,Grocery,11,2025,925.71
6706,56,Healthcare,11,2025,180.62
6707,56,Miscellaneous,11,2025,191.38
6708,56,Recharge & Utilities,11,2025,413.56
6709,56,Shopping,11,2025,1892.64
6710,56,Transportation,11,2025,862.84
6711,56,Education,12,2025,1779.03
6712,56,Entertainment,12,2025,2216.52
6713,56,Food & Dining,12,2025,1789.73
6714,56,Friends & Family,12,2025,301.87
6715,56,Grocery,12,2025,857.43
6716,56,Healthcare,12,2025,187.48
6717,56,Miscellaneous,12,2025,211.35
6718,56,Recharge & Utilities,12,2025,453.47
6719,56,Shopping,12,2025,1705.29
6720,56,Transportation,12,2025,1077.6
6721,57,Education,1,2025,2157.84
6722,57,Entertainment,1,2025,2051.34
6723,57,Food & Dining,1,2025,1997.52
6724,57,Friends & Family,1,2025,275.55
6725,57,Grocery,1,2025,1004.56
6726,57,Healthcare,1,2025,172.54
6727,57,Miscellaneous,1,2025,206.34
6728,57,Recharge & Utilities,1,2025,505.48
6729,57,Shopping,1,2025,1540.34
6730,57,Transportation,1,2025,909.6
6731,57,Education,2,2025,1735.45
6732,57,Entertainment,2,2025,2056.17
6733,57,Food & Dining,2,2025,1948.38
6734,57,Friends & Family,2,2025,280.52
6735,57,Grocery,2,2025,929.38
6736,57,Healthcare,2,2025,186.25
6737,57,Miscellaneous,2,2025,182.09
6738,57,Recharge & Utilities,2,2025,516.99
6739,57,Shopping,2,2025,1583.25
6740,57,Transportation,2,2025,952.8
6741,57,Education,3,2025,1846.12
6742,57,Entertainment,3,2025,2192.51
6743,57,Food & Dining,3,2025,1706.67
6744,57,Friends & Family,3,2025,267.68
6745,57,Grocery,3,2025,1034.62
6746,57,Healthcare,3,2025,206.09
6747,57,Miscellaneous,3,2025,192.38
6748,57,Recharge & Utilities,3,2025,447.6
6749,57,Shopping,3,2025,1578.5
6750,57,Transportation,3,2025,884.8
6751,57,Education,4,2025,1559.04
6752,57,Entertainment,4,2025,1860.03
6753,57,Food & Dining,4,2025,1702.31
6754,57,Friends & Family,4,2025,273.79
6755,57,Grocery,4,2025,867.16
6756,57,Healthcare,4,2025,180.16
6757,57,Miscellaneous,4,2025,158.33
6758,57,Recharge & Utilities,4,2025,434.5
6759,57,Shopping,4,2025,1321.58
6760,57,Transportation,4,2025,793.19
6761,57,Education,5,2025,1855.23
6762,57,Entertainment,5,2025,1844.07
6763,57,Food & Dining,5,2025,1948.57
6764,57,Friends & Family,5,2025,256.34
6765,57,Grocery,5,2025,840.24
6766,57,Healthcare,5,2025,193.16
6767,57,Miscellaneous,5,2025,177.74
6768,57,Recharge & Utilities,5,2025,444.46
6769,57,Shopping,5,2025,1330.65
6770,57,Transportation,5,2025,1149.93
6771,57,Education,6,2025,1473.17
6772,57,Entertainment,6,2025,2093.82
6773,57,Food & Dining,6,2025,1744.37
6774,57,Friends & Family,6,2025,237.45
6775,57,Grocery,6,2025,837.73
6776,57,Healthcare,6,2025,164.53
6777,57,Miscellaneous,6,2025,170.6
6778,57,Recharge & Utilities,6,2025,442.9
6779,57,Shopping,6,2025,1391.77
6780,57,Transportation,6,2025,916.4
6781,57,Education,7,2025,1880.9
6782,57,Entertainment,7,2025,2368.04
6783,57,Food & Dining,7,2025,2002.1
6784,57,Friends & Family,7,2025,306.27
6785,57,Grocery,7,2025,854.2
6786,57,Healthcare,7,2025,210.92
6787,57,Miscellaneous,7,2025,189.81
6788,57,Recharge & Utilities,7,2025,454.27
6789,57,Shopping,7,2025,1631.96
6790,57,Transportation,7,2025,1040.13
6791,57,Education,8,2025,1865.04
6792,57,Entertainment,8,2025,2053.83
6793,57,Food & Dining,8,2025,1773.25
6794,57,Friends & Family,8,2025,279.56
6795,57,Grocery,8,2025,917.12
6796,57,Healthcare,8,2025,161.96
6797,57,Miscellaneous,8,2025,153.03
6798,57,Recharge & Utilities,8,2025,434.17
6799,57,Shopping,8,2025,1277.52
6800,57,Transportation,8,2025,766.08
6801,57,Education,9,2025,1542.84
6802,57,Entertainment,9,2025,1925.2
6803,57,Food & Dining,9,2025,1618.93
6804,57,Friends & Family,9,2025,279.99
6805,57,Grocery,9,2025,880.01
6806,57,Healthcare,9,2025,162.35
6807,57,Miscellaneous,9,2025,200.23
6808,57,Recharge & Utilities,9,2025,498.19
6809,57,Shopping,9,2025,1551.7
6810,57,Transportation,9,2025,970.13
6811,57,Education,10,2025,1825.23
6812,57,Entertainment,10,2025,2136.35
6813,57,Food & Dining,10,2025,1994.19
6814,57,Friends & Family,10,2025,286.35
6815,57,Grocery,10,2025,960.9
6816,57,Healthcare,10,2025,202.79
6817,57,Miscellaneous,10,2025,184.94
6818,57,Recharge & Utilities,10,2025,437.88
6819,57,Shopping,10,2025,1998.09
6820,57,Transportation,10,2025,842.26
6821,57,Education,11,2025,1515.53
6822,57,Entertainment,11,2025,2304.97
6823,57,Food & Dining,11,2025,1849.72
6824,57,Friends & Family,11,2025,268.85
6825,57,Grocery,11,2025,996.07
6826,57,Healthcare,11,2025,197.6
6827,57,Miscellaneous,11,2025,195.75
6828,57,Recharge & Utilities,11,2025,414.8
6829,57,Shopping,11,2025,1693.99
6830,57,Transportation,11,2025,973.61
6831,57,Education,12,2025,1562.93
6832,57,Entertainment,12,2025,2161.07
6833,57,Food & Dining,12,2025,1678.23
6834,57,Friends & Family,12,2025,262.94
6835,57,Grocery,12,2025,837.57
6836,57,Healthcare,12,2025,201.1
6837,57,Miscellaneous,12,2025,176.24
6838,57,Recharge & Utilities,12,2025,506.64
6839,57,Shopping,12,2025,1538.8
6840,57,Transportation,12,2025,1117.88
6841,58,Education,1,2025,1758.51
6842,58,Entertainment,1,2025,1575.19
6843,58,Food & Dining,1,2025,1331.35
6844,58,Friends & Family,1,2025,201.64
6845,58,Grocery,1,2025,670.81
6846,58,Healthcare,1,2025,136.66
6847,58,Miscellaneous,1,2025,145.94
6848,58,Recharge & Utilities,1,2025,332.2
6849,58,Shopping,1,2025,1121.46
6850,58,Transportation,1,2025,723.03
6851,58,Education,2,2025,1495.48
6852,58,Entertainment,2,2025,1885.4
6853,58,Food & Dining,2,2025,1492.7
6854,58,Friends & Family,2,2025,226.98
6855,58,Grocery,2,2025,838.15
6856,58,Healthcare,2,2025,163.21
6857,58,Miscellaneous,2,2025,141.47
6858,58,Recharge & Utilities,2,2025,358.13
6859,58,Shopping,2,2025,1235.29
6860,58,Transportation,2,2025,823.87
6861,58,Education,3,2025,1197.07
6862,58,Entertainment,3,2025,1644.34
6863,58,Food & Dining,3,2025,1265.58
6864,58,Friends & Family,3,2025,228.47
6865,58,Grocery,3,2025,635.11
6866,58,Healthcare,3,2025,137.85
6867,58,Miscellaneous,3,2025,127.89
6868,58,Recharge & Utilities,3,2025,318.1
6869,58,Shopping,3,2025,1110.68
6870,58,Transportation,3,2025,683.65
6871,58,Education,4,2025,1236.24
6872,58,Entertainment,4,2025,1793.07
6873,58,Food & Dining,4,2025,1453.43
6874,58,Friends & Family,4,2025,201.78
6875,58,Grocery,4,2025,699.44
6876,58,Healthcare,4,2025,154.98
6877,58,Miscellaneous,4,2025,162.33
6878,58,Recharge & Utilities,4,2025,380.0
6879,58,Shopping,4,2025,1296.73
6880,58,Transportation,4,2025,689.26
6881,58,Education,5,2025,1308.02
6882,58,Entertainment,5,2025,1802.98
6883,58,Food & Dining,5,2025,1559.41
6884,58,Friends & Family,5,2025,241.64
6885,58,Grocery,5,2025,811.11
6886,58,Healthcare,5,2025,138.28
6887,58,Miscellaneous,5,2025,155.48
6888,58,Recharge & Utilities,5,2025,376.41
6889,58,Shopping,5,2025,1238.94
6890,58,Transportation,5,2025,912.12
6891,58,Education,6,2025,1464.61
6892,58,Entertainment,6,2025,1720.75
6893,58,Food & Dining,6,2025,1392.33
6894,58,Friends & Family,6,2025,238.4
6895,58,Grocery,6,2025,708.98
6896,58,Healthcare,6,2025,160.98
6897,58,Miscellaneous,6,2025,162.74
6898,58,Recharge & Utilities,6,2025,378.09
6899,58,Shopping,6,2025,1206.35
6900,58,Transportation,6,2025,910.12
6901,58,Education,7,2025,1613.38
6902,58,Entertainment,7,2025,1643.06
6903,58,Food & Dining,7,2025,1514.55
6904,58,Friends & Family,7,2025,210.96
6905,58,Grocery,7,2025,707.69
6906,58,Healthcare,7,2025,155.19
6907,58,Miscellaneous,7,2025,150.58
6908,58,Recharge & Utilities,7,2025,382.18
6909,58,Shopping,7,2025,1183.68
6910,58,Transportation,7,2025,821.39
6911,58,Education,8,2025,1414.22
6912,58,Entertainment,8,2025,1454.25
6913,58,Food & Dining,8,2025,1366.22
6914,58,Friends & Family,8,2025,221.19
6915,58,Grocery,8,2025,732.78
6916,58,Healthcare,8,2025,145.28
6917,58,Miscellaneous,8,2025,145.7
6918,58,Recharge & Utilities,8,2025,365.44
6919,58,Shopping,8,2025,1003.0
6920,58,Transportation,8,2025,684.85
6921,58,Education,9,2025,1339.3
6922,58,Entertainment,9,2025,1561.75
6923,58,Food & Dining,9,2025,1525.48
6924,58,Friends & Family,9,2025,216.33
6925,58,Grocery,9,2025,626.86
6926,58,Healthcare,9,2025,124.81
6927,58,Miscellaneous,9,2025,124.27
6928,58,Recharge & Utilities,9,2025,335.09
6929,58,Shopping,9,2025,1128.69
6930,58,Transportation,9,2025,761.41
6931,58,Education,10,2025,1205.47
6932,58,Entertainment,10,2025,1895.49
6933,58,Food & Dining,10,2025,1515.08
6934,58,Friends & Family,10,2025,236.97
6935,58,Grocery,10,2025,709.62
6936,58,Healthcare,10,2025,145.12
6937,58,Miscellaneous,10,2025,157.83
6938,58,Recharge & Utilities,10,2025,364.3
6939,58,Shopping,10,2025,1532.26
6940,58,Transportation,10,2025,666.36
6941,58,Education,11,2025,1498.31
6942,58,Entertainment,11,2025,1955.98
6943,58,Food & Dining,11,2025,1738.41
6944,58,Friends & Family,11,2025,241.13
6945,58,Grocery,11,2025,779.29
6946,58,Healthcare,11,2025,158.3
6947,58,Miscellaneous,11,2025,148.73
6948,58,Recharge & Utilities,11,2025,374.36
6949,58,Shopping,11,2025,1597.98
6950,58,Transportation,11,2025,797.22
6951,58,Education,12,2025,1215.52
6952,58,Entertainment,12,2025,1824.86
6953,58,Food & Dining,12,2025,1418.1
6954,58,Friends & Family,12,2025,227.25
6955,58,Grocery,12,2025,708.34
6956,58,Healthcare,12,2025,144.18
6957,58,Miscellaneous,12,2025,144.56
6958,58,Recharge & Utilities,12,2025,377.8
6959,58,Shopping,12,2025,1098.07
6960,58,Transportation,12,2025,942.27
6961,59,Education,1,2025,1626.99
6962,59,Entertainment,1,2025,1811.23
6963,59,Food & Dining,1,2025,1717.71
6964,59,Friends & Family,1,2025,248.24
6965,59,Grocery,1,2025,882.04
6966,59,Healthcare,1,2025,146.42
6967,59,Miscellaneous,1,2025,157.27
6968,59,Recharge & Utilities,1,2025,391.07
6969,59,Shopping,1,2025,1400.06
6970,59,Transportation,1,2025,778.32
6971,59,Education,2,2025,1338.62
6972,59,Entertainment,2,2025,1828.69
6973,59,Food & Dining,2,2025,1663.3
6974,59,Friends & Family,2,2025,255.89
6975,59,Grocery,2,2025,775.05
6976,59,Healthcare,2,2025,166.43
6977,59,Miscellaneous,2,2025,153.35
6978,59,Recharge & Utilities,2,2025,426.54
6979,59,Shopping,2,2025,1212.03
6980,59,Transportation,2,2025,783.75
6981,59,Education,3,2025,1556.34
6982,59,Entertainment,3,2025,1843.57
6983,59,Food & Dining,3,2025,1700.56
6984,59,Friends & Family,3,2025,247.88
6985,59,Grocery,3,2025,839.15
6986,59,Healthcare,3,2025,159.99
6987,59,Miscellaneous,3,2025,192.94
6988,59,Recharge & Utilities,3,2025,395.63
6989,59,Shopping,3,2025,1310.35
6990,59,Transportation,3,2025,832.3
6991,59,Education,4,2025,1616.4
6992,59,Entertainment,4,2025,1938.49
6993,59,Food & Dining,4,2025,1475.5
6994,59,Friends & Family,4,2025,241.89
6995,59,Grocery,4,2025,822.56
6996,59,Healthcare,4,2025,156.99
6997,59,Miscellaneous,4,2025,173.66
6998,59,Recharge & Utilities,4,2025,441.24
6999,59,Shopping,4,2025,1350.75
7000,59,Transportation,4,2025,762.12
7001,59,Education,5,2025,1345.61
7002,59,Entertainment,5,2025,1969.28
7003,59,Food & Dining,5,2025,1570.52
7004,59,Friends & Family,5,2025,247.51
7005,59,Grocery,5,2025,868.4
7006,59,Healthcare,5,2025,166.95
7007,59,Miscellaneous,5,2025,153.49
7008,59,Recharge & Utilities,5,2025,438.09
7009,59,Shopping,5,2025,1365.32
7010,59,Transportation,5,2025,1027.09
7011,59,Education,6,2025,1462.89
7012,59,Entertainment,6,2025,1917.51
7013,59,Food & Dining,6,2025,1497.39
7014,59,Friends & Family,6,2025,227.78
7015,59,Grocery,6,2025,884.51
7016,59,Healthcare,6,2025,177.6
7017,59,Miscellaneous,6,2025,160.05
7018,59,Recharge & Utilities,6,2025,390.07
7019,59,Shopping,6,2025,1373.65
7020,59,Transportation,6,2025,1018.54
7021,59,Education,7,2025,1720.23
7022,59,Entertainment,7,2025,1973.99
7023,59,Food & Dining,7,2025,1724.78
7024,59,Friends & Family,7,2025,226.35
7025,59,Grocery,7,2025,869.71
7026,59,Healthcare,7,2025,162.19
7027,59,Miscellaneous,7,2025,176.24
7028,59,Recharge & Utilities,7,2025,379.53
7029,59,Shopping,7,2025,1466.08
7030,59,Transportation,7,2025,893.18
7031,59,Education,8,2025,1618.14
7032,59,Entertainment,8,2025,1817.41
7033,59,Food & Dining,8,2025,1470.57
7034,59,Friends & Family,8,2025,244.82
7035,59,Grocery,8,2025,811.97
7036,59,Healthcare,8,2025,144.56
7037,59,Miscellaneous,8,2025,150.33
7038,59,Recharge & Utilities,8,2025,384.39
7039,59,Shopping,8,2025,1221.22
7040,59,Transportation,8,2025,781.41
7041,59,Education,9,2025,1768.65
7042,59,Entertainment,9,2025,1928.11
7043,59,Food & Dining,9,2025,1686.31
7044,59,Friends & Family,9,2025,241.2
7045,59,Grocery,9,2025,953.96
7046,59,Healthcare,9,2025,189.25
7047,59,Miscellaneous,9,2025,194.96
7048,59,Recharge & Utilities,9,2025,446.61
7049,59,Shopping,9,2025,1440.32
7050,59,Transportation,9,2025,856.83
7051,59,Education,10,2025,1449.72
7052,59,Entertainment,10,2025,1962.41
7053,59,Food & Dining,10,2025,1829.69
7054,59,Friends & Family,10,2025,234.04
7055,59,Grocery,10,2025,752.87
7056,59,Healthcare,10,2025,162.36
7057,59,Miscellaneous,10,2025,170.87
7058,59,Recharge & Utilities,10,2025,421.61
7059,59,Shopping,10,2025,1466.92
7060,59,Transportation,10,2025,833.47
7061,59,Education,11,2025,1316.56
7062,59,Entertainment,11,2025,2097.88
7063,59,Food & Dining,11,2025,1671.61
7064,59,Friends & Family,11,2025,250.97
7065,59,Grocery,11,2025,815.33
7066,59,Healthcare,11,2025,151.34
7067,59,Miscellaneous,11,2025,171.15
7068,59,Recharge & Utilities,11,2025,380.99
7069,59,Shopping,11,2025,1580.8
7070,59,Transportation,11,2025,848.88
7071,59,Education,12,2025,1705.71
7072,59,Entertainment,12,2025,1936.44
7073,59,Food & Dining,12,2025,1655.73
7074,59,Friends & Family,12,2025,281.15
7075,59,Grocery,12,2025,928.88
7076,59,Healthcare,12,2025,168.73
7077,59,Miscellaneous,12,2025,177.18
7078,59,Recharge & Utilities,12,2025,448.77
7079,59,Shopping,12,2025,1501.09
7080,59,Transportation,12,2025,981.45
7081,60,Education,1,2025,2090.16
7082,60,Entertainment,1,2025,2434.61
7083,60,Food & Dining,1,2025,1888.96
7084,60,Friends & Family,1,2025,294.81
7085,60,Grocery,1,2025,1021.18
7086,60,Healthcare,1,2025,204.62
7087,60,Miscellaneous,1,2025,216.06
7088,60,Recharge & Utilities,1,2025,499.55
7089,60,Shopping,1,2025,1788.56
7090,60,Transportation,1,2025,1086.98
7091,60,Education,2,2025,1968.47
7092,60,Entertainment,2,2025,2513.74
7093,60,Food & Dining,2,2025,1925.37
7094,60,Friends & Family,2,2025,314.73
7095,60,Grocery,2,2025,991.17
7096,60,Healthcare,2,2025,207.07
7097,60,Miscellaneous,2,2025,226.33
7098,60,Recharge & Utilities,2,2025,519.23
7099,60,Shopping,2,2025,1534.55
7100,60,Transportation,2,2025,1111.9
7101,60,Education,3,2025,2249.04
7102,60,Entertainment,3,2025,2690.96
7103,60,Food & Dining,3,2025,2040.83
7104,60,Friends & Family,3,2025,317.6
7105,60,Grocery,3,2025,1217.59
7106,60,Healthcare,3,2025,206.24
7107,60,Miscellaneous,3,2025,210.93
7108,60,Recharge & Utilities,3,2025,595.41
7109,60,Shopping,3,2025,1888.76
7110,60,Transportation,3,2025,1171.4
7111,60,Education,4,2025,1718.12
7112,60,Entertainment,4,2025,2020.33
7113,60,Food & Dining,4,2025,2146.88
7114,60,Friends & Family,4,2025,304.84
7115,60,Grocery,4,2025,984.51
7116,60,Healthcare,4,2025,221.75
7117,60,Miscellaneous,4,2025,221.59
7118,60,Recharge & Utilities,4,2025,526.55
7119,60,Shopping,4,2025,1738.98
7120,60,Transportation,4,2025,1036.74
7121,60,Education,5,2025,1919.73
7122,60,Entertainment,5,2025,2638.33
7123,60,Food & Dining,5,2025,2472.5
7124,60,Friends & Family,5,2025,320.23
7125,60,Grocery,5,2025,1245.33
7126,60,Healthcare,5,2025,242.76
7127,60,Miscellaneous,5,2025,211.6
7128,60,Recharge & Utilities,5,2025,521.91
7129,60,Shopping,5,2025,1963.98
7130,60,Transportation,5,2025,1495.64
7131,60,Education,6,2025,2067.67
7132,60,Entertainment,6,2025,2732.49
7133,60,Food & Dining,6,2025,2281.93
7134,60,Friends & Family,6,2025,361.17
7135,60,Grocery,6,2025,1135.44
7136,60,Healthcare,6,2025,235.17
7137,60,Miscellaneous,6,2025,203.01
7138,60,Recharge & Utilities,6,2025,598.61
7139,60,Shopping,6,2025,1879.92
7140,60,Transportation,6,2025,1318.13
7141,60,Education,7,2025,2486.38
7142,60,Entertainment,7,2025,2319.5
7143,60,Food & Dining,7,2025,2477.65
7144,60,Friends & Family,7,2025,310.75
7145,60,Grocery,7,2025,1143.53
7146,60,Healthcare,7,2025,201.1
7147,60,Miscellaneous,7,2025,225.61
7148,60,Recharge & Utilities,7,2025,580.73
7149,60,Shopping,7,2025,1862.21
7150,60,Transportation,7,2025,1167.96
7151,60,Education,8,2025,2191.21
7152,60,Entertainment,8,2025,2348.11
7153,60,Food & Dining,8,2025,2302.63
7154,60,Friends & Family,8,2025,291.3
7155,60,Grocery,8,2025,1106.36
7156,60,Healthcare,8,2025,204.91
7157,60,Miscellaneous,8,2025,215.09
7158,60,Recharge & Utilities,8,2025,565.81
7159,60,Shopping,8,2025,1607.12
7160,60,Transportation,8,2025,1092.05
7161,60,Education,9,2025,1871.24
7162,60,Entertainment,9,2025,2263.91
7163,60,Food & Dining,9,2025,2273.66
7164,60,Friends & Family,9,2025,327.4
7165,60,Grocery,9,2025,941.79
7166,60,Healthcare,9,2025,213.05
7167,60,Miscellaneous,9,2025,231.05
7168,60,Recharge & Utilities,9,2025,480.63
7169,60,Shopping,9,2025,1720.45
7170,60,Transportation,9,2025,1009.57
7171,60,Education,10,2025,1854.35
7172,60,Entertainment,10,2025,2493.24
7173,60,Food & Dining,10,2025,2644.29
7174,60,Friends & Family,10,2025,369.96
7175,60,Grocery,10,2025,1100.52
7176,60,Healthcare,10,2025,222.87
7177,60,Miscellaneous,10,2025,235.45
7178,60,Recharge & Utilities,10,2025,597.34
7179,60,Shopping,10,2025,2177.17
7180,60,Transportation,10,2025,1112.81
7181,60,Education,11,2025,1968.89
7182,60,Entertainment,11,2025,2658.76
7183,60,Food & Dining,11,2025,2236.32
7184,60,Friends & Family,11,2025,355.84
7185,60,Grocery,11,2025,1107.71
7186,60,Healthcare,11,2025,198.11
7187,60,Miscellaneous,11,2025,243.28
7188,60,Recharge & Utilities,11,2025,510.54
7189,60,Shopping,11,2025,2243.37
7190,60,Transportation,11,2025,1208.34
7191,60,Education,12,2025,1863.75
7192,60,Entertainment,12,2025,2382.89
7193,60,Food & Dining,12,2025,2264.93
7194,60,Friends & Family,12,2025,299.49
7195,60,Grocery,12,2025,1060.5
7196,60,Healthcare,12,2025,205.29
7197,60,Miscellaneous,12,2025,220.95
7198,60,Recharge & Utilities,12,2025,489.68
7199,60,Shopping,12,2025,1620.12
7200,60,Transportation,12,2025,1159.68
7201,61,Education,1,2025,2721.07
7202,61,Entertainment,1,2025,3280.34
7203,61,Food & Dining,1,2025,2477.07
7204,61,Friends & Family,1,2025,379.85
7205,61,Grocery,1,2025,1361.38
7206,61,Healthcare,1,2025,291.0
7207,61,Miscellaneous,1,2025,239.07
7208,61,Recharge & Utilities,1,2025,626.65
7209,61,Shopping,1,2025,2175.65
7210,61,Transportation,1,2025,1288.98
7211,61,Education,2,2025,2410.55
7212,61,Entertainment,2,2025,2715.15
7213,61,Food & Dining,2,2025,2667.91
7214,61,Friends & Family,2,2025,405.11
7215,61,Grocery,2,2025,1137.07
7216,61,Healthcare,2,2025,261.83
7217,61,Miscellaneous,2,2025,234.46
7218,61,Recharge & Utilities,2,2025,659.08
7219,61,Shopping,2,2025,1876.96
7220,61,Transportation,2,2025,1263.47
7221,61,Education,3,2025,2237.62
7222,61,Entertainment,3,2025,3230.47
7223,61,Food & Dining,3,2025,2678.38
7224,61,Friends & Family,3,2025,363.15
7225,61,Grocery,3,2025,1312.26
7226,61,Healthcare,3,2025,260.46
7227,61,Miscellaneous,3,2025,278.48
7228,61,Recharge & Utilities,3,2025,610.47
7229,61,Shopping,3,2025,2350.24
7230,61,Transportation,3,2025,1335.81
7231,61,Education,4,2025,2595.37
7232,61,Entertainment,4,2025,2963.08
7233,61,Food & Dining,4,2025,2597.01
7234,61,Friends & Family,4,2025,421.89
7235,61,Grocery,4,2025,1220.21
7236,61,Healthcare,4,2025,246.89
7237,61,Miscellaneous,4,2025,253.87
7238,61,Recharge & Utilities,4,2025,709.2
7239,61,Shopping,4,2025,1975.13
7240,61,Transportation,4,2025,1238.35
7241,61,Education,5,2025,2315.29
7242,61,Entertainment,5,2025,2807.3
7243,61,Food & Dining,5,2025,2595.65
7244,61,Friends & Family,5,2025,381.87
7245,61,Grocery,5,2025,1393.98
7246,61,Healthcare,5,2025,258.2
7247,61,Miscellaneous,5,2025,288.43
7248,61,Recharge & Utilities,5,2025,643.65
7249,61,Shopping,5,2025,2362.51
7250,61,Transportation,5,2025,1631.78
7251,61,Education,6,2025,2408.43
7252,61,Entertainment,6,2025,3055.92
7253,61,Food & Dining,6,2025,2626.16
7254,61,Friends & Family,6,2025,363.67
7255,61,Grocery,6,2025,1369.09
7256,61,Healthcare,6,2025,242.14
7257,61,Miscellaneous,6,2025,262.72
7258,61,Recharge & Utilities,6,2025,705.03
7259,61,Shopping,6,2025,2067.27
7260,61,Transportation,6,2025,1599.83
7261,61,Education,7,2025,3185.16
7262,61,Entertainment,7,2025,3426.37
7263,61,Food & Dining,7,2025,2839.89
7264,61,Friends & Family,7,2025,449.76
7265,61,Grocery,7,2025,1308.14
7266,61,Healthcare,7,2025,306.72
7267,61,Miscellaneous,7,2025,306.97
7268,61,Recharge & Utilities,7,2025,763.86
7269,61,Shopping,7,2025,2088.89
7270,61,Transportation,7,2025,1358.49
7271,61,Education,8,2025,3002.52
7272,61,Entertainment,8,2025,2924.64
7273,61,Food & Dining,8,2025,2686.33
7274,61,Friends & Family,8,2025,362.99
7275,61,Grocery,8,2025,1289.68
7276,61,Healthcare,8,2025,277.94
7277,61,Miscellaneous,8,2025,263.68
7278,61,Recharge & Utilities,8,2025,612.48
7279,61,Shopping,8,2025,2189.77
7280,61,Transportation,8,2025,1236.38
7281,61,Education,9,2025,2291.53
7282,61,Entertainment,9,2025,3133.75
7283,61,Food & Dining,9,2025,2466.91
7284,61,Friends & Family,9,2025,424.19
7285,61,Grocery,9,2025,1424.52
7286,61,Healthcare,9,2025,250.45
7287,61,Miscellaneous,9,2025,237.48
7288,61,Recharge & Utilities,9,2025,714.07
7289,61,Shopping,9,2025,2029.78
7290,61,Transportation,9,2025,1189.42
7291,61,Education,10,2025,2768.12
7292,61,Entertainment,10,2025,3401.02
7293,61,Food & Dining,10,2025,2944.93
7294,61,Friends & Family,10,2025,434.72
7295,61,Grocery,10,2025,1303.78
7296,61,Healthcare,10,2025,262.01
7297,61,Miscellaneous,10,2025,304.44
7298,61,Recharge & Utilities,10,2025,648.66
7299,61,Shopping,10,2025,2883.6
7300,61,Transportation,10,2025,1309.09
7301,61,Education,11,2025,2294.66
7302,61,Entertainment,11,2025,2927.18
7303,61,Food & Dining,11,2025,3035.35
7304,61,Friends & Family,11,2025,345.82
7305,61,Grocery,11,2025,1354.68
7306,61,Healthcare,11,2025,235.37
7307,61,Miscellaneous,11,2025,275.11
7308,61,Recharge & Utilities,11,2025,667.65
7309,61,Shopping,11,2025,2674.37
7310,61,Transportation,11,2025,1273.61
7311,61,Education,12,2025,2399.53
7312,61,Entertainment,12,2025,2973.21
7313,61,Food & Dining,12,2025,2891.11
7314,61,Friends & Family,12,2025,432.37
7315,61,Grocery,12,2025,1276.84
7316,61,Healthcare,12,2025,265.39
7317,61,Miscellaneous,12,2025,252.87
7318,61,Recharge & Utilities,12,2025,701.65
7319,61,Shopping,12,2025,2187.47
7320,61,Transportation,12,2025,1479.27
7321,62,Education,1,2025,1593.0
7322,62,Entertainment,1,2025,1825.02
7323,62,Food & Dining,1,2025,1662.24
7324,62,Friends & Family,1,2025,244.35
7325,62,Grocery,1,2025,766.07
7326,62,Healthcare,1,2025,169.04
7327,62,Miscellaneous,1,2025,154.59
7328,62,Recharge & Utilities,1,2025,414.35
7329,62,Shopping,1,2025,1308.85
7330,62,Transportation,1,2025,842.21
7331,62,Education,2,2025,1416.67
7332,62,Entertainment,2,2025,1724.08
7333,62,Food & Dining,2,2025,1541.34
7334,62,Friends & Family,2,2025,220.66
7335,62,Grocery,2,2025,785.65
7336,62,Healthcare,2,2025,168.54
7337,62,Miscellaneous,2,2025,148.17
7338,62,Recharge & Utilities,2,2025,425.14
7339,62,Shopping,2,2025,1342.88
7340,62,Transportation,2,2025,825.44
7341,62,Education,3,2025,1358.73
7342,62,Entertainment,3,2025,1764.22
7343,62,Food & Dining,3,2025,1407.54
7344,62,Friends & Family,3,2025,237.47
7345,62,Grocery,3,2025,687.55
7346,62,Healthcare,3,2025,161.81
7347,62,Miscellaneous,3,2025,167.92
7348,62,Recharge & Utilities,3,2025,355.4
7349,62,Shopping,3,2025,1378.04
7350,62,Transportation,3,2025,704.22
7351,62,Education,4,2025,1352.31
7352,62,Entertainment,4,2025,1939.68
7353,62,Food & Dining,4,2025,1426.32
7354,62,Friends & Family,4,2025,224.98
7355,62,Grocery,4,2025,791.78
7356,62,Healthcare,4,2025,162.99
7357,62,Miscellaneous,4,2025,150.94
7358,62,Recharge & Utilities,4,2025,402.91
7359,62,Shopping,4,2025,1240.13
7360,62,Transportation,4,2025,741.14
7361,62,Education,5,2025,1404.82
7362,62,Entertainment,5,2025,1993.13
7363,62,Food & Dining,5,2025,1630.23
7364,62,Friends & Family,5,2025,252.7
7365,62,Grocery,5,2025,839.73
7366,62,Healthcare,5,2025,162.28
7367,62,Miscellaneous,5,2025,176.79
7368,62,Recharge & Utilities,5,2025,450.84
7369,62,Shopping,5,2025,1279.14
7370,62,Transportation,5,2025,1027.55
7371,62,Education,6,2025,1475.47
7372,62,Entertainment,6,2025,1829.72
7373,62,Food & Dining,6,2025,1526.65
7374,62,Friends & Family,6,2025,220.76
7375,62,Grocery,6,2025,792.57
7376,62,Healthcare,6,2025,145.87
7377,62,Miscellaneous,6,2025,140.76
7378,62,Recharge & Utilities,6,2025,413.79
7379,62,Shopping,6,2025,1168.1
7380,62,Transportation,6,2025,901.22
7381,62,Education,7,2025,1944.26
7382,62,Entertainment,7,2025,1730.34
7383,62,Food & Dining,7,2025,1786.47
7384,62,Friends & Family,7,2025,279.07
7385,62,Grocery,7,2025,931.07
7386,62,Healthcare,7,2025,183.88
7387,62,Miscellaneous,7,2025,149.99
7388,62,Recharge & Utilities,7,2025,454.91
7389,62,Shopping,7,2025,1384.9
7390,62,Transportation,7,2025,775.82
7391,62,Education,8,2025,1511.8
7392,62,Entertainment,8,2025,1497.36
7393,62,Food & Dining,8,2025,1564.33
7394,62,Friends & Family,8,2025,219.31
7395,62,Grocery,8,2025,680.86
7396,62,Healthcare,8,2025,132.55
7397,62,Miscellaneous,8,2025,155.12
7398,62,Recharge & Utilities,8,2025,349.6
7399,62,Shopping,8,2025,1153.27
7400,62,Transportation,8,2025,771.96
7401,62,Education,9,2025,1606.16
7402,62,Entertainment,9,2025,1629.46
7403,62,Food & Dining,9,2025,1747.62
7404,62,Friends & Family,9,2025,235.28
7405,62,Grocery,9,2025,748.78
7406,62,Healthcare,9,2025,158.09
7407,62,Miscellaneous,9,2025,148.14
7408,62,Recharge & Utilities,9,2025,403.88
7409,62,Shopping,9,2025,1379.6
7410,62,Transportation,9,2025,803.59
7411,62,Education,10,2025,1503.68
7412,62,Entertainment,10,2025,2017.06
7413,62,Food & Dining,10,2025,1846.39
7414,62,Friends & Family,10,2025,234.45
7415,62,Grocery,10,2025,780.74
7416,62,Healthcare,10,2025,156.0
7417,62,Miscellaneous,10,2025,170.98
7418,62,Recharge & Utilities,10,2025,396.8
7419,62,Shopping,10,2025,1533.58
7420,62,Transportation,10,2025,737.02
7421,62,Education,11,2025,1280.66
7422,62,Entertainment,11,2025,2010.94
7423,62,Food & Dining,11,2025,1567.26
7424,62,Friends & Family,11,2025,221.87
7425,62,Grocery,11,2025,795.57
7426,62,Healthcare,11,2025,146.31
7427,62,Miscellaneous,11,2025,144.03
7428,62,Recharge & Utilities,11,2025,426.37
7429,62,Shopping,11,2025,1583.87
7430,62,Transportation,11,2025,769.75
7431,62,Education,12,2025,1613.27
7432,62,Entertainment,12,2025,2002.59
7433,62,Food & Dining,12,2025,1569.97
7434,62,Friends & Family,12,2025,226.54
7435,62,Grocery,12,2025,823.68
7436,62,Healthcare,12,2025,173.6
7437,62,Miscellaneous,12,2025,149.45
7438,62,Recharge & Utilities,12,2025,401.52
7439,62,Shopping,12,2025,1227.53
7440,62,Transportation,12,2025,924.26
7441,63,Education,1,2025,2835.76
7442,63,Entertainment,1,2025,2603.6
7443,63,Food & Dining,1,2025,2321.96
7444,63,Friends & Family,1,2025,379.09
7445,63,Grocery,1,2025,1312.37
7446,63,Healthcare,1,2025,227.28
7447,63,Miscellaneous,1,2025,237.11
7448,63,Recharge & Utilities,1,2025,592.88
7449,63,Shopping,1,2025,2122.7
7450,63,Transportation,1,2025,1122.69
7451,63,Education,2,2025,2211.86
7452,63,Entertainment,2,2025,3009.42
7453,63,Food & Dining,2,2025,2770.75
7454,63,Friends & Family,2,2025,377.79
7455,63,Grocery,2,2025,1243.49
7456,63,Healthcare,2,2025,272.68
7457,63,Miscellaneous,2,2025,230.76
7458,63,Recharge & Utilities,2,2025,608.55
7459,63,Shopping,2,2025,1844.22
7460,63,Transportation,2,2025,1179.39
7461,63,Education,3,2025,2239.03
7462,63,Entertainment,3,2025,3090.64
7463,63,Food & Dining,3,2025,2388.63
7464,63,Friends & Family,3,2025,369.54
7465,63,Grocery,3,2025,1266.14
7466,63,Healthcare,3,2025,236.29
7467,63,Miscellaneous,3,2025,265.49
7468,63,Recharge & Utilities,3,2025,590.77
7469,63,Shopping,3,2025,2151.86
7470,63,Transportation,3,2025,1269.93
7471,63,Education,4,2025,2400.52
7472,63,Entertainment,4,2025,2946.69
7473,63,Food & Dining,4,2025,2260.45
7474,63,Friends & Family,4,2025,333.37
7475,63,Grocery,4,2025,1196.98
7476,63,Healthcare,4,2025,261.0
7477,63,Miscellaneous,4,2025,266.8
7478,63,Recharge & Utilities,4,2025,610.91
7479,63,Shopping,4,2025,1890.63
7480,63,Transportation,4,2025,1116.38
7481,63,Education,5,2025,2221.71
7482,63,Entertainment,5,2025,2612.53
7483,63,Food & Dining,5,2025,2462.28
7484,63,Friends & Family,5,2025,351.52
7485,63,Grocery,5,2025,1206.95
7486,63,Healthcare,5,2025,243.02
7487,63,Miscellaneous,5,2025,213.55
7488,63,Recharge & Utilities,5,2025,641.24
7489,63,Shopping,5,2025,1985.06
7490,63,Transportation,5,2025,1376.46
7491,63,Education,6,2025,2490.82
7492,63,Entertainment,6,2025,2655.5
7493,63,Food & Dining,6,2025,2699.29
7494,63,Friends & Family,6,2025,409.23
7495,63,Grocery,6,2025,1277.11
7496,63,Healthcare,6,2025,276.97
7497,63,Miscellaneous,6,2025,239.09
7498,63,Recharge & Utilities,6,2025,576.13
7499,63,Shopping,6,2025,2002.44
7500,63,Transportation,6,2025,1575.89
7501,63,Education,7,2025,2975.82
7502,63,Entertainment,7,2025,3047.37
7503,63,Food & Dining,7,2025,2760.34
7504,63,Friends & Family,7,2025,366.16
7505,63,Grocery,7,2025,1236.89
7506,63,Healthcare,7,2025,256.81
7507,63,Miscellaneous,7,2025,276.46
7508,63,Recharge & Utilities,7,2025,672.04
7509,63,Shopping,7,2025,1882.32
7510,63,Transportation,7,2025,1335.47
7511,63,Education,8,2025,2865.52
7512,63,Entertainment,8,2025,2578.46
7513,63,Food & Dining,8,2025,2399.63
7514,63,Friends & Family,8,2025,325.35
7515,63,Grocery,8,2025,1315.67
7516,63,Healthcare,8,2025,260.95
7517,63,Miscellaneous,8,2025,251.3
7518,63,Recharge & Utilities,8,2025,576.95
7519,63,Shopping,8,2025,2021.03
7520,63,Transportation,8,2025,1317.44
7521,63,Education,9,2025,1991.91
7522,63,Entertainment,9,2025,2522.94
7523,63,Food & Dining,9,2025,2102.18
7524,63,Friends & Family,9,2025,349.88
7525,63,Grocery,9,2025,1059.36
7526,63,Healthcare,9,2025,241.37
7527,63,Miscellaneous,9,2025,199.69
7528,63,Recharge & Utilities,9,2025,617.12
7529,63,Shopping,9,2025,1867.97
7530,63,Transportation,9,2025,1168.27
7531,63,Education,10,2025,2279.18
7532,63,Entertainment,10,2025,3102.66
7533,63,Food & Dining,10,2025,2724.23
7534,63,Friends & Family,10,2025,348.66
7535,63,Grocery,10,2025,1136.07
7536,63,Healthcare,10,2025,262.63
7537,63,Miscellaneous,10,2025,249.53
7538,63,Recharge & Utilities,10,2025,581.87
7539,63,Shopping,10,2025,2236.6
7540,63,Transportation,10,2025,1088.67
7541,63,Education,11,2025,2038.37
7542,63,Entertainment,11,2025,3300.34
7543,63,Food & Dining,11,2025,2626.43
7544,63,Friends & Family,11,2025,350.17
7545,63,Grocery,11,2025,1261.45
7546,63,Healthcare,11,2025,232.0
7547,63,Miscellaneous,11,2025,230.88
7548,63,Recharge & Utilities,11,2025,570.33
7549,63,Shopping,11,2025,2482.92
7550,63,Transportation,11,2025,1210.59
7551,63,Education,12,2025,2102.06
7552,63,Entertainment,12,2025,2661.56
7553,63,Food & Dining,12,2025,2397.75
7554,63,Friends & Family,12,2025,331.57
7555,63,Grocery,12,2025,1121.65
7556,63,Healthcare,12,2025,214.16
7557,63,Miscellaneous,12,2025,238.25
7558,63,Recharge & Utilities,12,2025,511.64
7559,63,Shopping,12,2025,1963.47
7560,63,Transportation,12,2025,1239.25
7561,64,Education,1,2025,2250.62
7562,64,Entertainment,1,2025,2057.86
7563,64,Food & Dining,1,2025,1857.99
7564,64,Friends & Family,1,2025,285.82
7565,64,Grocery,1,2025,903.97
7566,64,Healthcare,1,2025,187.04
7567,64,Miscellaneous,1,2025,201.51
7568,64,Recharge & Utilities,1,2025,465.65
7569,64,Shopping,1,2025,1464.96
7570,64,Transportation,1,2025,1038.41
7571,64,Education,2,2025,1489.56
7572,64,Entertainment,2,2025,2102.85
7573,64,Food & Dining,2,2025,1610.51
7574,64,Friends & Family,2,2025,258.82
7575,64,Grocery,2,2025,815.96
7576,64,Healthcare,2,2025,173.97
7577,64,Miscellaneous,2,2025,160.05
7578,64,Recharge & Utilities,2,2025,467.89
7579,64,Shopping,2,2025,1379.03
7580,64,Transportation,2,2025,875.34
7581,64,Education,3,2025,1637.28
7582,64,Entertainment,3,2025,2256.06
7583,64,Food & Dining,3,2025,1779.3
7584,64,Friends & Family,3,2025,303.6
7585,64,Grocery,3,2025,965.52
7586,64,Healthcare,3,2025,178.48
7587,64,Miscellaneous,3,2025,187.34
7588,64,Recharge & Utilities,3,2025,411.24
7589,64,Shopping,3,2025,1522.91
7590,64,Transportation,3,2025,976.13
7591,64,Education,4,2025,1557.25
7592,64,Entertainment,4,2025,2125.33
7593,64,Food & Dining,4,2025,2026.49
7594,64,Friends & Family,4,2025,286.82
7595,64,Grocery,4,2025,895.22
7596,64,Healthcare,4,2025,174.96
7597,64,Miscellaneous,4,2025,173.45
7598,64,Recharge & Utilities,4,2025,517.42
7599,64,Shopping,4,2025,1390.28
7600,64,Transportation,4,2025,1020.33
7601,64,Education,5,2025,1813.77
7602,64,Entertainment,5,2025,2201.04
7603,64,Food & Dining,5,2025,1817.1
7604,64,Friends & Family,5,2025,272.06
7605,64,Grocery,5,2025,1002.95
7606,64,Healthcare,5,2025,180.32
7607,64,Miscellaneous,5,2025,173.21
7608,64,Recharge & Utilities,5,2025,479.56
7609,64,Shopping,5,2025,1506.83
7610,64,Transportation,5,2025,1036.94
7611,64,Education,6,2025,1838.88
7612,64,Entertainment,6,2025,2255.57
7613,64,Food & Dining,6,2025,1919.87
7614,64,Friends & Family,6,2025,281.24
7615,64,Grocery,6,2025,902.65
7616,64,Healthcare,6,2025,183.68
7617,64,Miscellaneous,6,2025,186.16
7618,64,Recharge & Utilities,6,2025,442.74
7619,64,Shopping,6,2025,1462.47
7620,64,Transportation,6,2025,1033.14
7621,64,Education,7,2025,2019.89
7622,64,Entertainment,7,2025,2121.2
7623,64,Food & Dining,7,2025,1964.95
7624,64,Friends & Family,7,2025,263.35
7625,64,Grocery,7,2025,1056.19
7626,64,Healthcare,7,2025,199.04
7627,64,Miscellaneous,7,2025,202.47
7628,64,Recharge & Utilities,7,2025,448.42
7629,64,Shopping,7,2025,1482.82
7630,64,Transportation,7,2025,884.48
7631,64,Education,8,2025,1946.5
7632,64,Entertainment,8,2025,1732.24
7633,64,Food & Dining,8,2025,1768.3
7634,64,Friends & Family,8,2025,270.67
7635,64,Grocery,8,2025,808.24
7636,64,Healthcare,8,2025,169.04
7637,64,Miscellaneous,8,2025,170.97
7638,64,Recharge & Utilities,8,2025,389.09
7639,64,Shopping,8,2025,1417.45
7640,64,Transportation,8,2025,877.98
7641,64,Education,9,2025,1668.64
7642,64,Entertainment,9,2025,2015.95
7643,64,Food & Dining,9,2025,1621.22
7644,64,Friends & Family,9,2025,254.5
7645,64,Grocery,9,2025,851.47
7646,64,Healthcare,9,2025,164.35
7647,64,Miscellaneous,9,2025,177.65
7648,64,Recharge & Utilities,9,2025,423.25
7649,64,Shopping,9,2025,1282.39
7650,64,Transportation,9,2025,794.46
7651,64,Education,10,2025,1847.16
7652,64,Entertainment,10,2025,2257.17
7653,64,Food & Dining,10,2025,2204.63
7654,64,Friends & Family,10,2025,297.08
7655,64,Grocery,10,2025,1020.67
7656,64,Healthcare,10,2025,171.2
7657,64,Miscellaneous,10,2025,179.28
7658,64,Recharge & Utilities,10,2025,477.36
7659,64,Shopping,10,2025,1855.55
7660,64,Transportation,10,2025,937.24
7661,64,Education,11,2025,1631.71
7662,64,Entertainment,11,2025,1985.98
7663,64,Food & Dining,11,2025,1895.02
7664,64,Friends & Family,11,2025,281.95
7665,64,Grocery,11,2025,876.65
7666,64,Healthcare,11,2025,188.8
7667,64,Miscellaneous,11,2025,167.8
7668,64,Recharge & Utilities,11,2025,481.42
7669,64,Shopping,11,2025,1814.94
7670,64,Transportation,11,2025,875.55
7671,64,Education,12,2025,1786.22
7672,64,Entertainment,12,2025,2057.63
7673,64,Food & Dining,12,2025,1664.38
7674,64,Friends & Family,12,2025,269.27
7675,64,Grocery,12,2025,937.12
7676,64,Healthcare,12,2025,195.83
7677,64,Miscellaneous,12,2025,165.17
7678,64,Recharge & Utilities,12,2025,424.84
7679,64,Shopping,12,2025,1490.79
7680,64,Transportation,12,2025,1163.79
7681,65,Education,1,2025,2187.03
7682,65,Entertainment,1,2025,1892.69
7683,65,Food & Dining,1,2025,1902.75
7684,65,Friends & Family,1,2025,256.74
7685,65,Grocery,1,2025,878.45
7686,65,Healthcare,1,2025,184.26
7687,65,Miscellaneous,1,2025,187.27
7688,65,Recharge & Utilities,1,2025,483.24
7689,65,Shopping,1,2025,1421.0
7690,65,Transportation,1,2025,826.45
7691,65,Education,2,2025,1578.98
7692,65,Entertainment,2,2025,1921.47
7693,65,Food & Dining,2,2025,1803.96
7694,65,Friends & Family,2,2025,297.39
7695,65,Grocery,2,2025,922.88
7696,65,Healthcare,2,2025,195.49
7697,65,Miscellaneous,2,2025,178.92
7698,65,Recharge & Utilities,2,2025,503.77
7699,65,Shopping,2,2025,1425.47
7700,65,Transportation,2,2025,1009.52
7701,65,Education,3,2025,1385.97
7702,65,Entertainment,3,2025,2022.94
7703,65,Food & Dining,3,2025,1763.2
7704,65,Friends & Family,3,2025,229.51
7705,65,Grocery,3,2025,903.41
7706,65,Healthcare,3,2025,148.07
7707,65,Miscellaneous,3,2025,156.71
7708,65,Recharge & Utilities,3,2025,452.25
7709,65,Shopping,3,2025,1284.35
7710,65,Transportation,3,2025,836.0
7711,65,Education,4,2025,1820.7
7712,65,Entertainment,4,2025,2047.21
7713,65,Food & Dining,4,2025,1969.47
7714,65,Friends & Family,4,2025,247.53
7715,65,Grocery,4,2025,877.93
7716,65,Healthcare,4,2025,163.32
7717,65,Miscellaneous,4,2025,191.6
7718,65,Recharge & Utilities,4,2025,435.82
7719,65,Shopping,4,2025,1546.14
7720,65,Transportation,4,2025,835.81
7721,65,Education,5,2025,1676.17
7722,65,Entertainment,5,2025,2301.18
7723,65,Food & Dining,5,2025,1818.09
7724,65,Friends & Family,5,2025,310.19
7725,65,Grocery,5,2025,913.79
7726,65,Healthcare,5,2025,172.52
7727,65,Miscellaneous,5,2025,205.65
7728,65,Recharge & Utilities,5,2025,502.52
7729,65,Shopping,5,2025,1660.36
7730,65,Transportation,5,2025,1208.04
7731,65,Education,6,2025,1526.42
7732,65,Entertainment,6,2025,1978.37
7733,65,Food & Dining,6,2025,1744.89
7734,65,Friends & Family,6,2025,290.2
7735,65,Grocery,6,2025,825.56
7736,65,Healthcare,6,2025,184.63
7737,65,Miscellaneous,6,2025,186.85
7738,65,Recharge & Utilities,6,2025,445.72
7739,65,Shopping,6,2025,1516.68
7740,65,Transportation,6,2025,1111.46
7741,65,Education,7,2025,1973.84
7742,65,Entertainment,7,2025,2164.62
7743,65,Food & Dining,7,2025,1957.96
7744,65,Friends & Family,7,2025,265.37
7745,65,Grocery,7,2025,936.8
7746,65,Healthcare,7,2025,196.18
7747,65,Miscellaneous,7,2025,170.48
7748,65,Recharge & Utilities,7,2025,456.83
7749,65,Shopping,7,2025,1524.26
7750,65,Transportation,7,2025,1028.66
7751,65,Education,8,2025,2127.95
7752,65,Entertainment,8,2025,1859.74
7753,65,Food & Dining,8,2025,1718.73
7754,65,Friends & Family,8,2025,300.06
7755,65,Grocery,8,2025,907.82
7756,65,Healthcare,8,2025,164.41
7757,65,Miscellaneous,8,2025,166.09
7758,65,Recharge & Utilities,8,2025,483.71
7759,65,Shopping,8,2025,1544.93
7760,65,Transportation,8,2025,928.42
7761,65,Education,9,2025,1722.21
7762,65,Entertainment,9,2025,1897.92
7763,65,Food & Dining,9,2025,1940.47
7764,65,Friends & Family,9,2025,307.47
7765,65,Grocery,9,2025,884.75
7766,65,Healthcare,9,2025,190.36
7767,65,Miscellaneous,9,2025,169.09
7768,65,Recharge & Utilities,9,2025,430.99
7769,65,Shopping,9,2025,1384.05
7770,65,Transportation,9,2025,935.83
7771,65,Education,10,2025,1605.35
7772,65,Entertainment,10,2025,2332.19
7773,65,Food & Dining,10,2025,2156.59
7774,65,Friends & Family,10,2025,262.23
7775,65,Grocery,10,2025,938.48
7776,65,Healthcare,10,2025,200.95
7777,65,Miscellaneous,10,2025,172.75
7778,65,Recharge & Utilities,10,2025,431.78
7779,65,Shopping,10,2025,1713.42
7780,65,Transportation,10,2025,1009.49
7781,65,Education,11,2025,1664.92
7782,65,Entertainment,11,2025,2201.17
7783,65,Food & Dining,11,2025,1936.73
7784,65,Friends & Family,11,2025,291.29
7785,65,Grocery,11,2025,940.86
7786,65,Healthcare,11,2025,178.67
7787,65,Miscellaneous,11,2025,180.12
7788,65,Recharge & Utilities,11,2025,436.98
7789,65,Shopping,11,2025,1773.28
7790,65,Transportation,11,2025,963.28
7791,65,Education,12,2025,1720.07
7792,65,Entertainment,12,2025,2091.17
7793,65,Food & Dining,12,2025,1687.5
7794,65,Friends & Family,12,2025,257.81
7795,65,Grocery,12,2025,965.55
7796,65,Healthcare,12,2025,190.82
7797,65,Miscellaneous,12,2025,201.9
7798,65,Recharge & Utilities,12,2025,418.6
7799,65,Shopping,12,2025,1387.3
7800,65,Transportation,12,2025,1034.09
7801,66,Education,1,2025,980.95
7802,66,Entertainment,1,2025,336.31
7803,66,Food & Dining,1,2025,1472.16
7804,66,Friends & Family,1,2025,261.93
7805,66,Grocery,1,2025,2500.37
7806,66,Healthcare,1,2025,1552.96
7807,66,Miscellaneous,1,2025,176.61
7808,66,Recharge & Utilities,1,2025,166.41
7809,66,Shopping,1,2025,752.07
7810,66,Transportation,1,2025,812.65
7811,66,Education,2,2025,793.38
7812,66,Entertainment,2,2025,316.01
7813,66,Food & Dining,2,2025,1574.94
7814,66,Friends & Family,2,2025,218.24
7815,66,Grocery,2,2025,2219.19
7816,66,Healthcare,2,2025,1394.49
7817,66,Miscellaneous,2,2025,144.48
7818,66,Recharge & Utilities,2,2025,142.72
7819,66,Shopping,2,2025,714.45
7820,66,Transportation,2,2025,703.36
7821,66,Education,3,2025,712.89
7822,66,Entertainment,3,2025,324.88
7823,66,Food & Dining,3,2025,1555.48
7824,66,Friends & Family,3,2025,210.85
7825,66,Grocery,3,2025,2085.66
7826,66,Healthcare,3,2025,1593.56
7827,66,Miscellaneous,3,2025,158.73
7828,66,Recharge & Utilities,3,2025,160.19
7829,66,Shopping,3,2025,751.51
7830,66,Transportation,3,2025,762.96
7831,66,Education,4,2025,756.82
7832,66,Entertainment,4,2025,279.19
7833,66,Food & Dining,4,2025,1447.33
7834,66,Friends & Family,4,2025,238.13
7835,66,Grocery,4,2025,2006.88
7836,66,Healthcare,4,2025,1461.25
7837,66,Miscellaneous,4,2025,139.39
7838,66,Recharge & Utilities,4,2025,148.33
7839,66,Shopping,4,2025,718.89
7840,66,Transportation,4,2025,728.52
7841,66,Education,5,2025,769.28
7842,66,Entertainment,5,2025,329.27
7843,66,Food & Dining,5,2025,1456.03
7844,66,Friends & Family,5,2025,244.04
7845,66,Grocery,5,2025,2326.61
7846,66,Healthcare,5,2025,1562.55
7847,66,Miscellaneous,5,2025,143.55
7848,66,Recharge & Utilities,5,2025,159.32
7849,66,Shopping,5,2025,787.39
7850,66,Transportation,5,2025,970.27
7851,66,Education,6,2025,715.33
7852,66,Entertainment,6,2025,361.59
7853,66,Food & Dining,6,2025,1764.88
7854,66,Friends & Family,6,2025,243.17
7855,66,Grocery,6,2025,2315.84
7856,66,Healthcare,6,2025,1730.48
7857,66,Miscellaneous,6,2025,156.86
7858,66,Recharge & Utilities,6,2025,146.46
7859,66,Shopping,6,2025,749.04
7860,66,Transportation,6,2025,976.7
7861,66,Education,7,2025,978.58
7862,66,Entertainment,7,2025,327.99
7863,66,Food & Dining,7,2025,1563.42
7864,66,Friends & Family,7,2025,244.57
7865,66,Grocery,7,2025,2236.65
7866,66,Healthcare,7,2025,1461.8
7867,66,Miscellaneous,7,2025,165.85
7868,66,Recharge & Utilities,7,2025,163.71
7869,66,Shopping,7,2025,684.95
7870,66,Transportation,7,2025,723.78
7871,66,Education,8,2025,770.7
7872,66,Entertainment,8,2025,305.34
7873,66,Food & Dining,8,2025,1312.41
7874,66,Friends & Family,8,2025,209.25
7875,66,Grocery,8,2025,2010.85
7876,66,Healthcare,8,2025,1452.09
7877,66,Miscellaneous,8,2025,146.25
7878,66,Recharge & Utilities,8,2025,154.26
7879,66,Shopping,8,2025,689.69
7880,66,Transportation,8,2025,687.87
7881,66,Education,9,2025,688.02
7882,66,Entertainment,9,2025,300.19
7883,66,Food & Dining,9,2025,1627.49
7884,66,Friends & Family,9,2025,239.54
7885,66,Grocery,9,2025,2083.19
7886,66,Healthcare,9,2025,1580.04
7887,66,Miscellaneous,9,2025,140.72
7888,66,Recharge & Utilities,9,2025,164.68
7889,66,Shopping,9,2025,739.01
7890,66,Transportation,9,2025,824.0
7891,66,Education,10,2025,780.67
7892,66,Entertainment,10,2025,376.59
7893,66,Food & Dining,10,2025,1796.57
7894,66,Friends & Family,10,2025,266.17
7895,66,Grocery,10,2025,2269.42
7896,66,Healthcare,10,2025,1733.19
7897,66,Miscellaneous,10,2025,164.13
7898,66,Recharge & Utilities,10,2025,176.38
7899,66,Shopping,10,2025,955.15
7900,66,Transportation,10,2025,913.03
7901,66,Education,11,2025,728.65
7902,66,Entertainment,11,2025,376.48
7903,66,Food & Dining,11,2025,1573.25
7904,66,Friends & Family,11,2025,264.29
7905,66,Grocery,11,2025,2301.01
7906,66,Healthcare,11,2025,1590.7
7907,66,Miscellaneous,11,2025,145.78
7908,66,Recharge & Utilities,11,2025,159.88
7909,66,Shopping,11,2025,1073.52
7910,66,Transportation,11,2025,865.25
7911,66,Education,12,2025,751.81
7912,66,Entertainment,12,2025,315.08
7913,66,Food & Dining,12,2025,1455.36
7914,66,Friends & Family,12,2025,236.8
7915,66,Grocery,12,2025,2085.85
7916,66,Healthcare,12,2025,1670.83
7917,66,Miscellaneous,12,2025,167.58
7918,66,Recharge & Utilities,12,2025,153.49
7919,66,Shopping,12,2025,810.51
7920,66,Transportation,12,2025,1018.82
7921,67,Education,1,2025,693.15
7922,67,Entertainment,1,2025,242.69
7923,67,Food & Dining,1,2025,1323.85
7924,67,Friends & Family,1,2025,200.88
7925,67,Grocery,1,2025,1701.15
7926,67,Healthcare,1,2025,1172.11
7927,67,Miscellaneous,1,2025,133.91
7928,67,Recharge & Utilities,1,2025,124.67
7929,67,Shopping,1,2025,665.83
7930,67,Transportation,1,2025,674.28
7931,67,Education,2,2025,570.9
7932,67,Entertainment,2,2025,255.34
7933,67,Food & Dining,2,2025,1068.79
7934,67,Friends & Family,2,2025,169.58
7935,67,Grocery,2,2025,1866.93
7936,67,Healthcare,2,2025,1039.71
7937,67,Miscellaneous,2,2025,118.21
7938,67,Recharge & Utilities,2,2025,106.75
7939,67,Shopping,2,2025,512.41
7940,67,Transportation,2,2025,544.8
7941,67,Education,3,2025,492.94
7942,67,Entertainment,3,2025,200.52
7943,67,Food & Dining,3,2025,1082.44
7944,67,Friends & Family,3,2025,170.13
7945,67,Grocery,3,2025,1461.53
7946,67,Healthcare,3,2025,992.71
7947,67,Miscellaneous,3,2025,100.0
7948,67,Recharge & Utilities,3,2025,114.0
7949,67,Shopping,3,2025,544.25
7950,67,Transportation,3,2025,573.63
7951,67,Education,4,2025,542.03
7952,67,Entertainment,4,2025,216.79
7953,67,Food & Dining,4,2025,1152.57
7954,67,Friends & Family,4,2025,157.02
7955,67,Grocery,4,2025,1717.63
7956,67,Healthcare,4,2025,1053.25
7957,67,Miscellaneous,4,2025,116.89
7958,67,Recharge & Utilities,4,2025,100.0
7959,67,Shopping,4,2025,476.86
7960,67,Transportation,4,2025,485.49
7961,67,Education,5,2025,650.16
7962,67,Entertainment,5,2025,243.23
7963,67,Food & Dining,5,2025,1078.31
7964,67,Friends & Family,5,2025,175.41
7965,67,Grocery,5,2025,1797.09
7966,67,Healthcare,5,2025,1076.85
7967,67,Miscellaneous,5,2025,113.74
7968,67,Recharge & Utilities,5,2025,132.59
7969,67,Shopping,5,2025,612.03
7970,67,Transportation,5,2025,681.25
7971,67,Education,6,2025,505.41
7972,67,Entertainment,6,2025,213.68
7973,67,Food & Dining,6,2025,1024.99
7974,67,Friends & Family,6,2025,183.26
7975,67,Grocery,6,2025,1569.86
7976,67,Healthcare,6,2025,1234.57
7977,67,Miscellaneous,6,2025,123.68
7978,67,Recharge & Utilities,6,2025,109.74
7979,67,Shopping,6,2025,541.13
7980,67,Transportation,6,2025,734.32
7981,67,Education,7,2025,693.33
7982,67,Entertainment,7,2025,273.9
7983,67,Food & Dining,7,2025,1239.75
7984,67,Friends & Family,7,2025,174.7
7985,67,Grocery,7,2025,1775.27
7986,67,Healthcare,7,2025,1205.32
7987,67,Miscellaneous,7,2025,133.49
7988,67,Recharge & Utilities,7,2025,122.93
7989,67,Shopping,7,2025,656.14
7990,67,Transportation,7,2025,627.61
7991,67,Education,8,2025,614.98
7992,67,Entertainment,8,2025,235.71
7993,67,Food & Dining,8,2025,1092.51
7994,67,Friends & Family,8,2025,165.97
7995,67,Grocery,8,2025,1734.02
7996,67,Healthcare,8,2025,1159.59
7997,67,Miscellaneous,8,2025,100.0
7998,67,Recharge & Utilities,8,2025,104.04
7999,67,Shopping,8,2025,496.76
8000,67,Transportation,8,2025,537.25
8001,67,Education,9,2025,486.31
8002,67,Entertainment,9,2025,201.1
8003,67,Food & Dining,9,2025,1054.47
8004,67,Friends & Family,9,2025,177.53
8005,67,Grocery,9,2025,1724.4
8006,67,Healthcare,9,2025,1008.28
8007,67,Miscellaneous,9,2025,100.0
8008,67,Recharge & Utilities,9,2025,104.77
8009,67,Shopping,9,2025,485.94
8010,67,Transportation,9,2025,483.55
8011,67,Education,10,2025,551.58
8012,67,Entertainment,10,2025,276.54
8013,67,Food & Dining,10,2025,1358.84
8014,67,Friends & Family,10,2025,190.34
8015,67,Grocery,10,2025,1544.41
8016,67,Healthcare,10,2025,1263.99
8017,67,Miscellaneous,10,2025,104.4
8018,67,Recharge & Utilities,10,2025,113.85
8019,67,Shopping,10,2025,779.38
8020,67,Transportation,10,2025,520.17
8021,67,Education,11,2025,604.03
8022,67,Entertainment,11,2025,266.67
8023,67,Food & Dining,11,2025,1097.73
8024,67,Friends & Family,11,2025,151.92
8025,67,Grocery,11,2025,1797.83
8026,67,Healthcare,11,2025,1133.26
8027,67,Miscellaneous,11,2025,102.58
8028,67,Recharge & Utilities,11,2025,114.8
8029,67,Shopping,11,2025,683.17
8030,67,Transportation,11,2025,521.42
8031,67,Education,12,2025,557.8
8032,67,Entertainment,12,2025,250.57
8033,67,Food & Dining,12,2025,1152.93
8034,67,Friends & Family,12,2025,192.55
8035,67,Grocery,12,2025,1849.68
8036,67,Healthcare,12,2025,1258.99
8037,67,Miscellaneous,12,2025,126.46
8038,67,Recharge & Utilities,12,2025,108.58
8039,67,Shopping,12,2025,585.93
8040,67,Transportation,12,2025,633.43
8041,68,Education,1,2025,1028.85
8042,68,Entertainment,1,2025,313.77
8043,68,Food & Dining,1,2025,1392.01
8044,68,Friends & Family,1,2025,250.69
8045,68,Grocery,1,2025,2320.68
8046,68,Healthcare,1,2025,1600.83
8047,68,Miscellaneous,1,2025,163.45
8048,68,Recharge & Utilities,1,2025,165.9
8049,68,Shopping,1,2025,728.98
8050,68,Transportation,1,2025,744.22
8051,68,Education,2,2025,845.96
8052,68,Entertainment,2,2025,312.11
8053,68,Food & Dining,2,2025,1547.29
8054,68,Friends & Family,2,2025,249.59
8055,68,Grocery,2,2025,2463.59
8056,68,Healthcare,2,2025,1509.02
8057,68,Miscellaneous,2,2025,166.65
8058,68,Recharge & Utilities,2,2025,159.71
8059,68,Shopping,2,2025,753.73
8060,68,Transportation,2,2025,797.79
8061,68,Education,3,2025,768.67
8062,68,Entertainment,3,2025,311.88
8063,68,Food & Dining,3,2025,1353.19
8064,68,Friends & Family,3,2025,227.19
8065,68,Grocery,3,2025,1953.45
8066,68,Healthcare,3,2025,1266.13
8067,68,Miscellaneous,3,2025,131.44
8068,68,Recharge & Utilities,3,2025,139.21
8069,68,Shopping,3,2025,716.58
8070,68,Transportation,3,2025,693.45
8071,68,Education,4,2025,832.58
8072,68,Entertainment,4,2025,293.04
8073,68,Food & Dining,4,2025,1601.88
8074,68,Friends & Family,4,2025,210.39
8075,68,Grocery,4,2025,2280.05
8076,68,Healthcare,4,2025,1510.51
8077,68,Miscellaneous,4,2025,159.58
8078,68,Recharge & Utilities,4,2025,149.16
8079,68,Shopping,4,2025,758.45
8080,68,Transportation,4,2025,757.04
8081,68,Education,5,2025,710.75
8082,68,Entertainment,5,2025,282.68
8083,68,Food & Dining,5,2025,1330.68
8084,68,Friends & Family,5,2025,232.87
8085,68,Grocery,5,2025,2002.68
8086,68,Healthcare,5,2025,1379.29
8087,68,Miscellaneous,5,2025,151.52
8088,68,Recharge & Utilities,5,2025,143.18
8089,68,Shopping,5,2025,778.17
8090,68,Transportation,5,2025,787.24
8091,68,Education,6,2025,884.29
8092,68,Entertainment,6,2025,293.62
8093,68,Food & Dining,6,2025,1503.54
8094,68,Friends & Family,6,2025,218.41
8095,68,Grocery,6,2025,2216.0
8096,68,Healthcare,6,2025,1654.97
8097,68,Miscellaneous,6,2025,155.43
8098,68,Recharge & Utilities,6,2025,160.72
8099,68,Shopping,6,2025,807.85
8100,68,Transportation,6,2025,925.83
8101,68,Education,7,2025,1034.72
8102,68,Entertainment,7,2025,351.82
8103,68,Food & Dining,7,2025,1681.47
8104,68,Friends & Family,7,2025,228.29
8105,68,Grocery,7,2025,2687.72
8106,68,Healthcare,7,2025,1493.89
8107,68,Miscellaneous,7,2025,162.75
8108,68,Recharge & Utilities,7,2025,167.89
8109,68,Shopping,7,2025,776.64
8110,68,Transportation,7,2025,896.25
8111,68,Education,8,2025,884.39
8112,68,Entertainment,8,2025,299.27
8113,68,Food & Dining,8,2025,1498.5
8114,68,Friends & Family,8,2025,219.94
8115,68,Grocery,8,2025,2211.56
8116,68,Healthcare,8,2025,1272.11
8117,68,Miscellaneous,8,2025,131.31
8118,68,Recharge & Utilities,8,2025,126.92
8119,68,Shopping,8,2025,620.53
8120,68,Transportation,8,2025,696.74
8121,68,Education,9,2025,717.09
8122,68,Entertainment,9,2025,312.15
8123,68,Food & Dining,9,2025,1414.26
8124,68,Friends & Family,9,2025,216.53
8125,68,Grocery,9,2025,2149.16
8126,68,Healthcare,9,2025,1446.68
8127,68,Miscellaneous,9,2025,139.98
8128,68,Recharge & Utilities,9,2025,142.11
8129,68,Shopping,9,2025,761.18
8130,68,Transportation,9,2025,764.35
8131,68,Education,10,2025,774.62
8132,68,Entertainment,10,2025,344.7
8133,68,Food & Dining,10,2025,1655.76
8134,68,Friends & Family,10,2025,221.59
8135,68,Grocery,10,2025,2480.92
8136,68,Healthcare,10,2025,1546.59
8137,68,Miscellaneous,10,2025,174.02
8138,68,Recharge & Utilities,10,2025,154.51
8139,68,Shopping,10,2025,1004.75
8140,68,Transportation,10,2025,858.96
8141,68,Education,11,2025,794.29
8142,68,Entertainment,11,2025,315.82
8143,68,Food & Dining,11,2025,1544.15
8144,68,Friends & Family,11,2025,253.64
8145,68,Grocery,11,2025,2298.03
8146,68,Healthcare,11,2025,1669.41
8147,68,Miscellaneous,11,2025,158.94
8148,68,Recharge & Utilities,11,2025,162.04
8149,68,Shopping,11,2025,974.55
8150,68,Transportation,11,2025,791.46
8151,68,Education,12,2025,813.91
8152,68,Entertainment,12,2025,306.27
8153,68,Food & Dining,12,2025,1514.3
8154,68,Friends & Family,12,2025,211.11
8155,68,Grocery,12,2025,2036.86
8156,68,Healthcare,12,2025,1596.08
8157,68,Miscellaneous,12,2025,139.07
8158,68,Recharge & Utilities,12,2025,158.83
8159,68,Shopping,12,2025,793.75
8160,68,Transportation,12,2025,956.78
8161,69,Education,1,2025,655.41
8162,69,Entertainment,1,2025,220.81
8163,69,Food & Dining,1,2025,994.86
8164,69,Friends & Family,1,2025,171.11
8165,69,Grocery,1,2025,1516.96
8166,69,Healthcare,1,2025,1130.98
8167,69,Miscellaneous,1,2025,118.04
8168,69,Recharge & Utilities,1,2025,114.07
8169,69,Shopping,1,2025,537.8
8170,69,Transportation,1,2025,544.22
8171,69,Education,2,2025,452.18
8172,69,Entertainment,2,2025,187.24
8173,69,Food & Dining,2,2025,981.91
8174,69,Friends & Family,2,2025,143.66
8175,69,Grocery,2,2025,1316.7
8176,69,Healthcare,2,2025,1016.11
8177,69,Miscellaneous,2,2025,100.0
8178,69,Recharge & Utilities,2,2025,109.75
8179,69,Shopping,2,2025,453.94
8180,69,Transportation,2,2025,491.14
8181,69,Education,3,2025,585.98
8182,69,Entertainment,3,2025,225.2
8183,69,Food & Dining,3,2025,1138.92
8184,69,Friends & Family,3,2025,164.28
8185,69,Grocery,3,2025,1629.95
8186,69,Healthcare,3,2025,1025.0
8187,69,Miscellaneous,3,2025,118.37
8188,69,Recharge & Utilities,3,2025,116.02
8189,69,Shopping,3,2025,516.74
8190,69,Transportation,3,2025,510.79
8191,69,Education,4,2025,586.61
8192,69,Entertainment,4,2025,239.05
8193,69,Food & Dining,4,2025,1014.32
8194,69,Friends & Family,4,2025,163.77
8195,69,Grocery,4,2025,1442.75
8196,69,Healthcare,4,2025,969.21
8197,69,Miscellaneous,4,2025,113.41
8198,69,Recharge & Utilities,4,2025,110.72
8199,69,Shopping,4,2025,527.41
8200,69,Transportation,4,2025,492.51
8201,69,Education,5,2025,547.96
8202,69,Entertainment,5,2025,192.56
8203,69,Food & Dining,5,2025,970.6
8204,69,Friends & Family,5,2025,157.13
8205,69,Grocery,5,2025,1494.44
8206,69,Healthcare,5,2025,949.73
8207,69,Miscellaneous,5,2025,100.0
8208,69,Recharge & Utilities,5,2025,100.0
8209,69,Shopping,5,2025,562.18
8210,69,Transportation,5,2025,592.08
8211,69,Education,6,2025,555.67
8212,69,Entertainment,6,2025,247.12
8213,69,Food & Dining,6,2025,1151.85
8214,69,Friends & Family,6,2025,179.28
8215,69,Grocery,6,2025,1630.4
8216,69,Healthcare,6,2025,1192.07
8217,69,Miscellaneous,6,2025,114.05
8218,69,Recharge & Utilities,6,2025,109.25
8219,69,Shopping,6,2025,600.33
8220,69,Transportation,6,2025,588.95
8221,69,Education,7,2025,699.23
8222,69,Entertainment,7,2025,219.62
8223,69,Food & Dining,7,2025,1203.91
8224,69,Friends & Family,7,2025,166.16
8225,69,Grocery,7,2025,1686.03
8226,69,Healthcare,7,2025,1195.07
8227,69,Miscellaneous,7,2025,107.52
8228,69,Recharge & Utilities,7,2025,111.71
8229,69,Shopping,7,2025,525.45
8230,69,Transportation,7,2025,610.97
8231,69,Education,8,2025,551.8
8232,69,Entertainment,8,2025,213.32
8233,69,Food & Dining,8,2025,911.97
8234,69,Friends & Family,8,2025,147.49
8235,69,Grocery,8,2025,1349.5
8236,69,Healthcare,8,2025,1045.51
8237,69,Miscellaneous,8,2025,100.0
8238,69,Recharge & Utilities,8,2025,100.0
8239,69,Shopping,8,2025,529.9
8240,69,Transportation,8,2025,509.21
8241,69,Education,9,2025,566.39
8242,69,Entertainment,9,2025,208.44
8243,69,Food & Dining,9,2025,976.66
8244,69,Friends & Family,9,2025,148.73
8245,69,Grocery,9,2025,1445.3
8246,69,Healthcare,9,2025,1197.47
8247,69,Miscellaneous,9,2025,108.17
8248,69,Recharge & Utilities,9,2025,100.0
8249,69,Shopping,9,2025,525.09
8250,69,Transportation,9,2025,540.03
8251,69,Education,10,2025,586.87
8252,69,Entertainment,10,2025,254.27
8253,69,Food & Dining,10,2025,1248.81
8254,69,Friends & Family,10,2025,162.83
8255,69,Grocery,10,2025,1773.58
8256,69,Healthcare,10,2025,1034.06
8257,69,Miscellaneous,10,2025,111.22
8258,69,Recharge & Utilities,10,2025,112.7
8259,69,Shopping,10,2025,647.35
8260,69,Transportation,10,2025,549.14
8261,69,Education,11,2025,518.92
8262,69,Entertainment,11,2025,225.43
8263,69,Food & Dining,11,2025,1183.19
8264,69,Friends & Family,11,2025,172.94
8265,69,Grocery,11,2025,1625.58
8266,69,Healthcare,11,2025,1158.1
8267,69,Miscellaneous,11,2025,107.44
8268,69,Recharge & Utilities,11,2025,106.54
8269,69,Shopping,11,2025,615.82
8270,69,Transportation,11,2025,506.13
8271,69,Education,12,2025,484.01
8272,69,Entertainment,12,2025,225.35
8273,69,Food & Dining,12,2025,1083.48
8274,69,Friends & Family,12,2025,134.14
8275,69,Grocery,12,2025,1455.86
8276,69,Healthcare,12,2025,1084.2
8277,69,Miscellaneous,12,2025,100.0
8278,69,Recharge & Utilities,12,2025,100.0
8279,69,Shopping,12,2025,443.38
8280,69,Transportation,12,2025,613.9
8281,70,Education,1,2025,734.82
8282,70,Entertainment,1,2025,286.93
8283,70,Food & Dining,1,2025,1197.48
8284,70,Friends & Family,1,2025,196.16
8285,70,Grocery,1,2025,1838.69
8286,70,Healthcare,1,2025,1231.28
8287,70,Miscellaneous,1,2025,125.72
8288,70,Recharge & Utilities,1,2025,131.77
8289,70,Shopping,1,2025,655.03
8290,70,Transportation,1,2025,726.31
8291,70,Education,2,2025,593.67
8292,70,Entertainment,2,2025,242.52
8293,70,Food & Dining,2,2025,1370.07
8294,70,Friends & Family,2,2025,173.68
8295,70,Grocery,2,2025,1772.75
8296,70,Healthcare,2,2025,1302.18
8297,70,Miscellaneous,2,2025,134.68
8298,70,Recharge & Utilities,2,2025,137.01
8299,70,Shopping,2,2025,651.04
8300,70,Transportation,2,2025,628.61
8301,70,Education,3,2025,640.67
8302,70,Entertainment,3,2025,273.5
8303,70,Food & Dining,3,2025,1369.25
8304,70,Friends & Family,3,2025,205.61
8305,70,Grocery,3,2025,1960.62
8306,70,Healthcare,3,2025,1113.37
8307,70,Miscellaneous,3,2025,122.65
8308,70,Recharge & Utilities,3,2025,138.66
8309,70,Shopping,3,2025,563.11
8310,70,Transportation,3,2025,635.64
8311,70,Education,4,2025,628.84
8312,70,Entertainment,4,2025,284.06
8313,70,Food & Dining,4,2025,1344.71
8314,70,Friends & Family,4,2025,201.0
8315,70,Grocery,4,2025,1703.59
8316,70,Healthcare,4,2025,1223.57
8317,70,Miscellaneous,4,2025,114.31
8318,70,Recharge & Utilities,4,2025,120.72
8319,70,Shopping,4,2025,591.55
8320,70,Transportation,4,2025,665.81
8321,70,Education,5,2025,648.26
8322,70,Entertainment,5,2025,220.44
8323,70,Food & Dining,5,2025,1317.88
8324,70,Friends & Family,5,2025,176.02
8325,70,Grocery,5,2025,1764.12
8326,70,Healthcare,5,2025,1256.39
8327,70,Miscellaneous,5,2025,119.14
8328,70,Recharge & Utilities,5,2025,109.24
8329,70,Shopping,5,2025,617.9
8330,70,Transportation,5,2025,652.09
8331,70,Education,6,2025,653.92
8332,70,Entertainment,6,2025,235.22
8333,70,Food & Dining,6,2025,1296.97
8334,70,Friends & Family,6,2025,168.25
8335,70,Grocery,6,2025,1933.56
8336,70,Healthcare,6,2025,1248.54
8337,70,Miscellaneous,6,2025,122.87
8338,70,Recharge & Utilities,6,2025,118.18
8339,70,Shopping,6,2025,612.34
8340,70,Transportation,6,2025,726.56
8341,70,Education,7,2025,852.7
8342,70,Entertainment,7,2025,267.23
8343,70,Food & Dining,7,2025,1340.93
8344,70,Friends & Family,7,2025,215.72
8345,70,Grocery,7,2025,2052.78
8346,70,Healthcare,7,2025,1280.38
8347,70,Miscellaneous,7,2025,132.38
8348,70,Recharge & Utilities,7,2025,124.41
8349,70,Shopping,7,2025,603.67
8350,70,Transportation,7,2025,678.97
8351,70,Education,8,2025,822.66
8352,70,Entertainment,8,2025,253.5
8353,70,Food & Dining,8,2025,1308.53
8354,70,Friends & Family,8,2025,176.46
8355,70,Grocery,8,2025,1696.17
8356,70,Healthcare,8,2025,1282.72
8357,70,Miscellaneous,8,2025,117.04
8358,70,Recharge & Utilities,8,2025,119.89
8359,70,Shopping,8,2025,626.3
8360,70,Transportation,8,2025,604.56
8361,70,Education,9,2025,588.34
8362,70,Entertainment,9,2025,282.78
8363,70,Food & Dining,9,2025,1365.01
8364,70,Friends & Family,9,2025,179.75
8365,70,Grocery,9,2025,1987.43
8366,70,Healthcare,9,2025,1356.07
8367,70,Miscellaneous,9,2025,141.48
8368,70,Recharge & Utilities,9,2025,133.67
8369,70,Shopping,9,2025,680.67
8370,70,Transportation,9,2025,683.99
8371,70,Education,10,2025,628.04
8372,70,Entertainment,10,2025,314.34
8373,70,Food & Dining,10,2025,1409.6
8374,70,Friends & Family,10,2025,195.33
8375,70,Grocery,10,2025,2132.34
8376,70,Healthcare,10,2025,1215.98
8377,70,Miscellaneous,10,2025,145.3
8378,70,Recharge & Utilities,10,2025,146.22
8379,70,Shopping,10,2025,780.09
8380,70,Transportation,10,2025,665.11
8381,70,Education,11,2025,637.06
8382,70,Entertainment,11,2025,279.55
8383,70,Food & Dining,11,2025,1407.65
8384,70,Friends & Family,11,2025,179.17
8385,70,Grocery,11,2025,1956.87
8386,70,Healthcare,11,2025,1217.47
8387,70,Miscellaneous,11,2025,120.81
8388,70,Recharge & Utilities,11,2025,132.98
8389,70,Shopping,11,2025,740.69
8390,70,Transportation,11,2025,648.0
8391,70,Education,12,2025,673.97
8392,70,Entertainment,12,2025,238.15
8393,70,Food & Dining,12,2025,1160.11
8394,70,Friends & Family,12,2025,201.13
8395,70,Grocery,12,2025,1901.5
8396,70,Healthcare,12,2025,1304.48
8397,70,Miscellaneous,12,2025,136.04
8398,70,Recharge & Utilities,12,2025,117.53
8399,70,Shopping,12,2025,636.27
8400,70,Transportation,12,2025,731.11
8401,71,Education,1,2025,830.28
8402,71,Entertainment,1,2025,278.8
8403,71,Food & Dining,1,2025,1480.86
8404,71,Friends & Family,1,2025,233.01
8405,71,Grocery,1,2025,2315.48
8406,71,Healthcare,1,2025,1410.9
8407,71,Miscellaneous,1,2025,149.3
8408,71,Recharge & Utilities,1,2025,140.87
8409,71,Shopping,1,2025,739.79
8410,71,Transportation,1,2025,730.53
8411,71,Education,2,2025,651.85
8412,71,Entertainment,2,2025,280.0
8413,71,Food & Dining,2,2025,1311.75
8414,71,Friends & Family,2,2025,227.63
8415,71,Grocery,2,2025,2009.36
8416,71,Healthcare,2,2025,1441.43
8417,71,Miscellaneous,2,2025,134.18
8418,71,Recharge & Utilities,2,2025,128.54
8419,71,Shopping,2,2025,688.18
8420,71,Transportation,2,2025,657.78
8421,71,Education,3,2025,762.08
8422,71,Entertainment,3,2025,330.05
8423,71,Food & Dining,3,2025,1514.55
8424,71,Friends & Family,3,2025,242.05
8425,71,Grocery,3,2025,2137.49
8426,71,Healthcare,3,2025,1331.3
8427,71,Miscellaneous,3,2025,138.55
8428,71,Recharge & Utilities,3,2025,156.39
8429,71,Shopping,3,2025,745.64
8430,71,Transportation,3,2025,744.85
8431,71,Education,4,2025,724.51
8432,71,Entertainment,4,2025,335.66
8433,71,Food & Dining,4,2025,1458.01
8434,71,Friends & Family,4,2025,217.23
8435,71,Grocery,4,2025,2145.06
8436,71,Healthcare,4,2025,1528.49
8437,71,Miscellaneous,4,2025,155.94
8438,71,Recharge & Utilities,4,2025,142.27
8439,71,Shopping,4,2025,779.3
8440,71,Transportation,4,2025,712.44
8441,71,Education,5,2025,726.99
8442,71,Entertainment,5,2025,284.67
8443,71,Food & Dining,5,2025,1347.23
8444,71,Friends & Family,5,2025,209.59
8445,71,Grocery,5,2025,2302.74
8446,71,Healthcare,5,2025,1566.61
8447,71,Miscellaneous,5,2025,136.03
8448,71,Recharge & Utilities,5,2025,162.9
8449,71,Shopping,5,2025,775.23
8450,71,Transportation,5,2025,937.76
8451,71,Education,6,2025,771.21
8452,71,Entertainment,6,2025,339.14
8453,71,Food & Dining,6,2025,1613.36
8454,71,Friends & Family,6,2025,243.1
8455,71,Grocery,6,2025,2548.89
8456,71,Healthcare,6,2025,1639.11
8457,71,Miscellaneous,6,2025,163.28
8458,71,Recharge & Utilities,6,2025,154.81
8459,71,Shopping,6,2025,868.42
8460,71,Transportation,6,2025,1018.43
8461,71,Education,7,2025,857.79
8462,71,Entertainment,7,2025,285.21
8463,71,Food & Dining,7,2025,1621.2
8464,71,Friends & Family,7,2025,245.28
8465,71,Grocery,7,2025,1983.21
8466,71,Healthcare,7,2025,1401.73
8467,71,Miscellaneous,7,2025,157.24
8468,71,Recharge & Utilities,7,2025,145.86
8469,71,Shopping,7,2025,760.38
8470,71,Transportation,7,2025,788.04
8471,71,Education,8,2025,926.01
8472,71,Entertainment,8,2025,320.93
8473,71,Food & Dining,8,2025,1503.71
8474,71,Friends & Family,8,2025,212.2
8475,71,Grocery,8,2025,2196.15
8476,71,Healthcare,8,2025,1299.66
8477,71,Miscellaneous,8,2025,154.39
8478,71,Recharge & Utilities,8,2025,141.21
8479,71,Shopping,8,2025,700.11
8480,71,Transportation,8,2025,718.5
8481,71,Education,9,2025,704.18
8482,71,Entertainment,9,2025,281.71
8483,71,Food & Dining,9,2025,1456.93
8484,71,Friends & Family,9,2025,213.35
8485,71,Grocery,9,2025,2207.53
8486,71,Healthcare,9,2025,1306.18
8487,71,Miscellaneous,9,2025,152.81
8488,71,Recharge & Utilities,9,2025,156.99
8489,71,Shopping,9,2025,702.28
8490,71,Transportation,9,2025,773.56
8491,71,Education,10,2025,845.67
8492,71,Entertainment,10,2025,371.81
8493,71,Food & Dining,10,2025,1915.58
8494,71,Friends & Family,10,2025,231.37
8495,71,Grocery,10,2025,2482.95
8496,71,Healthcare,10,2025,1564.62
8497,71,Miscellaneous,10,2025,156.78
8498,71,Recharge & Utilities,10,2025,151.73
8499,71,Shopping,10,2025,1100.3
8500,71,Transportation,10,2025,767.6
8501,71,Education,11,2025,731.64
8502,71,Entertainment,11,2025,312.41
8503,71,Food & Dining,11,2025,1646.82
8504,71,Friends & Family,11,2025,224.9
8505,71,Grocery,11,2025,1987.62
8506,71,Healthcare,11,2025,1454.98
8507,71,Miscellaneous,11,2025,150.35
8508,71,Recharge & Utilities,11,2025,144.74
8509,71,Shopping,11,2025,818.15
8510,71,Transportation,11,2025,718.75
8511,71,Education,12,2025,900.85
8512,71,Entertainment,12,2025,369.79
8513,71,Food & Dining,12,2025,1629.83
8514,71,Friends & Family,12,2025,266.17
8515,71,Grocery,12,2025,2551.03
8516,71,Healthcare,12,2025,1708.37
8517,71,Miscellaneous,12,2025,166.31
8518,71,Recharge & Utilities,12,2025,153.88
8519,71,Shopping,12,2025,821.41
8520,71,Transportation,12,2025,1066.88
8521,72,Education,1,2025,681.64
8522,72,Entertainment,1,2025,197.99
8523,72,Food & Dining,1,2025,1023.51
8524,72,Friends & Family,1,2025,174.23
8525,72,Grocery,1,2025,1614.18
8526,72,Healthcare,1,2025,1128.01
8527,72,Miscellaneous,1,2025,103.17
8528,72,Recharge & Utilities,1,2025,102.95
8529,72,Shopping,1,2025,497.61
8530,72,Transportation,1,2025,473.7
8531,72,Education,2,2025,523.52
8532,72,Entertainment,2,2025,244.09
8533,72,Food & Dining,2,2025,1106.45
8534,72,Friends & Family,2,2025,157.21
8535,72,Grocery,2,2025,1676.76
8536,72,Healthcare,2,2025,1081.85
8537,72,Miscellaneous,2,2025,102.69
8538,72,Recharge & Utilities,2,2025,100.0
8539,72,Shopping,2,2025,571.9
8540,72,Transportation,2,2025,507.22
8541,72,Education,3,2025,577.78
8542,72,Entertainment,3,2025,232.98
8543,72,Food & Dining,3,2025,1002.25
8544,72,Friends & Family,3,2025,162.46
8545,72,Grocery,3,2025,1459.37
8546,72,Healthcare,3,2025,1011.68
8547,72,Miscellaneous,3,2025,116.86
8548,72,Recharge & Utilities,3,2025,111.98
8549,72,Shopping,3,2025,484.83
8550,72,Transportation,3,2025,477.79
8551,72,Education,4,2025,476.67
8552,72,Entertainment,4,2025,219.4
8553,72,Food & Dining,4,2025,1129.05
8554,72,Friends & Family,4,2025,161.51
8555,72,Grocery,4,2025,1520.16
8556,72,Healthcare,4,2025,1013.59
8557,72,Miscellaneous,4,2025,107.86
8558,72,Recharge & Utilities,4,2025,103.91
8559,72,Shopping,4,2025,522.97
8560,72,Transportation,4,2025,486.61
8561,72,Education,5,2025,558.07
8562,72,Entertainment,5,2025,240.99
8563,72,Food & Dining,5,2025,1062.0
8564,72,Friends & Family,5,2025,154.27
8565,72,Grocery,5,2025,1603.91
8566,72,Healthcare,5,2025,1038.39
8567,72,Miscellaneous,5,2025,116.15
8568,72,Recharge & Utilities,5,2025,107.18
8569,72,Shopping,5,2025,532.53
8570,72,Transportation,5,2025,595.78
8571,72,Education,6,2025,532.15
8572,72,Entertainment,6,2025,228.86
8573,72,Food & Dining,6,2025,1009.29
8574,72,Friends & Family,6,2025,150.7
8575,72,Grocery,6,2025,1673.35
8576,72,Healthcare,6,2025,1141.29
8577,72,Miscellaneous,6,2025,107.29
8578,72,Recharge & Utilities,6,2025,101.77
8579,72,Shopping,6,2025,564.02
8580,72,Transportation,6,2025,587.92
8581,72,Education,7,2025,665.2
8582,72,Entertainment,7,2025,222.11
8583,72,Food & Dining,7,2025,1057.39
8584,72,Friends & Family,7,2025,164.03
8585,72,Grocery,7,2025,1560.07
8586,72,Healthcare,7,2025,1057.56
8587,72,Miscellaneous,7,2025,104.66
8588,72,Recharge & Utilities,7,2025,102.1
8589,72,Shopping,7,2025,453.88
8590,72,Transportation,7,2025,543.81
8591,72,Education,8,2025,553.4
8592,72,Entertainment,8,2025,195.61
8593,72,Food & Dining,8,2025,925.36
8594,72,Friends & Family,8,2025,141.75
8595,72,Grocery,8,2025,1638.84
8596,72,Healthcare,8,2025,981.7
8597,72,Miscellaneous,8,2025,100.0
8598,72,Recharge & Utilities,8,2025,100.0
8599,72,Shopping,8,2025,464.94
8600,72,Transportation,8,2025,458.72
8601,72,Education,9,2025,521.07
8602,72,Entertainment,9,2025,226.2
8603,72,Food & Dining,9,2025,1143.59
8604,72,Friends & Family,9,2025,176.42
8605,72,Grocery,9,2025,1570.64
8606,72,Healthcare,9,2025,1168.11
8607,72,Miscellaneous,9,2025,100.11
8608,72,Recharge & Utilities,9,2025,111.84
8609,72,Shopping,9,2025,508.38
8610,72,Transportation,9,2025,528.08
8611,72,Education,10,2025,469.99
8612,72,Entertainment,10,2025,230.36
8613,72,Food & Dining,10,2025,1038.49
8614,72,Friends & Family,10,2025,149.97
8615,72,Grocery,10,2025,1455.02
8616,72,Healthcare,10,2025,1094.92
8617,72,Miscellaneous,10,2025,111.91
8618,72,Recharge & Utilities,10,2025,107.94
8619,72,Shopping,10,2025,648.14
8620,72,Transportation,10,2025,472.74
8621,72,Education,11,2025,560.0
8622,72,Entertainment,11,2025,254.29
8623,72,Food & Dining,11,2025,1093.38
8624,72,Friends & Family,11,2025,151.42
8625,72,Grocery,11,2025,1496.0
8626,72,Healthcare,11,2025,1128.12
8627,72,Miscellaneous,11,2025,114.47
8628,72,Recharge & Utilities,11,2025,100.0
8629,72,Shopping,11,2025,606.58
8630,72,Transportation,11,2025,474.34
8631,72,Education,12,2025,497.98
8632,72,Entertainment,12,2025,188.86
8633,72,Food & Dining,12,2025,903.1
8634,72,Friends & Family,12,2025,161.48
8635,72,Grocery,12,2025,1444.19
8636,72,Healthcare,12,2025,1053.1
8637,72,Miscellaneous,12,2025,100.0
8638,72,Recharge & Utilities,12,2025,100.0
8639,72,Shopping,12,2025,534.08
8640,72,Transportation,12,2025,641.15
8641,73,Education,1,2025,692.61
8642,73,Entertainment,1,2025,249.31
8643,73,Food & Dining,1,2025,1250.43
8644,73,Friends & Family,1,2025,167.86
8645,73,Grocery,1,2025,1726.71
8646,73,Healthcare,1,2025,1238.04
8647,73,Miscellaneous,1,2025,121.78
8648,73,Recharge & Utilities,1,2025,106.18
8649,73,Shopping,1,2025,574.51
8650,73,Transportation,1,2025,622.63
8651,73,Education,2,2025,595.31
8652,73,Entertainment,2,2025,217.85
8653,73,Food & Dining,2,2025,1071.08
8654,73,Friends & Family,2,2025,176.64
8655,73,Grocery,2,2025,1692.05
8656,73,Healthcare,2,2025,1104.79
8657,73,Miscellaneous,2,2025,101.21
8658,73,Recharge & Utilities,2,2025,113.02
8659,73,Shopping,2,2025,554.16
8660,73,Transportation,2,2025,594.42
8661,73,Education,3,2025,571.64
8662,73,Entertainment,3,2025,250.09
8663,73,Food & Dining,3,2025,1056.34
8664,73,Friends & Family,3,2025,164.18
8665,73,Grocery,3,2025,1573.7
8666,73,Healthcare,3,2025,1275.15
8667,73,Miscellaneous,3,2025,119.94
8668,73,Recharge & Utilities,3,2025,118.95
8669,73,Shopping,3,2025,553.35
8670,73,Transportation,3,2025,631.58
8671,73,Education,4,2025,643.25
8672,73,Entertainment,4,2025,262.86
8673,73,Food & Dining,4,2025,1206.41
8674,73,Friends & Family,4,2025,196.67
8675,73,Grocery,4,2025,1836.73
8676,73,Healthcare,4,2025,1174.54
8677,73,Miscellaneous,4,2025,126.48
8678,73,Recharge & Utilities,4,2025,116.79
8679,73,Shopping,4,2025,617.09
8680,73,Transportation,4,2025,637.2
8681,73,Education,5,2025,592.77
8682,73,Entertainment,5,2025,237.7
8683,73,Food & Dining,5,2025,1160.97
8684,73,Friends & Family,5,2025,158.61
8685,73,Grocery,5,2025,1630.68
8686,73,Healthcare,5,2025,1115.23
8687,73,Miscellaneous,5,2025,120.68
8688,73,Recharge & Utilities,5,2025,112.19
8689,73,Shopping,5,2025,515.85
8690,73,Transportation,5,2025,702.49
8691,73,Education,6,2025,539.93
8692,73,Entertainment,6,2025,238.95
8693,73,Food & Dining,6,2025,1182.49
8694,73,Friends & Family,6,2025,166.01
8695,73,Grocery,6,2025,1728.31
8696,73,Healthcare,6,2025,1209.35
8697,73,Miscellaneous,6,2025,114.71
8698,73,Recharge & Utilities,6,2025,119.3
8699,73,Shopping,6,2025,579.66
8700,73,Transportation,6,2025,695.71
8701,73,Education,7,2025,714.76
8702,73,Entertainment,7,2025,218.06
8703,73,Food & Dining,7,2025,1063.93
8704,73,Friends & Family,7,2025,168.51
8705,73,Grocery,7,2025,1776.62
8706,73,Healthcare,7,2025,1050.4
8707,73,Miscellaneous,7,2025,104.03
8708,73,Recharge & Utilities,7,2025,117.46
8709,73,Shopping,7,2025,605.15
8710,73,Transportation,7,2025,504.45
8711,73,Education,8,2025,595.5
8712,73,Entertainment,8,2025,220.12
8713,73,Food & Dining,8,2025,1012.06
8714,73,Friends & Family,8,2025,172.66
8715,73,Grocery,8,2025,1642.15
8716,73,Healthcare,8,2025,1012.86
8717,73,Miscellaneous,8,2025,120.36
8718,73,Recharge & Utilities,8,2025,117.67
8719,73,Shopping,8,2025,519.48
8720,73,Transportation,8,2025,597.48
8721,73,Education,9,2025,542.51
8722,73,Entertainment,9,2025,206.31
8723,73,Food & Dining,9,2025,1037.78
8724,73,Friends & Family,9,2025,161.99
8725,73,Grocery,9,2025,1513.88
8726,73,Healthcare,9,2025,1011.15
8727,73,Miscellaneous,9,2025,118.27
8728,73,Recharge & Utilities,9,2025,116.71
8729,73,Shopping,9,2025,567.72
8730,73,Transportation,9,2025,578.23
8731,73,Education,10,2025,528.5
8732,73,Entertainment,10,2025,270.75
8733,73,Food & Dining,10,2025,1148.11
8734,73,Friends & Family,10,2025,172.66
8735,73,Grocery,10,2025,1670.6
8736,73,Healthcare,10,2025,1043.27
8737,73,Miscellaneous,10,2025,101.3
8738,73,Recharge & Utilities,10,2025,104.92
8739,73,Shopping,10,2025,653.0
8740,73,Transportation,10,2025,612.92
8741,73,Education,11,2025,546.52
8742,73,Entertainment,11,2025,275.14
8743,73,Food & Dining,11,2025,1186.0
8744,73,Friends & Family,11,2025,181.19
8745,73,Grocery,11,2025,1550.99
8746,73,Healthcare,11,2025,1026.12
8747,73,Miscellaneous,11,2025,120.24
8748,73,Recharge & Utilities,11,2025,116.19
8749,73,Shopping,11,2025,716.64
8750,73,Transportation,11,2025,597.87
8751,73,Education,12,2025,521.02
8752,73,Entertainment,12,2025,217.12
8753,73,Food & Dining,12,2025,1042.83
8754,73,Friends & Family,12,2025,170.76
8755,73,Grocery,12,2025,1581.37
8756,73,Healthcare,12,2025,1135.81
8757,73,Miscellaneous,12,2025,109.77
8758,73,Recharge & Utilities,12,2025,113.99
8759,73,Shopping,12,2025,586.73
8760,73,Transportation,12,2025,577.59
8761,74,Education,1,2025,644.86
8762,74,Entertainment,1,2025,203.97
8763,74,Food & Dining,1,2025,942.98
8764,74,Friends & Family,1,2025,142.19
8765,74,Grocery,1,2025,1447.83
8766,74,Healthcare,1,2025,1050.39
8767,74,Miscellaneous,1,2025,100.0
8768,74,Recharge & Utilities,1,2025,100.0
8769,74,Shopping,1,2025,466.82
8770,74,Transportation,1,2025,472.22
8771,74,Education,2,2025,453.93
8772,74,Entertainment,2,2025,185.16
8773,74,Food & Dining,2,2025,991.38
8774,74,Friends & Family,2,2025,130.13
8775,74,Grocery,2,2025,1282.31
8776,74,Healthcare,2,2025,1020.81
8777,74,Miscellaneous,2,2025,100.0
8778,74,Recharge & Utilities,2,2025,105.95
8779,74,Shopping,2,2025,454.06
8780,74,Transportation,2,2025,438.43
8781,74,Education,3,2025,561.05
8782,74,Entertainment,3,2025,215.51
8783,74,Food & Dining,3,2025,954.51
8784,74,Friends & Family,3,2025,167.7
8785,74,Grocery,3,2025,1395.93
8786,74,Healthcare,3,2025,1119.37
8787,74,Miscellaneous,3,2025,108.07
8788,74,Recharge & Utilities,3,2025,102.12
8789,74,Shopping,3,2025,548.37
8790,74,Transportation,3,2025,499.85
8791,74,Education,4,2025,454.86
8792,74,Entertainment,4,2025,183.67
8793,74,Food & Dining,4,2025,1042.86
8794,74,Friends & Family,4,2025,156.62
8795,74,Grocery,4,2025,1593.12
8796,74,Healthcare,4,2025,885.24
8797,74,Miscellaneous,4,2025,100.0
8798,74,Recharge & Utilities,4,2025,101.01
8799,74,Shopping,4,2025,512.77
8800,74,Transportation,4,2025,510.25
8801,74,Education,5,2025,492.28
8802,74,Entertainment,5,2025,216.72
8803,74,Food & Dining,5,2025,999.38
8804,74,Friends & Family,5,2025,156.17
8805,74,Grocery,5,2025,1441.5
8806,74,Healthcare,5,2025,964.61
8807,74,Miscellaneous,5,2025,100.0
8808,74,Recharge & Utilities,5,2025,100.0
8809,74,Shopping,5,2025,523.58
8810,74,Transportation,5,2025,649.93
8811,74,Education,6,2025,563.69
8812,74,Entertainment,6,2025,198.27
8813,74,Food & Dining,6,2025,1026.78
8814,74,Friends & Family,6,2025,158.7
8815,74,Grocery,6,2025,1408.24
8816,74,Healthcare,6,2025,1129.17
8817,74,Miscellaneous,6,2025,100.0
8818,74,Recharge & Utilities,6,2025,107.71
8819,74,Shopping,6,2025,473.51
8820,74,Transportation,6,2025,570.92
8821,74,Education,7,2025,624.74
8822,74,Entertainment,7,2025,212.85
8823,74,Food & Dining,7,2025,1086.51
8824,74,Friends & Family,7,2025,151.9
8825,74,Grocery,7,2025,1468.28
8826,74,Healthcare,7,2025,1058.83
8827,74,Miscellaneous,7,2025,100.0
8828,74,Recharge & Utilities,7,2025,104.08
8829,74,Shopping,7,2025,460.48
8830,74,Transportation,7,2025,498.48
8831,74,Education,8,2025,538.52
8832,74,Entertainment,8,2025,194.48
8833,74,Food & Dining,8,2025,1004.75
8834,74,Friends & Family,8,2025,157.66
8835,74,Grocery,8,2025,1448.44
8836,74,Healthcare,8,2025,974.53
8837,74,Miscellaneous,8,2025,100.0
8838,74,Recharge & Utilities,8,2025,100.0
8839,74,Shopping,8,2025,475.9
8840,74,Transportation,8,2025,473.84
8841,74,Education,9,2025,540.59
8842,74,Entertainment,9,2025,190.55
8843,74,Food & Dining,9,2025,925.58
8844,74,Friends & Family,9,2025,141.04
8845,74,Grocery,9,2025,1479.74
8846,74,Healthcare,9,2025,1006.73
8847,74,Miscellaneous,9,2025,100.0
8848,74,Recharge & Utilities,9,2025,100.0
8849,74,Shopping,9,2025,482.65
8850,74,Transportation,9,2025,535.21
8851,74,Education,10,2025,606.82
8852,74,Entertainment,10,2025,250.07
8853,74,Food & Dining,10,2025,1309.71
8854,74,Friends & Family,10,2025,176.94
8855,74,Grocery,10,2025,1505.62
8856,74,Healthcare,10,2025,1086.4
8857,74,Miscellaneous,10,2025,118.69
8858,74,Recharge & Utilities,10,2025,104.51
8859,74,Shopping,10,2025,651.83
8860,74,Transportation,10,2025,566.9
8861,74,Education,11,2025,543.47
8862,74,Entertainment,11,2025,222.28
8863,74,Food & Dining,11,2025,1242.93
8864,74,Friends & Family,11,2025,163.38
8865,74,Grocery,11,2025,1549.15
8866,74,Healthcare,11,2025,1051.45
8867,74,Miscellaneous,11,2025,100.0
8868,74,Recharge & Utilities,11,2025,105.3
8869,74,Shopping,11,2025,621.03
8870,74,Transportation,11,2025,520.8
8871,74,Education,12,2025,562.35
8872,74,Entertainment,12,2025,233.66
8873,74,Food & Dining,12,2025,1094.51
8874,74,Friends & Family,12,2025,156.56
8875,74,Grocery,12,2025,1431.94
8876,74,Healthcare,12,2025,1170.65
8877,74,Miscellaneous,12,2025,117.44
8878,74,Recharge & Utilities,12,2025,104.06
8879,74,Shopping,12,2025,497.64
8880,74,Transportation,12,2025,655.46
8881,75,Education,1,2025,509.81
8882,75,Entertainment,1,2025,171.99
8883,75,Food & Dining,1,2025,1009.81
8884,75,Friends & Family,1,2025,150.09
8885,75,Grocery,1,2025,1258.4
8886,75,Healthcare,1,2025,921.23
8887,75,Miscellaneous,1,2025,100.0
8888,75,Recharge & Utilities,1,2025,100.0
8889,75,Shopping,1,2025,446.83
8890,75,Transportation,1,2025,514.13
8891,75,Education,2,2025,484.99
8892,75,Entertainment,2,2025,171.91
8893,75,Food & Dining,2,2025,954.06
8894,75,Friends & Family,2,2025,130.81
8895,75,Grocery,2,2025,1427.36
8896,75,Healthcare,2,2025,884.03
8897,75,Miscellaneous,2,2025,100.0
8898,75,Recharge & Utilities,2,2025,100.0
8899,75,Shopping,2,2025,422.04
8900,75,Transportation,2,2025,455.12
8901,75,Education,3,2025,454.16
8902,75,Entertainment,3,2025,200.41
8903,75,Food & Dining,3,2025,829.57
8904,75,Friends & Family,3,2025,131.42
8905,75,Grocery,3,2025,1230.04
8906,75,Healthcare,3,2025,922.13
8907,75,Miscellaneous,3,2025,100.0
8908,75,Recharge & Utilities,3,2025,100.0
8909,75,Shopping,3,2025,453.87
8910,75,Transportation,3,2025,436.77
8911,75,Education,4,2025,422.44
8912,75,Entertainment,4,2025,178.07
8913,75,Food & Dining,4,2025,892.95
8914,75,Friends & Family,4,2025,138.53
8915,75,Grocery,4,2025,1459.25
8916,75,Healthcare,4,2025,988.73
8917,75,Miscellaneous,4,2025,100.0
8918,75,Recharge & Utilities,4,2025,100.0
8919,75,Shopping,4,2025,462.52
8920,75,Transportation,4,2025,441.55
8921,75,Education,5,2025,519.91
8922,75,Entertainment,5,2025,192.77
8923,75,Food & Dining,5,2025,882.61
8924,75,Friends & Family,5,2025,145.45
8925,75,Grocery,5,2025,1523.96
8926,75,Healthcare,5,2025,928.04
8927,75,Miscellaneous,5,2025,104.66
8928,75,Recharge & Utilities,5,2025,105.05
8929,75,Shopping,5,2025,495.73
8930,75,Transportation,5,2025,555.26
8931,75,Education,6,2025,427.86
8932,75,Entertainment,6,2025,203.81
8933,75,Food & Dining,6,2025,865.46
8934,75,Friends & Family,6,2025,136.8
8935,75,Grocery,6,2025,1324.47
8936,75,Healthcare,6,2025,915.09
8937,75,Miscellaneous,6,2025,101.74
8938,75,Recharge & Utilities,6,2025,100.0
8939,75,Shopping,6,2025,498.43
8940,75,Transportation,6,2025,562.93
8941,75,Education,7,2025,604.84
8942,75,Entertainment,7,2025,192.31
8943,75,Food & Dining,7,2025,957.29
8944,75,Friends & Family,7,2025,136.07
8945,75,Grocery,7,2025,1460.36
8946,75,Healthcare,7,2025,1025.91
8947,75,Miscellaneous,7,2025,107.27
8948,75,Recharge & Utilities,7,2025,102.0
8949,75,Shopping,7,2025,474.56
8950,75,Transportation,7,2025,484.65
8951,75,Education,8,2025,530.65
8952,75,Entertainment,8,2025,198.03
8953,75,Food & Dining,8,2025,832.79
8954,75,Friends & Family,8,2025,135.32
8955,75,Grocery,8,2025,1352.76
8956,75,Healthcare,8,2025,804.21
8957,75,Miscellaneous,8,2025,100.0
8958,75,Recharge & Utilities,8,2025,100.0
8959,75,Shopping,8,2025,402.66
8960,75,Transportation,8,2025,476.65
8961,75,Education,9,2025,497.81
8962,75,Entertainment,9,2025,200.56
8963,75,Food & Dining,9,2025,947.79
8964,75,Friends & Family,9,2025,134.35
8965,75,Grocery,9,2025,1484.25
8966,75,Healthcare,9,2025,989.54
8967,75,Miscellaneous,9,2025,105.97
8968,75,Recharge & Utilities,9,2025,100.0
8969,75,Shopping,9,2025,487.6
8970,75,Transportation,9,2025,515.57
8971,75,Education,10,2025,490.52
8972,75,Entertainment,10,2025,234.49
8973,75,Food & Dining,10,2025,1190.75
8974,75,Friends & Family,10,2025,171.58
8975,75,Grocery,10,2025,1664.88
8976,75,Healthcare,10,2025,1053.02
8977,75,Miscellaneous,10,2025,103.39
8978,75,Recharge & Utilities,10,2025,112.56
8979,75,Shopping,10,2025,593.49
8980,75,Transportation,10,2025,495.22
8981,75,Education,11,2025,441.0
8982,75,Entertainment,11,2025,212.39
8983,75,Food & Dining,11,2025,957.9
8984,75,Friends & Family,11,2025,127.49
8985,75,Grocery,11,2025,1271.6
8986,75,Healthcare,11,2025,939.23
8987,75,Miscellaneous,11,2025,100.0
8988,75,Recharge & Utilities,11,2025,100.0
8989,75,Shopping,11,2025,581.07
8990,75,Transportation,11,2025,442.94
8991,75,Education,12,2025,499.11
8992,75,Entertainment,12,2025,203.39
8993,75,Food & Dining,12,2025,969.99
8994,75,Friends & Family,12,2025,147.58
8995,75,Grocery,12,2025,1373.61
8996,75,Healthcare,12,2025,954.89
8997,75,Miscellaneous,12,2025,100.0
8998,75,Recharge & Utilities,12,2025,100.0
8999,75,Shopping,12,2025,485.46
9000,75,Transportation,12,2025,597.91
9001,76,Education,1,2025,918.16
9002,76,Entertainment,1,2025,916.41
9003,76,Food & Dining,1,2025,1846.39
9004,76,Friends & Family,1,2025,395.0
9005,76,Grocery,1,2025,745.68
9006,76,Healthcare,1,2025,239.55
9007,76,Miscellaneous,1,2025,166.97
9008,76,Recharge & Utilities,1,2025,155.71
9009,76,Shopping,1,2025,840.38
9010,76,Transportation,1,2025,3857.98
9011,76,Education,2,2025,829.24
9012,76,Entertainment,2,2025,843.62
9013,76,Food & Dining,2,2025,1716.42
9014,76,Friends & Family,2,2025,437.84
9015,76,Grocery,2,2025,829.62
9016,76,Healthcare,2,2025,242.29
9017,76,Miscellaneous,2,2025,168.49
9018,76,Recharge & Utilities,2,2025,158.15
9019,76,Shopping,2,2025,811.95
9020,76,Transportation,2,2025,3964.01
9021,76,Education,3,2025,866.23
9022,76,Entertainment,3,2025,870.78
9023,76,Food & Dining,3,2025,1863.68
9024,76,Friends & Family,3,2025,441.54
9025,76,Grocery,3,2025,796.09
9026,76,Healthcare,3,2025,235.33
9027,76,Miscellaneous,3,2025,158.93
9028,76,Recharge & Utilities,3,2025,159.16
9029,76,Shopping,3,2025,848.78
9030,76,Transportation,3,2025,3548.58
9031,76,Education,4,2025,785.46
9032,76,Entertainment,4,2025,867.46
9033,76,Food & Dining,4,2025,1796.91
9034,76,Friends & Family,4,2025,455.39
9035,76,Grocery,4,2025,883.32
9036,76,Healthcare,4,2025,258.16
9037,76,Miscellaneous,4,2025,165.5
9038,76,Recharge & Utilities,4,2025,173.24
9039,76,Shopping,4,2025,834.64
9040,76,Transportation,4,2025,3253.45
9041,76,Education,5,2025,851.72
9042,76,Entertainment,5,2025,923.15
9043,76,Food & Dining,5,2025,1724.17
9044,76,Friends & Family,5,2025,449.73
9045,76,Grocery,5,2025,827.03
9046,76,Healthcare,5,2025,234.45
9047,76,Miscellaneous,5,2025,165.7
9048,76,Recharge & Utilities,5,2025,167.89
9049,76,Shopping,5,2025,853.02
9050,76,Transportation,5,2025,3930.41
9051,76,Education,6,2025,884.3
9052,76,Entertainment,6,2025,828.38
9053,76,Food & Dining,6,2025,1636.19
9054,76,Friends & Family,6,2025,416.6
9055,76,Grocery,6,2025,800.32
9056,76,Healthcare,6,2025,234.98
9057,76,Miscellaneous,6,2025,163.08
9058,76,Recharge & Utilities,6,2025,150.99
9059,76,Shopping,6,2025,818.19
9060,76,Transportation,6,2025,4478.89
9061,76,Education,7,2025,1053.1
9062,76,Entertainment,7,2025,806.48
9063,76,Food & Dining,7,2025,1764.16
9064,76,Friends & Family,7,2025,450.07
9065,76,Grocery,7,2025,767.63
9066,76,Healthcare,7,2025,265.8
9067,76,Miscellaneous,7,2025,186.25
9068,76,Recharge & Utilities,7,2025,158.52
9069,76,Shopping,7,2025,815.24
9070,76,Transportation,7,2025,3588.95
9071,76,Education,8,2025,1007.83
9072,76,Entertainment,8,2025,796.93
9073,76,Food & Dining,8,2025,1759.54
9074,76,Friends & Family,8,2025,415.97
9075,76,Grocery,8,2025,785.25
9076,76,Healthcare,8,2025,241.05
9077,76,Miscellaneous,8,2025,169.54
9078,76,Recharge & Utilities,8,2025,186.08
9079,76,Shopping,8,2025,802.24
9080,76,Transportation,8,2025,3792.78
9081,76,Education,9,2025,883.13
9082,76,Entertainment,9,2025,839.25
9083,76,Food & Dining,9,2025,1909.44
9084,76,Friends & Family,9,2025,419.77
9085,76,Grocery,9,2025,810.06
9086,76,Healthcare,9,2025,236.51
9087,76,Miscellaneous,9,2025,179.19
9088,76,Recharge & Utilities,9,2025,170.75
9089,76,Shopping,9,2025,808.85
9090,76,Transportation,9,2025,4178.14
9091,76,Education,10,2025,793.98
9092,76,Entertainment,10,2025,809.15
9093,76,Food & Dining,10,2025,1766.37
9094,76,Friends & Family,10,2025,380.4
9095,76,Grocery,10,2025,810.07
9096,76,Healthcare,10,2025,268.47
9097,76,Miscellaneous,10,2025,153.7
9098,76,Recharge & Utilities,10,2025,148.47
9099,76,Shopping,10,2025,943.23
9100,76,Transportation,10,2025,3709.48
9101,76,Education,11,2025,952.15
9102,76,Entertainment,11,2025,953.17
9103,76,Food & Dining,11,2025,2077.64
9104,76,Friends & Family,11,2025,404.17
9105,76,Grocery,11,2025,886.72
9106,76,Healthcare,11,2025,298.82
9107,76,Miscellaneous,11,2025,162.35
9108,76,Recharge & Utilities,11,2025,170.25
9109,76,Shopping,11,2025,1192.21
9110,76,Transportation,11,2025,3882.4
9111,76,Education,12,2025,788.64
9112,76,Entertainment,12,2025,717.53
9113,76,Food & Dining,12,2025,1492.36
9114,76,Friends & Family,12,2025,368.19
9115,76,Grocery,12,2025,863.66
9116,76,Healthcare,12,2025,234.74
9117,76,Miscellaneous,12,2025,146.48
9118,76,Recharge & Utilities,12,2025,153.31
9119,76,Shopping,12,2025,819.43
9120,76,Transportation,12,2025,4356.64
9121,77,Education,1,2025,838.86
9122,77,Entertainment,1,2025,726.12
9123,77,Food & Dining,1,2025,1720.99
9124,77,Friends & Family,1,2025,387.04
9125,77,Grocery,1,2025,677.69
9126,77,Healthcare,1,2025,198.28
9127,77,Miscellaneous,1,2025,143.57
9128,77,Recharge & Utilities,1,2025,146.17
9129,77,Shopping,1,2025,783.59
9130,77,Transportation,1,2025,3428.48
9131,77,Education,2,2025,733.52
9132,77,Entertainment,2,2025,693.2
9133,77,Food & Dining,2,2025,1627.97
9134,77,Friends & Family,2,2025,376.66
9135,77,Grocery,2,2025,663.99
9136,77,Healthcare,2,2025,219.85
9137,77,Miscellaneous,2,2025,140.95
9138,77,Recharge & Utilities,2,2025,148.48
9139,77,Shopping,2,2025,629.15
9140,77,Transportation,2,2025,3003.66
9141,77,Education,3,2025,629.44
9142,77,Entertainment,3,2025,638.28
9143,77,Food & Dining,3,2025,1244.95
9144,77,Friends & Family,3,2025,285.39
9145,77,Grocery,3,2025,695.7
9146,77,Healthcare,3,2025,209.51
9147,77,Miscellaneous,3,2025,114.86
9148,77,Recharge & Utilities,3,2025,137.42
9149,77,Shopping,3,2025,589.96
9150,77,Transportation,3,2025,2721.36
9151,77,Education,4,2025,594.31
9152,77,Entertainment,4,2025,679.55
9153,77,Food & Dining,4,2025,1472.36
9154,77,Friends & Family,4,2025,366.24
9155,77,Grocery,4,2025,594.9
9156,77,Healthcare,4,2025,182.72
9157,77,Miscellaneous,4,2025,129.38
9158,77,Recharge & Utilities,4,2025,131.98
9159,77,Shopping,4,2025,666.22
9160,77,Transportation,4,2025,3197.54
9161,77,Education,5,2025,682.7
9162,77,Entertainment,5,2025,670.18
9163,77,Food & Dining,5,2025,1414.58
9164,77,Friends & Family,5,2025,315.36
9165,77,Grocery,5,2025,603.57
9166,77,Healthcare,5,2025,200.16
9167,77,Miscellaneous,5,2025,123.9
9168,77,Recharge & Utilities,5,2025,117.81
9169,77,Shopping,5,2025,688.87
9170,77,Transportation,5,2025,3664.41
9171,77,Education,6,2025,623.74
9172,77,Entertainment,6,2025,615.94
9173,77,Food & Dining,6,2025,1402.3
9174,77,Friends & Family,6,2025,353.18
9175,77,Grocery,6,2025,630.66
9176,77,Healthcare,6,2025,194.27
9177,77,Miscellaneous,6,2025,136.46
9178,77,Recharge & Utilities,6,2025,130.16
9179,77,Shopping,6,2025,614.39
9180,77,Transportation,6,2025,3806.21
9181,77,Education,7,2025,841.3
9182,77,Entertainment,7,2025,663.32
9183,77,Food & Dining,7,2025,1378.86
9184,77,Friends & Family,7,2025,325.16
9185,77,Grocery,7,2025,736.77
9186,77,Healthcare,7,2025,196.78
9187,77,Miscellaneous,7,2025,146.51
9188,77,Recharge & Utilities,7,2025,144.05
9189,77,Shopping,7,2025,641.84
9190,77,Transportation,7,2025,3404.66
9191,77,Education,8,2025,866.46
9192,77,Entertainment,8,2025,636.51
9193,77,Food & Dining,8,2025,1306.5
9194,77,Friends & Family,8,2025,325.13
9195,77,Grocery,8,2025,702.6
9196,77,Healthcare,8,2025,198.58
9197,77,Miscellaneous,8,2025,132.93
9198,77,Recharge & Utilities,8,2025,148.61
9199,77,Shopping,8,2025,634.52
9200,77,Transportation,8,2025,2902.35
9201,77,Education,9,2025,629.16
9202,77,Entertainment,9,2025,646.35
9203,77,Food & Dining,9,2025,1502.9
9204,77,Friends & Family,9,2025,309.9
9205,77,Grocery,9,2025,753.0
9206,77,Healthcare,9,2025,185.01
9207,77,Miscellaneous,9,2025,138.35
9208,77,Recharge & Utilities,9,2025,126.15
9209,77,Shopping,9,2025,728.26
9210,77,Transportation,9,2025,3057.89
9211,77,Education,10,2025,783.4
9212,77,Entertainment,10,2025,789.67
9213,77,Food & Dining,10,2025,1603.22
9214,77,Friends & Family,10,2025,399.13
9215,77,Grocery,10,2025,756.38
9216,77,Healthcare,10,2025,237.07
9217,77,Miscellaneous,10,2025,154.72
9218,77,Recharge & Utilities,10,2025,137.01
9219,77,Shopping,10,2025,863.86
9220,77,Transportation,10,2025,3013.28
9221,77,Education,11,2025,663.14
9222,77,Entertainment,11,2025,689.32
9223,77,Food & Dining,11,2025,1367.31
9224,77,Friends & Family,11,2025,297.19
9225,77,Grocery,11,2025,623.06
9226,77,Healthcare,11,2025,181.75
9227,77,Miscellaneous,11,2025,140.74
9228,77,Recharge & Utilities,11,2025,142.48
9229,77,Shopping,11,2025,854.83
9230,77,Transportation,11,2025,2677.52
9231,77,Education,12,2025,602.62
9232,77,Entertainment,12,2025,654.37
9233,77,Food & Dining,12,2025,1421.15
9234,77,Friends & Family,12,2025,316.35
9235,77,Grocery,12,2025,710.34
9236,77,Healthcare,12,2025,176.47
9237,77,Miscellaneous,12,2025,123.36
9238,77,Recharge & Utilities,12,2025,128.2
9239,77,Shopping,12,2025,573.63
9240,77,Transportation,12,2025,3383.74
9241,78,Education,1,2025,1037.74
9242,78,Entertainment,1,2025,933.25
9243,78,Food & Dining,1,2025,1694.39
9244,78,Friends & Family,1,2025,440.35
9245,78,Grocery,1,2025,897.06
9246,78,Healthcare,1,2025,264.82
9247,78,Miscellaneous,1,2025,172.31
9248,78,Recharge & Utilities,1,2025,185.77
9249,78,Shopping,1,2025,850.09
9250,78,Transportation,1,2025,3560.59
9251,78,Education,2,2025,733.99
9252,78,Entertainment,2,2025,830.12
9253,78,Food & Dining,2,2025,1499.45
9254,78,Friends & Family,2,2025,361.95
9255,78,Grocery,2,2025,681.42
9256,78,Healthcare,2,2025,245.19
9257,78,Miscellaneous,2,2025,161.91
9258,78,Recharge & Utilities,2,2025,138.58
9259,78,Shopping,2,2025,827.87
9260,78,Transportation,2,2025,3444.78
9261,78,Education,3,2025,779.78
9262,78,Entertainment,3,2025,803.1
9263,78,Food & Dining,3,2025,1894.26
9264,78,Friends & Family,3,2025,419.87
9265,78,Grocery,3,2025,737.64
9266,78,Healthcare,3,2025,267.34
9267,78,Miscellaneous,3,2025,174.02
9268,78,Recharge & Utilities,3,2025,161.57
9269,78,Shopping,3,2025,858.87
9270,78,Transportation,3,2025,3390.95
9271,78,Education,4,2025,713.05
9272,78,Entertainment,4,2025,853.17
9273,78,Food & Dining,4,2025,1616.15
9274,78,Friends & Family,4,2025,368.64
9275,78,Grocery,4,2025,745.7
9276,78,Healthcare,4,2025,220.81
9277,78,Miscellaneous,4,2025,160.37
9278,78,Recharge & Utilities,4,2025,163.83
9279,78,Shopping,4,2025,751.44
9280,78,Transportation,4,2025,3394.13
9281,78,Education,5,2025,723.48
9282,78,Entertainment,5,2025,783.58
9283,78,Food & Dining,5,2025,1544.54
9284,78,Friends & Family,5,2025,332.67
9285,78,Grocery,5,2025,793.9
9286,78,Healthcare,5,2025,242.61
9287,78,Miscellaneous,5,2025,151.43
9288,78,Recharge & Utilities,5,2025,148.63
9289,78,Shopping,5,2025,707.25
9290,78,Transportation,5,2025,3807.78
9291,78,Education,6,2025,728.51
9292,78,Entertainment,6,2025,802.08
9293,78,Food & Dining,6,2025,1666.83
9294,78,Friends & Family,6,2025,375.1
9295,78,Grocery,6,2025,696.63
9296,78,Healthcare,6,2025,218.56
9297,78,Miscellaneous,6,2025,162.92
9298,78,Recharge & Utilities,6,2025,166.09
9299,78,Shopping,6,2025,796.86
9300,78,Transportation,6,2025,4214.42
9301,78,Education,7,2025,909.31
9302,78,Entertainment,7,2025,751.4
9303,78,Food & Dining,7,2025,1700.08
9304,78,Friends & Family,7,2025,386.84
9305,78,Grocery,7,2025,779.27
9306,78,Healthcare,7,2025,247.47
9307,78,Miscellaneous,7,2025,150.49
9308,78,Recharge & Utilities,7,2025,174.58
9309,78,Shopping,7,2025,847.62
9310,78,Transportation,7,2025,3860.53
9311,78,Education,8,2025,1061.46
9312,78,Entertainment,8,2025,736.88
9313,78,Food & Dining,8,2025,1832.38
9314,78,Friends & Family,8,2025,359.97
9315,78,Grocery,8,2025,757.96
9316,78,Healthcare,8,2025,241.85
9317,78,Miscellaneous,8,2025,152.42
9318,78,Recharge & Utilities,8,2025,172.9
9319,78,Shopping,8,2025,861.35
9320,78,Transportation,8,2025,3553.36
9321,78,Education,9,2025,750.87
9322,78,Entertainment,9,2025,777.7
9323,78,Food & Dining,9,2025,1480.7
9324,78,Friends & Family,9,2025,384.7
9325,78,Grocery,9,2025,679.23
9326,78,Healthcare,9,2025,227.62
9327,78,Miscellaneous,9,2025,166.91
9328,78,Recharge & Utilities,9,2025,140.0
9329,78,Shopping,9,2025,755.07
9330,78,Transportation,9,2025,3366.85
9331,78,Education,10,2025,911.97
9332,78,Entertainment,10,2025,880.26
9333,78,Food & Dining,10,2025,1825.83
9334,78,Friends & Family,10,2025,397.95
9335,78,Grocery,10,2025,815.81
9336,78,Healthcare,10,2025,246.41
9337,78,Miscellaneous,10,2025,179.58
9338,78,Recharge & Utilities,10,2025,173.52
9339,78,Shopping,10,2025,933.39
9340,78,Transportation,10,2025,3334.65
9341,78,Education,11,2025,921.99
9342,78,Entertainment,11,2025,963.65
9343,78,Food & Dining,11,2025,2151.88
9344,78,Friends & Family,11,2025,452.31
9345,78,Grocery,11,2025,786.17
9346,78,Healthcare,11,2025,269.84
9347,78,Miscellaneous,11,2025,156.65
9348,78,Recharge & Utilities,11,2025,167.5
9349,78,Shopping,11,2025,1019.08
9350,78,Transportation,11,2025,3972.82
9351,78,Education,12,2025,824.19
9352,78,Entertainment,12,2025,746.87
9353,78,Food & Dining,12,2025,1572.43
9354,78,Friends & Family,12,2025,438.99
9355,78,Grocery,12,2025,840.73
9356,78,Healthcare,12,2025,225.76
9357,78,Miscellaneous,12,2025,164.65
9358,78,Recharge & Utilities,12,2025,165.37
9359,78,Shopping,12,2025,796.53
9360,78,Transportation,12,2025,4011.93
9361,79,Education,1,2025,742.35
9362,79,Entertainment,1,2025,652.04
9363,79,Food & Dining,1,2025,1292.16
9364,79,Friends & Family,1,2025,320.09
9365,79,Grocery,1,2025,681.26
9366,79,Healthcare,1,2025,194.67
9367,79,Miscellaneous,1,2025,131.4
9368,79,Recharge & Utilities,1,2025,127.92
9369,79,Shopping,1,2025,649.6
9370,79,Transportation,1,2025,2998.44
9371,79,Education,2,2025,581.76
9372,79,Entertainment,2,2025,592.98
9373,79,Food & Dining,2,2025,1366.1
9374,79,Friends & Family,2,2025,292.49
9375,79,Grocery,2,2025,716.02
9376,79,Healthcare,2,2025,192.94
9377,79,Miscellaneous,2,2025,138.21
9378,79,Recharge & Utilities,2,2025,124.65
9379,79,Shopping,2,2025,603.53
9380,79,Transportation,2,2025,2566.12
9381,79,Education,3,2025,573.23
9382,79,Entertainment,3,2025,666.72
9383,79,Food & Dining,3,2025,1441.69
9384,79,Friends & Family,3,2025,299.26
9385,79,Grocery,3,2025,650.58
9386,79,Healthcare,3,2025,201.54
9387,79,Miscellaneous,3,2025,117.31
9388,79,Recharge & Utilities,3,2025,133.3
9389,79,Shopping,3,2025,570.4
9390,79,Transportation,3,2025,3015.48
9391,79,Education,4,2025,634.44
9392,79,Entertainment,4,2025,694.82
9393,79,Food & Dining,4,2025,1412.95
9394,79,Friends & Family,4,2025,333.99
9395,79,Grocery,4,2025,579.99
9396,79,Healthcare,4,2025,188.97
9397,79,Miscellaneous,4,2025,135.9
9398,79,Recharge & Utilities,4,2025,126.01
9399,79,Shopping,4,2025,584.51
9400,79,Transportation,4,2025,2763.67
9401,79,Education,5,2025,657.08
9402,79,Entertainment,5,2025,610.33
9403,79,Food & Dining,5,2025,1284.03
9404,79,Friends & Family,5,2025,315.47
9405,79,Grocery,5,2025,583.2
9406,79,Healthcare,5,2025,185.06
9407,79,Miscellaneous,5,2025,141.41
9408,79,Recharge & Utilities,5,2025,130.33
9409,79,Shopping,5,2025,675.76
9410,79,Transportation,5,2025,3202.05
9411,79,Education,6,2025,643.59
9412,79,Entertainment,6,2025,627.3
9413,79,Food & Dining,6,2025,1226.46
9414,79,Friends & Family,6,2025,285.16
9415,79,Grocery,6,2025,529.71
9416,79,Healthcare,6,2025,160.53
9417,79,Miscellaneous,6,2025,111.1
9418,79,Recharge & Utilities,6,2025,124.92
9419,79,Shopping,6,2025,597.21
9420,79,Transportation,6,2025,2722.46
9421,79,Education,7,2025,740.49
9422,79,Entertainment,7,2025,717.59
9423,79,Food & Dining,7,2025,1387.67
9424,79,Friends & Family,7,2025,375.48
9425,79,Grocery,7,2025,638.58
9426,79,Healthcare,7,2025,186.01
9427,79,Miscellaneous,7,2025,145.85
9428,79,Recharge & Utilities,7,2025,125.73
9429,79,Shopping,7,2025,760.31
9430,79,Transportation,7,2025,3127.68
9431,79,Education,8,2025,724.16
9432,79,Entertainment,8,2025,628.57
9433,79,Food & Dining,8,2025,1474.35
9434,79,Friends & Family,8,2025,308.3
9435,79,Grocery,8,2025,650.09
9436,79,Healthcare,8,2025,193.99
9437,79,Miscellaneous,8,2025,129.76
9438,79,Recharge & Utilities,8,2025,121.99
9439,79,Shopping,8,2025,588.17
9440,79,Transportation,8,2025,2861.84
9441,79,Education,9,2025,673.7
9442,79,Entertainment,9,2025,621.12
9443,79,Food & Dining,9,2025,1366.33
9444,79,Friends & Family,9,2025,323.24
9445,79,Grocery,9,2025,594.36
9446,79,Healthcare,9,2025,175.76
9447,79,Miscellaneous,9,2025,113.66
9448,79,Recharge & Utilities,9,2025,128.9
9449,79,Shopping,9,2025,605.52
9450,79,Transportation,9,2025,2954.9
9451,79,Education,10,2025,597.96
9452,79,Entertainment,10,2025,677.86
9453,79,Food & Dining,10,2025,1414.24
9454,79,Friends & Family,10,2025,326.16
9455,79,Grocery,10,2025,601.68
9456,79,Healthcare,10,2025,174.09
9457,79,Miscellaneous,10,2025,131.72
9458,79,Recharge & Utilities,10,2025,124.64
9459,79,Shopping,10,2025,774.59
9460,79,Transportation,10,2025,2414.76
9461,79,Education,11,2025,571.18
9462,79,Entertainment,11,2025,644.01
9463,79,Food & Dining,11,2025,1449.63
9464,79,Friends & Family,11,2025,277.58
9465,79,Grocery,11,2025,622.84
9466,79,Healthcare,11,2025,164.35
9467,79,Miscellaneous,11,2025,129.4
9468,79,Recharge & Utilities,11,2025,116.99
9469,79,Shopping,11,2025,712.73
9470,79,Transportation,11,2025,2847.88
9471,79,Education,12,2025,599.05
9472,79,Entertainment,12,2025,626.05
9473,79,Food & Dining,12,2025,1403.62
9474,79,Friends & Family,12,2025,320.11
9475,79,Grocery,12,2025,569.55
9476,79,Healthcare,12,2025,189.22
9477,79,Miscellaneous,12,2025,108.26
9478,79,Recharge & Utilities,12,2025,123.53
9479,79,Shopping,12,2025,560.05
9480,79,Transportation,12,2025,3166.63
9481,80,Education,1,2025,1071.19
9482,80,Entertainment,1,2025,1023.81
9483,80,Food & Dining,1,2025,1897.49
9484,80,Friends & Family,1,2025,433.76
9485,80,Grocery,1,2025,946.74
9486,80,Healthcare,1,2025,269.97
9487,80,Miscellaneous,1,2025,181.97
9488,80,Recharge & Utilities,1,2025,180.9
9489,80,Shopping,1,2025,943.39
9490,80,Transportation,1,2025,3779.49
9491,80,Education,2,2025,792.06
9492,80,Entertainment,2,2025,731.77
9493,80,Food & Dining,2,2025,1551.65
9494,80,Friends & Family,2,2025,386.49
9495,80,Grocery,2,2025,730.98
9496,80,Healthcare,2,2025,270.14
9497,80,Miscellaneous,2,2025,176.93
9498,80,Recharge & Utilities,2,2025,174.82
9499,80,Shopping,2,2025,755.73
9500,80,Transportation,2,2025,3604.66
9501,80,Education,3,2025,812.61
9502,80,Entertainment,3,2025,890.98
9503,80,Food & Dining,3,2025,1754.67
9504,80,Friends & Family,3,2025,369.01
9505,80,Grocery,3,2025,817.2
9506,80,Healthcare,3,2025,226.47
9507,80,Miscellaneous,3,2025,157.68
9508,80,Recharge & Utilities,3,2025,165.93
9509,80,Shopping,3,2025,868.35
9510,80,Transportation,3,2025,3406.92
9511,80,Education,4,2025,841.2
9512,80,Entertainment,4,2025,903.98
9513,80,Food & Dining,4,2025,1791.85
9514,80,Friends & Family,4,2025,445.49
9515,80,Grocery,4,2025,958.48
9516,80,Healthcare,4,2025,275.87
9517,80,Miscellaneous,4,2025,195.0
9518,80,Recharge & Utilities,4,2025,167.34
9519,80,Shopping,4,2025,987.7
9520,80,Transportation,4,2025,3574.26
9521,80,Education,5,2025,776.22
9522,80,Entertainment,5,2025,764.67
9523,80,Food & Dining,5,2025,1780.43
9524,80,Friends & Family,5,2025,397.64
9525,80,Grocery,5,2025,797.05
9526,80,Healthcare,5,2025,263.32
9527,80,Miscellaneous,5,2025,151.04
9528,80,Recharge & Utilities,5,2025,160.87
9529,80,Shopping,5,2025,863.91
9530,80,Transportation,5,2025,4364.04
9531,80,Education,6,2025,790.99
9532,80,Entertainment,6,2025,758.65
9533,80,Food & Dining,6,2025,1687.15
9534,80,Friends & Family,6,2025,385.25
9535,80,Grocery,6,2025,922.45
9536,80,Healthcare,6,2025,255.87
9537,80,Miscellaneous,6,2025,170.83
9538,80,Recharge & Utilities,6,2025,154.6
9539,80,Shopping,6,2025,888.07
9540,80,Transportation,6,2025,4241.87
9541,80,Education,7,2025,966.63
9542,80,Entertainment,7,2025,906.46
9543,80,Food & Dining,7,2025,1904.11
9544,80,Friends & Family,7,2025,411.66
9545,80,Grocery,7,2025,910.8
9546,80,Healthcare,7,2025,287.98
9547,80,Miscellaneous,7,2025,165.81
9548,80,Recharge & Utilities,7,2025,160.6
9549,80,Shopping,7,2025,889.3
9550,80,Transportation,7,2025,4029.91
9551,80,Education,8,2025,1138.36
9552,80,Entertainment,8,2025,850.84
9553,80,Food & Dining,8,2025,1739.72
9554,80,Friends & Family,8,2025,478.54
9555,80,Grocery,8,2025,977.82
9556,80,Healthcare,8,2025,254.91
9557,80,Miscellaneous,8,2025,173.73
9558,80,Recharge & Utilities,8,2025,182.46
9559,80,Shopping,8,2025,828.86
9560,80,Transportation,8,2025,4298.98
9561,80,Education,9,2025,934.18
9562,80,Entertainment,9,2025,918.7
9563,80,Food & Dining,9,2025,1978.22
9564,80,Friends & Family,9,2025,499.56
9565,80,Grocery,9,2025,881.64
9566,80,Healthcare,9,2025,254.57
9567,80,Miscellaneous,9,2025,188.24
9568,80,Recharge & Utilities,9,2025,198.56
9569,80,Shopping,9,2025,981.36
9570,80,Transportation,9,2025,4394.26
9571,80,Education,10,2025,948.51
9572,80,Entertainment,10,2025,1000.23
9573,80,Food & Dining,10,2025,2074.56
9574,80,Friends & Family,10,2025,426.8
9575,80,Grocery,10,2025,892.65
9576,80,Healthcare,10,2025,299.05
9577,80,Miscellaneous,10,2025,187.89
9578,80,Recharge & Utilities,10,2025,201.57
9579,80,Shopping,10,2025,1024.21
9580,80,Transportation,10,2025,4170.81
9581,80,Education,11,2025,947.52
9582,80,Entertainment,11,2025,897.03
9583,80,Food & Dining,11,2025,2111.17
9584,80,Friends & Family,11,2025,396.59
9585,80,Grocery,11,2025,898.71
9586,80,Healthcare,11,2025,265.9
9587,80,Miscellaneous,11,2025,184.44
9588,80,Recharge & Utilities,11,2025,189.37
9589,80,Shopping,11,2025,1062.04
9590,80,Transportation,11,2025,3570.37
9591,80,Education,12,2025,892.12
9592,80,Entertainment,12,2025,887.58
9593,80,Food & Dining,12,2025,1801.11
9594,80,Friends & Family,12,2025,436.99
9595,80,Grocery,12,2025,791.92
9596,80,Healthcare,12,2025,250.0
9597,80,Miscellaneous,12,2025,171.53
9598,80,Recharge & Utilities,12,2025,164.36
9599,80,Shopping,12,2025,877.71
9600,80,Transportation,12,2025,4302.03
9601,81,Education,1,2025,989.83
9602,81,Entertainment,1,2025,739.26
9603,81,Food & Dining,1,2025,1646.51
9604,81,Friends & Family,1,2025,387.39
9605,81,Grocery,1,2025,761.77
9606,81,Healthcare,1,2025,238.95
9607,81,Miscellaneous,1,2025,160.47
9608,81,Recharge & Utilities,1,2025,170.28
9609,81,Shopping,1,2025,789.53
9610,81,Transportation,1,2025,3676.75
9611,81,Education,2,2025,804.47
9612,81,Entertainment,2,2025,734.13
9613,81,Food & Dining,2,2025,1659.49
9614,81,Friends & Family,2,2025,391.59
9615,81,Grocery,2,2025,792.59
9616,81,Healthcare,2,2025,249.25
9617,81,Miscellaneous,2,2025,157.87
9618,81,Recharge & Utilities,2,2025,163.55
9619,81,Shopping,2,2025,843.74
9620,81,Transportation,2,2025,3320.86
9621,81,Education,3,2025,746.36
9622,81,Entertainment,3,2025,700.3
9623,81,Food & Dining,3,2025,1433.04
9624,81,Friends & Family,3,2025,365.89
9625,81,Grocery,3,2025,735.61
9626,81,Healthcare,3,2025,224.77
9627,81,Miscellaneous,3,2025,131.14
9628,81,Recharge & Utilities,3,2025,150.77
9629,81,Shopping,3,2025,644.5
9630,81,Transportation,3,2025,2907.18
9631,81,Education,4,2025,687.57
9632,81,Entertainment,4,2025,747.6
9633,81,Food & Dining,4,2025,1627.64
9634,81,Friends & Family,4,2025,354.21
9635,81,Grocery,4,2025,726.56
9636,81,Healthcare,4,2025,209.75
9637,81,Miscellaneous,4,2025,141.79
9638,81,Recharge & Utilities,4,2025,134.55
9639,81,Shopping,4,2025,747.27
9640,81,Transportation,4,2025,3205.19
9641,81,Education,5,2025,707.5
9642,81,Entertainment,5,2025,682.85
9643,81,Food & Dining,5,2025,1554.78
9644,81,Friends & Family,5,2025,321.93
9645,81,Grocery,5,2025,729.5
9646,81,Healthcare,5,2025,197.81
9647,81,Miscellaneous,5,2025,138.85
9648,81,Recharge & Utilities,5,2025,143.95
9649,81,Shopping,5,2025,651.43
9650,81,Transportation,5,2025,3354.92
9651,81,Education,6,2025,792.06
9652,81,Entertainment,6,2025,710.16
9653,81,Food & Dining,6,2025,1417.91
9654,81,Friends & Family,6,2025,359.0
9655,81,Grocery,6,2025,661.15
9656,81,Healthcare,6,2025,201.56
9657,81,Miscellaneous,6,2025,138.72
9658,81,Recharge & Utilities,6,2025,153.11
9659,81,Shopping,6,2025,672.3
9660,81,Transportation,6,2025,3972.92
9661,81,Education,7,2025,970.15
9662,81,Entertainment,7,2025,749.25
9663,81,Food & Dining,7,2025,1521.87
9664,81,Friends & Family,7,2025,441.15
9665,81,Grocery,7,2025,722.23
9666,81,Healthcare,7,2025,218.42
9667,81,Miscellaneous,7,2025,147.72
9668,81,Recharge & Utilities,7,2025,141.98
9669,81,Shopping,7,2025,796.73
9670,81,Transportation,7,2025,3566.95
9671,81,Education,8,2025,950.57
9672,81,Entertainment,8,2025,760.47
9673,81,Food & Dining,8,2025,1627.81
9674,81,Friends & Family,8,2025,377.34
9675,81,Grocery,8,2025,722.99
9676,81,Healthcare,8,2025,204.88
9677,81,Miscellaneous,8,2025,147.5
9678,81,Recharge & Utilities,8,2025,159.4
9679,81,Shopping,8,2025,793.79
9680,81,Transportation,8,2025,3268.22
9681,81,Education,9,2025,659.33
9682,81,Entertainment,9,2025,680.02
9683,81,Food & Dining,9,2025,1566.13
9684,81,Friends & Family,9,2025,373.85
9685,81,Grocery,9,2025,694.58
9686,81,Healthcare,9,2025,210.33
9687,81,Miscellaneous,9,2025,156.01
9688,81,Recharge & Utilities,9,2025,134.97
9689,81,Shopping,9,2025,738.44
9690,81,Transportation,9,2025,3203.44
9691,81,Education,10,2025,850.78
9692,81,Entertainment,10,2025,948.95
9693,81,Food & Dining,10,2025,1781.47
9694,81,Friends & Family,10,2025,426.45
9695,81,Grocery,10,2025,796.33
9696,81,Healthcare,10,2025,215.86
9697,81,Miscellaneous,10,2025,163.11
9698,81,Recharge & Utilities,10,2025,151.6
9699,81,Shopping,10,2025,1057.69
9700,81,Transportation,10,2025,3580.11
9701,81,Education,11,2025,696.66
9702,81,Entertainment,11,2025,776.32
9703,81,Food & Dining,11,2025,1663.28
9704,81,Friends & Family,11,2025,395.45
9705,81,Grocery,11,2025,681.93
9706,81,Healthcare,11,2025,237.49
9707,81,Miscellaneous,11,2025,160.54
9708,81,Recharge & Utilities,11,2025,156.7
9709,81,Shopping,11,2025,932.96
9710,81,Transportation,11,2025,3122.33
9711,81,Education,12,2025,749.27
9712,81,Entertainment,12,2025,769.98
9713,81,Food & Dining,12,2025,1458.46
9714,81,Friends & Family,12,2025,316.08
9715,81,Grocery,12,2025,625.16
9716,81,Healthcare,12,2025,203.8
9717,81,Miscellaneous,12,2025,144.75
9718,81,Recharge & Utilities,12,2025,149.47
9719,81,Shopping,12,2025,721.99
9720,81,Transportation,12,2025,3642.6
9721,82,Education,1,2025,632.71
9722,82,Entertainment,1,2025,557.69
9723,82,Food & Dining,1,2025,1370.03
9724,82,Friends & Family,1,2025,321.77
9725,82,Grocery,1,2025,586.07
9726,82,Healthcare,1,2025,172.19
9727,82,Miscellaneous,1,2025,126.67
9728,82,Recharge & Utilities,1,2025,118.87
9729,82,Shopping,1,2025,549.53
9730,82,Transportation,1,2025,2649.01
9731,82,Education,2,2025,471.55
9732,82,Entertainment,2,2025,486.36
9733,82,Food & Dining,2,2025,1004.27
9734,82,Friends & Family,2,2025,246.63
9735,82,Grocery,2,2025,482.36
9736,82,Healthcare,2,2025,163.17
9737,82,Miscellaneous,2,2025,100.0
9738,82,Recharge & Utilities,2,2025,107.74
9739,82,Shopping,2,2025,540.67
9740,82,Transportation,2,2025,2264.25
9741,82,Education,3,2025,472.85
9742,82,Entertainment,3,2025,478.84
9743,82,Food & Dining,3,2025,1083.15
9744,82,Friends & Family,3,2025,264.95
9745,82,Grocery,3,2025,466.43
9746,82,Healthcare,3,2025,161.93
9747,82,Miscellaneous,3,2025,107.21
9748,82,Recharge & Utilities,3,2025,111.8
9749,82,Shopping,3,2025,541.45
9750,82,Transportation,3,2025,2291.37
9751,82,Education,4,2025,501.07
9752,82,Entertainment,4,2025,491.85
9753,82,Food & Dining,4,2025,1168.39
9754,82,Friends & Family,4,2025,282.81
9755,82,Grocery,4,2025,556.97
9756,82,Healthcare,4,2025,158.43
9757,82,Miscellaneous,4,2025,101.82
9758,82,Recharge & Utilities,4,2025,106.13
9759,82,Shopping,4,2025,505.93
9760,82,Transportation,4,2025,2194.05
9761,82,Education,5,2025,466.18
9762,82,Entertainment,5,2025,479.97
9763,82,Food & Dining,5,2025,1139.79
9764,82,Friends & Family,5,2025,235.81
9765,82,Grocery,5,2025,462.35
9766,82,Healthcare,5,2025,155.32
9767,82,Miscellaneous,5,2025,103.27
9768,82,Recharge & Utilities,5,2025,114.26
9769,82,Shopping,5,2025,490.99
9770,82,Transportation,5,2025,2589.71
9771,82,Education,6,2025,532.74
9772,82,Entertainment,6,2025,539.29
9773,82,Food & Dining,6,2025,1252.22
9774,82,Friends & Family,6,2025,246.6
9775,82,Grocery,6,2025,497.44
9776,82,Healthcare,6,2025,155.31
9777,82,Miscellaneous,6,2025,100.0
9778,82,Recharge & Utilities,6,2025,107.4
9779,82,Shopping,6,2025,504.61
9780,82,Transportation,6,2025,3012.26
9781,82,Education,7,2025,707.24
9782,82,Entertainment,7,2025,511.06
9783,82,Food & Dining,7,2025,1060.19
9784,82,Friends & Family,7,2025,273.62
9785,82,Grocery,7,2025,565.53
9786,82,Healthcare,7,2025,175.9
9787,82,Miscellaneous,7,2025,100.0
9788,82,Recharge & Utilities,7,2025,113.48
9789,82,Shopping,7,2025,525.39
9790,82,Transportation,7,2025,2667.75
9791,82,Education,8,2025,663.6
9792,82,Entertainment,8,2025,495.0
9793,82,Food & Dining,8,2025,1179.71
9794,82,Friends & Family,8,2025,268.44
9795,82,Grocery,8,2025,607.81
9796,82,Healthcare,8,2025,173.4
9797,82,Miscellaneous,8,2025,110.02
9798,82,Recharge & Utilities,8,2025,120.52
9799,82,Shopping,8,2025,560.38
9800,82,Transportation,8,2025,2550.01
9801,82,Education,9,2025,560.74
9802,82,Entertainment,9,2025,502.95
9803,82,Food & Dining,9,2025,1171.68
9804,82,Friends & Family,9,2025,250.85
9805,82,Grocery,9,2025,509.22
9806,82,Healthcare,9,2025,152.14
9807,82,Miscellaneous,9,2025,121.19
9808,82,Recharge & Utilities,9,2025,107.48
9809,82,Shopping,9,2025,592.62
9810,82,Transportation,9,2025,2629.2
9811,82,Education,10,2025,477.44
9812,82,Entertainment,10,2025,529.81
9813,82,Food & Dining,10,2025,1128.23
9814,82,Friends & Family,10,2025,285.29
9815,82,Grocery,10,2025,561.85
9816,82,Healthcare,10,2025,171.71
9817,82,Miscellaneous,10,2025,100.0
9818,82,Recharge & Utilities,10,2025,106.86
9819,82,Shopping,10,2025,595.95
9820,82,Transportation,10,2025,2271.54
9821,82,Education,11,2025,633.91
9822,82,Entertainment,11,2025,677.07
9823,82,Food & Dining,11,2025,1302.59
9824,82,Friends & Family,11,2025,312.01
9825,82,Grocery,11,2025,576.71
9826,82,Healthcare,11,2025,187.5
9827,82,Miscellaneous,11,2025,123.81
9828,82,Recharge & Utilities,11,2025,120.78
9829,82,Shopping,11,2025,736.37
9830,82,Transportation,11,2025,2661.41
9831,82,Education,12,2025,481.38
9832,82,Entertainment,12,2025,535.59
9833,82,Food & Dining,12,2025,1177.34
9834,82,Friends & Family,12,2025,267.17
9835,82,Grocery,12,2025,544.26
9836,82,Healthcare,12,2025,150.77
9837,82,Miscellaneous,12,2025,100.0
9838,82,Recharge & Utilities,12,2025,100.85
9839,82,Shopping,12,2025,519.42
9840,82,Transportation,12,2025,2977.95
9841,83,Education,1,2025,734.14
9842,83,Entertainment,1,2025,706.88
9843,83,Food & Dining,1,2025,1469.8
9844,83,Friends & Family,1,2025,301.05
9845,83,Grocery,1,2025,583.04
9846,83,Healthcare,1,2025,198.37
9847,83,Miscellaneous,1,2025,139.05
9848,83,Recharge & Utilities,1,2025,138.5
9849,83,Shopping,1,2025,679.72
9850,83,Transportation,1,2025,3033.14
9851,83,Education,2,2025,689.17
9852,83,Entertainment,2,2025,714.14
9853,83,Food & Dining,2,2025,1268.55
9854,83,Friends & Family,2,2025,309.38
9855,83,Grocery,2,2025,678.7
9856,83,Healthcare,2,2025,189.91
9857,83,Miscellaneous,2,2025,139.31
9858,83,Recharge & Utilities,2,2025,123.72
9859,83,Shopping,2,2025,704.35
9860,83,Transportation,2,2025,3197.39
9861,83,Education,3,2025,576.91
9862,83,Entertainment,3,2025,628.16
9863,83,Food & Dining,3,2025,1423.65
9864,83,Friends & Family,3,2025,330.2
9865,83,Grocery,3,2025,685.24
9866,83,Healthcare,3,2025,170.22
9867,83,Miscellaneous,3,2025,117.99
9868,83,Recharge & Utilities,3,2025,129.76
9869,83,Shopping,3,2025,584.47
9870,83,Transportation,3,2025,2550.31
9871,83,Education,4,2025,668.81
9872,83,Entertainment,4,2025,645.73
9873,83,Food & Dining,4,2025,1510.72
9874,83,Friends & Family,4,2025,343.49
9875,83,Grocery,4,2025,738.43
9876,83,Healthcare,4,2025,214.51
9877,83,Miscellaneous,4,2025,127.5
9878,83,Recharge & Utilities,4,2025,125.92
9879,83,Shopping,4,2025,700.56
9880,83,Transportation,4,2025,3130.79
9881,83,Education,5,2025,622.87
9882,83,Entertainment,5,2025,639.02
9883,83,Food & Dining,5,2025,1278.99
9884,83,Friends & Family,5,2025,272.06
9885,83,Grocery,5,2025,536.65
9886,83,Healthcare,5,2025,197.96
9887,83,Miscellaneous,5,2025,111.77
9888,83,Recharge & Utilities,5,2025,107.95
9889,83,Shopping,5,2025,609.36
9890,83,Transportation,5,2025,3166.77
9891,83,Education,6,2025,679.79
9892,83,Entertainment,6,2025,606.01
9893,83,Food & Dining,6,2025,1372.68
9894,83,Friends & Family,6,2025,306.02
9895,83,Grocery,6,2025,673.25
9896,83,Healthcare,6,2025,202.74
9897,83,Miscellaneous,6,2025,125.68
9898,83,Recharge & Utilities,6,2025,120.65
9899,83,Shopping,6,2025,577.78
9900,83,Transportation,6,2025,3196.18
9901,83,Education,7,2025,854.05
9902,83,Entertainment,7,2025,722.82
9903,83,Food & Dining,7,2025,1511.79
9904,83,Friends & Family,7,2025,337.78
9905,83,Grocery,7,2025,699.73
9906,83,Healthcare,7,2025,223.75
9907,83,Miscellaneous,7,2025,145.23
9908,83,Recharge & Utilities,7,2025,143.26
9909,83,Shopping,7,2025,736.85
9910,83,Transportation,7,2025,2949.79
9911,83,Education,8,2025,777.59
9912,83,Entertainment,8,2025,608.75
9913,83,Food & Dining,8,2025,1363.57
9914,83,Friends & Family,8,2025,311.11
9915,83,Grocery,8,2025,543.06
9916,83,Healthcare,8,2025,174.2
9917,83,Miscellaneous,8,2025,117.19
9918,83,Recharge & Utilities,8,2025,111.96
9919,83,Shopping,8,2025,619.62
9920,83,Transportation,8,2025,2853.65
9921,83,Education,9,2025,645.27
9922,83,Entertainment,9,2025,656.4
9923,83,Food & Dining,9,2025,1330.4
9924,83,Friends & Family,9,2025,291.59
9925,83,Grocery,9,2025,578.86
9926,83,Healthcare,9,2025,194.08
9927,83,Miscellaneous,9,2025,128.14
9928,83,Recharge & Utilities,9,2025,116.46
9929,83,Shopping,9,2025,689.5
9930,83,Transportation,9,2025,2534.2
9931,83,Education,10,2025,673.1
9932,83,Entertainment,10,2025,685.5
9933,83,Food & Dining,10,2025,1638.81
9934,83,Friends & Family,10,2025,301.86
9935,83,Grocery,10,2025,609.84
9936,83,Healthcare,10,2025,217.23
9937,83,Miscellaneous,10,2025,129.23
9938,83,Recharge & Utilities,10,2025,135.82
9939,83,Shopping,10,2025,777.65
9940,83,Transportation,10,2025,3136.77
9941,83,Education,11,2025,773.62
9942,83,Entertainment,11,2025,827.26
9943,83,Food & Dining,11,2025,1569.41
9944,83,Friends & Family,11,2025,382.6
9945,83,Grocery,11,2025,645.22
9946,83,Healthcare,11,2025,204.04
9947,83,Miscellaneous,11,2025,140.97
9948,83,Recharge & Utilities,11,2025,146.04
9949,83,Shopping,11,2025,837.64
9950,83,Transportation,11,2025,2949.26
9951,83,Education,12,2025,663.89
9952,83,Entertainment,12,2025,648.17
9953,83,Food & Dining,12,2025,1233.36
9954,83,Friends & Family,12,2025,294.35
9955,83,Grocery,12,2025,592.91
9956,83,Healthcare,12,2025,166.4
9957,83,Miscellaneous,12,2025,127.29
9958,83,Recharge & Utilities,12,2025,121.47
9959,83,Shopping,12,2025,648.46
9960,83,Transportation,12,2025,2981.7
9961,84,Education,1,2025,780.6
9962,84,Entertainment,1,2025,738.77
9963,84,Food & Dining,1,2025,1442.33
9964,84,Friends & Family,1,2025,398.69
9965,84,Grocery,1,2025,785.54
9966,84,Healthcare,1,2025,201.59
9967,84,Miscellaneous,1,2025,151.43
9968,84,Recharge & Utilities,1,2025,149.96
9969,84,Shopping,1,2025,741.87
9970,84,Transportation,1,2025,3092.83
9971,84,Education,2,2025,676.03
9972,84,Entertainment,2,2025,725.12
9973,84,Food & Dining,2,2025,1582.74
9974,84,Friends & Family,2,2025,358.12
9975,84,Grocery,2,2025,672.36
9976,84,Healthcare,2,2025,224.83
9977,84,Miscellaneous,2,2025,137.42
9978,84,Recharge & Utilities,2,2025,136.17
9979,84,Shopping,2,2025,780.54
9980,84,Transportation,2,2025,3127.18
9981,84,Education,3,2025,634.24
9982,84,Entertainment,3,2025,761.17
9983,84,Food & Dining,3,2025,1482.39
9984,84,Friends & Family,3,2025,344.87
9985,84,Grocery,3,2025,677.9
9986,84,Healthcare,3,2025,220.36
9987,84,Miscellaneous,3,2025,153.56
9988,84,Recharge & Utilities,3,2025,134.44
9989,84,Shopping,3,2025,643.85
9990,84,Transportation,3,2025,3072.62
9991,84,Education,4,2025,796.24
9992,84,Entertainment,4,2025,796.02
9993,84,Food & Dining,4,2025,1685.01
9994,84,Friends & Family,4,2025,366.94
9995,84,Grocery,4,2025,706.26
9996,84,Healthcare,4,2025,205.72
9997,84,Miscellaneous,4,2025,141.88
9998,84,Recharge & Utilities,4,2025,149.11
9999,84,Shopping,4,2025,741.14
10000,84,Transportation,4,2025,2940.02
10001,84,Education,5,2025,609.62
10002,84,Entertainment,5,2025,611.1
10003,84,Food & Dining,5,2025,1260.35
10004,84,Friends & Family,5,2025,324.45
10005,84,Grocery,5,2025,688.32
10006,84,Healthcare,5,2025,179.23
10007,84,Miscellaneous,5,2025,138.28
10008,84,Recharge & Utilities,5,2025,118.19
10009,84,Shopping,5,2025,712.88
10010,84,Transportation,5,2025,3145.12
10011,84,Education,6,2025,668.1
10012,84,Entertainment,6,2025,629.31
10013,84,Food & Dining,6,2025,1348.58
10014,84,Friends & Family,6,2025,306.57
10015,84,Grocery,6,2025,714.17
10016,84,Healthcare,6,2025,203.55
10017,84,Miscellaneous,6,2025,119.27
10018,84,Recharge & Utilities,6,2025,137.04
10019,84,Shopping,6,2025,677.14
10020,84,Transportation,6,2025,3186.1
10021,84,Education,7,2025,844.85
10022,84,Entertainment,7,2025,827.76
10023,84,Food & Dining,7,2025,1577.18
10024,84,Friends & Family,7,2025,371.28
10025,84,Grocery,7,2025,678.38
10026,84,Healthcare,7,2025,205.1
10027,84,Miscellaneous,7,2025,154.78
10028,84,Recharge & Utilities,7,2025,151.24
10029,84,Shopping,7,2025,698.59
10030,84,Transportation,7,2025,3357.02
10031,84,Education,8,2025,863.71
10032,84,Entertainment,8,2025,679.81
10033,84,Food & Dining,8,2025,1507.58
10034,84,Friends & Family,8,2025,290.62
10035,84,Grocery,8,2025,712.51
10036,84,Healthcare,8,2025,206.06
10037,84,Miscellaneous,8,2025,135.37
10038,84,Recharge & Utilities,8,2025,120.03
10039,84,Shopping,8,2025,625.55
10040,84,Transportation,8,2025,2716.8
10041,84,Education,9,2025,771.02
10042,84,Entertainment,9,2025,757.55
10043,84,Food & Dining,9,2025,1611.87
10044,84,Friends & Family,9,2025,344.59
10045,84,Grocery,9,2025,678.55
10046,84,Healthcare,9,2025,210.97
10047,84,Miscellaneous,9,2025,148.43
10048,84,Recharge & Utilities,9,2025,144.52
10049,84,Shopping,9,2025,649.17
10050,84,Transportation,9,2025,3013.75
10051,84,Education,10,2025,751.13
10052,84,Entertainment,10,2025,831.3
10053,84,Food & Dining,10,2025,1534.87
10054,84,Friends & Family,10,2025,366.67
10055,84,Grocery,10,2025,735.59
10056,84,Healthcare,10,2025,196.41
10057,84,Miscellaneous,10,2025,147.69
10058,84,Recharge & Utilities,10,2025,137.07
10059,84,Shopping,10,2025,770.61
10060,84,Transportation,10,2025,2849.4
10061,84,Education,11,2025,754.34
10062,84,Entertainment,11,2025,732.46
10063,84,Food & Dining,11,2025,1745.87
10064,84,Friends & Family,11,2025,378.26
10065,84,Grocery,11,2025,835.96
10066,84,Healthcare,11,2025,219.89
10067,84,Miscellaneous,11,2025,136.26
10068,84,Recharge & Utilities,11,2025,154.67
10069,84,Shopping,11,2025,1016.48
10070,84,Transportation,11,2025,2956.71
10071,84,Education,12,2025,624.22
10072,84,Entertainment,12,2025,702.23
10073,84,Food & Dining,12,2025,1505.8
10074,84,Friends & Family,12,2025,318.05
10075,84,Grocery,12,2025,595.63
10076,84,Healthcare,12,2025,195.51
10077,84,Miscellaneous,12,2025,130.75
10078,84,Recharge & Utilities,12,2025,128.77
10079,84,Shopping,12,2025,663.19
10080,84,Transportation,12,2025,3338.89
10081,85,Education,1,2025,1045.66
10082,85,Entertainment,1,2025,883.35
10083,85,Food & Dining,1,2025,2017.16
10084,85,Friends & Family,1,2025,419.48
10085,85,Grocery,1,2025,929.26
10086,85,Healthcare,1,2025,284.1
10087,85,Miscellaneous,1,2025,172.35
10088,85,Recharge & Utilities,1,2025,180.49
10089,85,Shopping,1,2025,863.28
10090,85,Transportation,1,2025,3581.28
10091,85,Education,2,2025,986.37
10092,85,Entertainment,2,2025,927.2
10093,85,Food & Dining,2,2025,2014.16
10094,85,Friends & Family,2,2025,434.47
10095,85,Grocery,2,2025,914.25
10096,85,Healthcare,2,2025,254.89
10097,85,Miscellaneous,2,2025,166.32
10098,85,Recharge & Utilities,2,2025,175.67
10099,85,Shopping,2,2025,907.51
10100,85,Transportation,2,2025,3953.71
10101,85,Education,3,2025,959.78
10102,85,Entertainment,3,2025,858.19
10103,85,Food & Dining,3,2025,2028.45
10104,85,Friends & Family,3,2025,470.43
10105,85,Grocery,3,2025,971.61
10106,85,Healthcare,3,2025,293.77
10107,85,Miscellaneous,3,2025,185.94
10108,85,Recharge & Utilities,3,2025,189.49
10109,85,Shopping,3,2025,917.29
10110,85,Transportation,3,2025,3785.5
10111,85,Education,4,2025,855.53
10112,85,Entertainment,4,2025,889.75
10113,85,Food & Dining,4,2025,1655.44
10114,85,Friends & Family,4,2025,433.2
10115,85,Grocery,4,2025,812.59
10116,85,Healthcare,4,2025,236.26
10117,85,Miscellaneous,4,2025,186.24
10118,85,Recharge & Utilities,4,2025,161.36
10119,85,Shopping,4,2025,939.53
10120,85,Transportation,4,2025,3638.56
10121,85,Education,5,2025,836.72
10122,85,Entertainment,5,2025,875.29
10123,85,Food & Dining,5,2025,1730.19
10124,85,Friends & Family,5,2025,494.27
10125,85,Grocery,5,2025,876.34
10126,85,Healthcare,5,2025,255.08
10127,85,Miscellaneous,5,2025,174.11
10128,85,Recharge & Utilities,5,2025,172.66
10129,85,Shopping,5,2025,952.65
10130,85,Transportation,5,2025,4545.31
10131,85,Education,6,2025,802.66
10132,85,Entertainment,6,2025,827.37
10133,85,Food & Dining,6,2025,1845.19
10134,85,Friends & Family,6,2025,409.52
10135,85,Grocery,6,2025,812.75
10136,85,Healthcare,6,2025,281.12
10137,85,Miscellaneous,6,2025,169.44
10138,85,Recharge & Utilities,6,2025,154.34
10139,85,Shopping,6,2025,848.25
10140,85,Transportation,6,2025,4669.81
10141,85,Education,7,2025,1063.49
10142,85,Entertainment,7,2025,1076.13
10143,85,Food & Dining,7,2025,2028.76
10144,85,Friends & Family,7,2025,543.74
10145,85,Grocery,7,2025,894.38
10146,85,Healthcare,7,2025,268.79
10147,85,Miscellaneous,7,2025,206.72
10148,85,Recharge & Utilities,7,2025,176.23
10149,85,Shopping,7,2025,890.06
10150,85,Transportation,7,2025,4259.89
10151,85,Education,8,2025,1175.87
10152,85,Entertainment,8,2025,884.56
10153,85,Food & Dining,8,2025,1711.8
10154,85,Friends & Family,8,2025,433.27
10155,85,Grocery,8,2025,926.7
10156,85,Healthcare,8,2025,262.4
10157,85,Miscellaneous,8,2025,178.42
10158,85,Recharge & Utilities,8,2025,171.42
10159,85,Shopping,8,2025,912.85
10160,85,Transportation,8,2025,3810.99
10161,85,Education,9,2025,986.74
10162,85,Entertainment,9,2025,1003.97
10163,85,Food & Dining,9,2025,1853.14
10164,85,Friends & Family,9,2025,457.84
10165,85,Grocery,9,2025,842.17
10166,85,Healthcare,9,2025,252.04
10167,85,Miscellaneous,9,2025,174.09
10168,85,Recharge & Utilities,9,2025,201.8
10169,85,Shopping,9,2025,893.95
10170,85,Transportation,9,2025,4506.63
10171,85,Education,10,2025,1076.92
10172,85,Entertainment,10,2025,1085.06
10173,85,Food & Dining,10,2025,2247.8
10174,85,Friends & Family,10,2025,474.64
10175,85,Grocery,10,2025,882.4
10176,85,Healthcare,10,2025,316.96
10177,85,Miscellaneous,10,2025,213.57
10178,85,Recharge & Utilities,10,2025,212.14
10179,85,Shopping,10,2025,1229.47
10180,85,Transportation,10,2025,4004.01
10181,85,Education,11,2025,1048.91
10182,85,Entertainment,11,2025,1010.66
10183,85,Food & Dining,11,2025,2240.6
10184,85,Friends & Family,11,2025,489.35
10185,85,Grocery,11,2025,930.44
10186,85,Healthcare,11,2025,296.81
10187,85,Miscellaneous,11,2025,190.63
10188,85,Recharge & Utilities,11,2025,191.96
10189,85,Shopping,11,2025,1272.94
10190,85,Transportation,11,2025,3799.96
10191,85,Education,12,2025,950.33
10192,85,Entertainment,12,2025,879.39
10193,85,Food & Dining,12,2025,1765.77
10194,85,Friends & Family,12,2025,455.14
10195,85,Grocery,12,2025,837.49
10196,85,Healthcare,12,2025,261.49
10197,85,Miscellaneous,12,2025,170.36
10198,85,Recharge & Utilities,12,2025,190.81
10199,85,Shopping,12,2025,1000.27
10200,85,Transportation,12,2025,5043.66
10201,86,Education,1,2025,483.47
10202,86,Entertainment,1,2025,1399.69
10203,86,Food & Dining,1,2025,1777.45
10204,86,Friends & Family,1,2025,426.17
10205,86,Grocery,1,2025,915.17
10206,86,Healthcare,1,2025,157.7
10207,86,Miscellaneous,1,2025,174.4
10208,86,Recharge & Utilities,1,2025,267.16
10209,86,Shopping,1,2025,4098.22
10210,86,Transportation,1,2025,470.82
10211,86,Education,2,2025,461.17
10212,86,Entertainment,2,2025,1533.42
10213,86,Food & Dining,2,2025,1761.88
10214,86,Friends & Family,2,2025,421.56
10215,86,Grocery,2,2025,921.21
10216,86,Healthcare,2,2025,180.72
10217,86,Miscellaneous,2,2025,194.34
10218,86,Recharge & Utilities,2,2025,252.9
10219,86,Shopping,2,2025,4619.38
10220,86,Transportation,2,2025,421.33
10221,86,Education,3,2025,414.15
10222,86,Entertainment,3,2025,1424.79
10223,86,Food & Dining,3,2025,2060.11
10224,86,Friends & Family,3,2025,413.21
10225,86,Grocery,3,2025,860.1
10226,86,Healthcare,3,2025,174.57
10227,86,Miscellaneous,3,2025,188.46
10228,86,Recharge & Utilities,3,2025,277.33
10229,86,Shopping,3,2025,4533.11
10230,86,Transportation,3,2025,484.5
10231,86,Education,4,2025,352.6
10232,86,Entertainment,4,2025,1381.28
10233,86,Food & Dining,4,2025,1553.21
10234,86,Friends & Family,4,2025,423.55
10235,86,Grocery,4,2025,801.57
10236,86,Healthcare,4,2025,171.75
10237,86,Miscellaneous,4,2025,167.96
10238,86,Recharge & Utilities,4,2025,248.35
10239,86,Shopping,4,2025,3936.25
10240,86,Transportation,4,2025,373.94
10241,86,Education,5,2025,403.03
10242,86,Entertainment,5,2025,1251.53
10243,86,Food & Dining,5,2025,1786.06
10244,86,Friends & Family,5,2025,423.87
10245,86,Grocery,5,2025,864.25
10246,86,Healthcare,5,2025,175.2
10247,86,Miscellaneous,5,2025,164.29
10248,86,Recharge & Utilities,5,2025,260.64
10249,86,Shopping,5,2025,4430.44
10250,86,Transportation,5,2025,500.73
10251,86,Education,6,2025,434.11
10252,86,Entertainment,6,2025,1264.9
10253,86,Food & Dining,6,2025,1716.27
10254,86,Friends & Family,6,2025,405.2
10255,86,Grocery,6,2025,780.31
10256,86,Healthcare,6,2025,175.26
10257,86,Miscellaneous,6,2025,159.93
10258,86,Recharge & Utilities,6,2025,237.25
10259,86,Shopping,6,2025,3785.8
10260,86,Transportation,6,2025,491.55
10261,86,Education,7,2025,506.29
10262,86,Entertainment,7,2025,1404.79
10263,86,Food & Dining,7,2025,1763.44
10264,86,Friends & Family,7,2025,462.32
10265,86,Grocery,7,2025,767.42
10266,86,Healthcare,7,2025,176.62
10267,86,Miscellaneous,7,2025,168.25
10268,86,Recharge & Utilities,7,2025,262.1
10269,86,Shopping,7,2025,4438.1
10270,86,Transportation,7,2025,453.14
10271,86,Education,8,2025,528.49
10272,86,Entertainment,8,2025,1530.67
10273,86,Food & Dining,8,2025,1905.43
10274,86,Friends & Family,8,2025,468.22
10275,86,Grocery,8,2025,855.86
10276,86,Healthcare,8,2025,183.29
10277,86,Miscellaneous,8,2025,178.46
10278,86,Recharge & Utilities,8,2025,287.76
10279,86,Shopping,8,2025,4829.86
10280,86,Transportation,8,2025,426.3
10281,86,Education,9,2025,374.9
10282,86,Entertainment,9,2025,1356.11
10283,86,Food & Dining,9,2025,1728.09
10284,86,Friends & Family,9,2025,427.72
10285,86,Grocery,9,2025,778.65
10286,86,Healthcare,9,2025,164.92
10287,86,Miscellaneous,9,2025,160.35
10288,86,Recharge & Utilities,9,2025,246.32
10289,86,Shopping,9,2025,4256.41
10290,86,Transportation,9,2025,462.63
10291,86,Education,10,2025,356.05
10292,86,Entertainment,10,2025,1520.51
10293,86,Food & Dining,10,2025,1932.64
10294,86,Friends & Family,10,2025,410.97
10295,86,Grocery,10,2025,816.08
10296,86,Healthcare,10,2025,151.7
10297,86,Miscellaneous,10,2025,158.24
10298,86,Recharge & Utilities,10,2025,222.43
10299,86,Shopping,10,2025,4677.93
10300,86,Transportation,10,2025,361.56
10301,86,Education,11,2025,395.14
10302,86,Entertainment,11,2025,1530.41
10303,86,Food & Dining,11,2025,1912.1
10304,86,Friends & Family,11,2025,388.79
10305,86,Grocery,11,2025,685.29
10306,86,Healthcare,11,2025,138.41
10307,86,Miscellaneous,11,2025,153.07
10308,86,Recharge & Utilities,11,2025,248.78
10309,86,Shopping,11,2025,4151.3
10310,86,Transportation,11,2025,348.31
10311,86,Education,12,2025,437.89
10312,86,Entertainment,12,2025,1682.09
10313,86,Food & Dining,12,2025,1928.27
10314,86,Friends & Family,12,2025,416.21
10315,86,Grocery,12,2025,839.86
10316,86,Healthcare,12,2025,189.27
10317,86,Miscellaneous,12,2025,181.47
10318,86,Recharge & Utilities,12,2025,244.27
10319,86,Shopping,12,2025,4235.99
10320,86,Transportation,12,2025,528.8
10321,87,Education,1,2025,672.09
10322,87,Entertainment,1,2025,2123.89
10323,87,Food & Dining,1,2025,2367.61
10324,87,Friends & Family,1,2025,653.04
10325,87,Grocery,1,2025,1167.39
10326,87,Healthcare,1,2025,220.92
10327,87,Miscellaneous,1,2025,232.37
10328,87,Recharge & Utilities,1,2025,369.88
10329,87,Shopping,1,2025,6149.54
10330,87,Transportation,1,2025,655.08
10331,87,Education,2,2025,511.18
10332,87,Entertainment,2,2025,1994.76
10333,87,Food & Dining,2,2025,2584.27
10334,87,Friends & Family,2,2025,604.0
10335,87,Grocery,2,2025,1033.26
10336,87,Healthcare,2,2025,233.16
10337,87,Miscellaneous,2,2025,210.48
10338,87,Recharge & Utilities,2,2025,377.65
10339,87,Shopping,2,2025,6051.53
10340,87,Transportation,2,2025,604.26
10341,87,Education,3,2025,523.11
10342,87,Entertainment,3,2025,1733.08
10343,87,Food & Dining,3,2025,2549.01
10344,87,Friends & Family,3,2025,599.44
10345,87,Grocery,3,2025,1192.45
10346,87,Healthcare,3,2025,222.26
10347,87,Miscellaneous,3,2025,233.7
10348,87,Recharge & Utilities,3,2025,367.43
10349,87,Shopping,3,2025,6036.95
10350,87,Transportation,3,2025,558.93
10351,87,Education,4,2025,603.29
10352,87,Entertainment,4,2025,1841.45
10353,87,Food & Dining,4,2025,2274.15
10354,87,Friends & Family,4,2025,521.34
10355,87,Grocery,4,2025,1095.87
10356,87,Healthcare,4,2025,220.21
10357,87,Miscellaneous,4,2025,247.68
10358,87,Recharge & Utilities,4,2025,375.67
10359,87,Shopping,4,2025,5583.25
10360,87,Transportation,4,2025,596.82
10361,87,Education,5,2025,542.7
10362,87,Entertainment,5,2025,2055.51
10363,87,Food & Dining,5,2025,2658.27
10364,87,Friends & Family,5,2025,615.79
10365,87,Grocery,5,2025,1079.37
10366,87,Healthcare,5,2025,224.82
10367,87,Miscellaneous,5,2025,246.61
10368,87,Recharge & Utilities,5,2025,351.35
10369,87,Shopping,5,2025,6040.86
10370,87,Transportation,5,2025,744.25
10371,87,Education,6,2025,610.85
10372,87,Entertainment,6,2025,1783.98
10373,87,Food & Dining,6,2025,2798.01
10374,87,Friends & Family,6,2025,652.49
10375,87,Grocery,6,2025,1212.13
10376,87,Healthcare,6,2025,245.56
10377,87,Miscellaneous,6,2025,213.85
10378,87,Recharge & Utilities,6,2025,316.14
10379,87,Shopping,6,2025,5555.45
10380,87,Transportation,6,2025,748.33
10381,87,Education,7,2025,643.29
10382,87,Entertainment,7,2025,1675.35
10383,87,Food & Dining,7,2025,2463.25
10384,87,Friends & Family,7,2025,585.84
10385,87,Grocery,7,2025,1104.42
10386,87,Healthcare,7,2025,241.3
10387,87,Miscellaneous,7,2025,208.47
10388,87,Recharge & Utilities,7,2025,297.59
10389,87,Shopping,7,2025,5009.38
10390,87,Transportation,7,2025,560.55
10391,87,Education,8,2025,605.07
10392,87,Entertainment,8,2025,1939.23
10393,87,Food & Dining,8,2025,2089.35
10394,87,Friends & Family,8,2025,590.42
10395,87,Grocery,8,2025,1122.91
10396,87,Healthcare,8,2025,214.37
10397,87,Miscellaneous,8,2025,217.22
10398,87,Recharge & Utilities,8,2025,298.29
10399,87,Shopping,8,2025,5104.36
10400,87,Transportation,8,2025,553.67
10401,87,Education,9,2025,565.77
10402,87,Entertainment,9,2025,1988.49
10403,87,Food & Dining,9,2025,2228.76
10404,87,Friends & Family,9,2025,573.66
10405,87,Grocery,9,2025,1012.14
10406,87,Healthcare,9,2025,245.85
10407,87,Miscellaneous,9,2025,228.97
10408,87,Recharge & Utilities,9,2025,366.03
10409,87,Shopping,9,2025,5588.2
10410,87,Transportation,9,2025,596.86
10411,87,Education,10,2025,518.01
10412,87,Entertainment,10,2025,1854.78
10413,87,Food & Dining,10,2025,2329.63
10414,87,Friends & Family,10,2025,506.08
10415,87,Grocery,10,2025,1066.67
10416,87,Healthcare,10,2025,217.68
10417,87,Miscellaneous,10,2025,216.95
10418,87,Recharge & Utilities,10,2025,310.54
10419,87,Shopping,10,2025,7170.6
10420,87,Transportation,10,2025,534.75
10421,87,Education,11,2025,541.72
10422,87,Entertainment,11,2025,2036.66
10423,87,Food & Dining,11,2025,2600.84
10424,87,Friends & Family,11,2025,528.73
10425,87,Grocery,11,2025,994.34
10426,87,Healthcare,11,2025,220.52
10427,87,Miscellaneous,11,2025,187.4
10428,87,Recharge & Utilities,11,2025,314.34
10429,87,Shopping,11,2025,5997.32
10430,87,Transportation,11,2025,545.0
10431,87,Education,12,2025,569.77
10432,87,Entertainment,12,2025,2097.89
10433,87,Food & Dining,12,2025,2488.12
10434,87,Friends & Family,12,2025,617.31
10435,87,Grocery,12,2025,1285.75
10436,87,Healthcare,12,2025,252.6
10437,87,Miscellaneous,12,2025,266.64
10438,87,Recharge & Utilities,12,2025,408.0
10439,87,Shopping,12,2025,6037.95
10440,87,Transportation,12,2025,728.41
10441,88,Education,1,2025,916.02
10442,88,Entertainment,1,2025,2713.81
10443,88,Food & Dining,1,2025,3182.57
10444,88,Friends & Family,1,2025,747.29
10445,88,Grocery,1,2025,1614.73
10446,88,Healthcare,1,2025,296.53
10447,88,Miscellaneous,1,2025,317.61
10448,88,Recharge & Utilities,1,2025,461.92
10449,88,Shopping,1,2025,7183.75
10450,88,Transportation,1,2025,746.3
10451,88,Education,2,2025,663.57
10452,88,Entertainment,2,2025,2274.79
10453,88,Food & Dining,2,2025,3195.42
10454,88,Friends & Family,2,2025,756.14
10455,88,Grocery,2,2025,1399.99
10456,88,Healthcare,2,2025,313.27
10457,88,Miscellaneous,2,2025,300.97
10458,88,Recharge & Utilities,2,2025,478.85
10459,88,Shopping,2,2025,6988.62
10460,88,Transportation,2,2025,679.54
10461,88,Education,3,2025,725.87
10462,88,Entertainment,3,2025,2274.27
10463,88,Food & Dining,3,2025,2994.67
10464,88,Friends & Family,3,2025,714.96
10465,88,Grocery,3,2025,1297.7
10466,88,Healthcare,3,2025,273.69
10467,88,Miscellaneous,3,2025,279.74
10468,88,Recharge & Utilities,3,2025,433.9
10469,88,Shopping,3,2025,7040.19
10470,88,Transportation,3,2025,660.44
10471,88,Education,4,2025,704.62
10472,88,Entertainment,4,2025,2374.79
10473,88,Food & Dining,4,2025,3377.6
10474,88,Friends & Family,4,2025,693.02
10475,88,Grocery,4,2025,1373.96
10476,88,Healthcare,4,2025,280.19
10477,88,Miscellaneous,4,2025,271.37
10478,88,Recharge & Utilities,4,2025,412.49
10479,88,Shopping,4,2025,7376.1
10480,88,Transportation,4,2025,769.71
10481,88,Education,5,2025,739.03
10482,88,Entertainment,5,2025,2814.24
10483,88,Food & Dining,5,2025,3260.04
10484,88,Friends & Family,5,2025,720.62
10485,88,Grocery,5,2025,1442.73
10486,88,Healthcare,5,2025,303.03
10487,88,Miscellaneous,5,2025,308.6
10488,88,Recharge & Utilities,5,2025,411.17
10489,88,Shopping,5,2025,7122.89
10490,88,Transportation,5,2025,856.26
10491,88,Education,6,2025,720.93
10492,88,Entertainment,6,2025,2520.37
10493,88,Food & Dining,6,2025,2801.13
10494,88,Friends & Family,6,2025,684.56
10495,88,Grocery,6,2025,1298.16
10496,88,Healthcare,6,2025,264.48
10497,88,Miscellaneous,6,2025,277.89
10498,88,Recharge & Utilities,6,2025,429.07
10499,88,Shopping,6,2025,7927.79
10500,88,Transportation,6,2025,947.93
10501,88,Education,7,2025,987.29
10502,88,Entertainment,7,2025,2308.53
10503,88,Food & Dining,7,2025,3344.56
10504,88,Friends & Family,7,2025,743.47
10505,88,Grocery,7,2025,1360.31
10506,88,Healthcare,7,2025,277.54
10507,88,Miscellaneous,7,2025,297.73
10508,88,Recharge & Utilities,7,2025,411.11
10509,88,Shopping,7,2025,7977.96
10510,88,Transportation,7,2025,725.03
10511,88,Education,8,2025,867.88
10512,88,Entertainment,8,2025,2300.67
10513,88,Food & Dining,8,2025,2590.64
10514,88,Friends & Family,8,2025,650.88
10515,88,Grocery,8,2025,1324.81
10516,88,Healthcare,8,2025,241.48
10517,88,Miscellaneous,8,2025,283.85
10518,88,Recharge & Utilities,8,2025,401.82
10519,88,Shopping,8,2025,7079.39
10520,88,Transportation,8,2025,685.28
10521,88,Education,9,2025,715.74
10522,88,Entertainment,9,2025,2472.2
10523,88,Food & Dining,9,2025,3538.32
10524,88,Friends & Family,9,2025,725.05
10525,88,Grocery,9,2025,1390.9
10526,88,Healthcare,9,2025,315.55
10527,88,Miscellaneous,9,2025,322.68
10528,88,Recharge & Utilities,9,2025,487.09
10529,88,Shopping,9,2025,7480.12
10530,88,Transportation,9,2025,668.7
10531,88,Education,10,2025,669.53
10532,88,Entertainment,10,2025,2248.34
10533,88,Food & Dining,10,2025,3329.83
10534,88,Friends & Family,10,2025,718.02
10535,88,Grocery,10,2025,1287.16
10536,88,Healthcare,10,2025,287.43
10537,88,Miscellaneous,10,2025,292.0
10538,88,Recharge & Utilities,10,2025,365.98
10539,88,Shopping,10,2025,7526.35
10540,88,Transportation,10,2025,677.04
10541,88,Education,11,2025,689.6
10542,88,Entertainment,11,2025,2772.5
10543,88,Food & Dining,11,2025,3351.94
10544,88,Friends & Family,11,2025,741.09
10545,88,Grocery,11,2025,1297.75
10546,88,Healthcare,11,2025,289.5
10547,88,Miscellaneous,11,2025,271.76
10548,88,Recharge & Utilities,11,2025,437.83
10549,88,Shopping,11,2025,7867.07
10550,88,Transportation,11,2025,729.59
10551,88,Education,12,2025,647.39
10552,88,Entertainment,12,2025,2203.86
10553,88,Food & Dining,12,2025,3357.8
10554,88,Friends & Family,12,2025,735.83
10555,88,Grocery,12,2025,1305.07
10556,88,Healthcare,12,2025,288.32
10557,88,Miscellaneous,12,2025,275.41
10558,88,Recharge & Utilities,12,2025,445.73
10559,88,Shopping,12,2025,7597.19
10560,88,Transportation,12,2025,762.39
10561,89,Education,1,2025,731.52
10562,89,Entertainment,1,2025,2319.22
10563,89,Food & Dining,1,2025,2584.23
10564,89,Friends & Family,1,2025,663.8
10565,89,Grocery,1,2025,1242.79
10566,89,Healthcare,1,2025,228.97
10567,89,Miscellaneous,1,2025,241.29
10568,89,Recharge & Utilities,1,2025,394.17
10569,89,Shopping,1,2025,6827.59
10570,89,Transportation,1,2025,671.91
10571,89,Education,2,2025,516.21
10572,89,Entertainment,2,2025,2111.13
10573,89,Food & Dining,2,2025,2583.16
10574,89,Friends & Family,2,2025,558.33
10575,89,Grocery,2,2025,1086.2
10576,89,Healthcare,2,2025,213.59
10577,89,Miscellaneous,2,2025,232.78
10578,89,Recharge & Utilities,2,2025,344.42
10579,89,Shopping,2,2025,6128.75
10580,89,Transportation,2,2025,548.52
10581,89,Education,3,2025,558.59
10582,89,Entertainment,3,2025,1797.46
10583,89,Food & Dining,3,2025,2495.86
10584,89,Friends & Family,3,2025,642.28
10585,89,Grocery,3,2025,1126.62
10586,89,Healthcare,3,2025,230.24
10587,89,Miscellaneous,3,2025,218.24
10588,89,Recharge & Utilities,3,2025,339.68
10589,89,Shopping,3,2025,6236.86
10590,89,Transportation,3,2025,593.74
10591,89,Education,4,2025,647.45
10592,89,Entertainment,4,2025,1862.13
10593,89,Food & Dining,4,2025,2453.51
10594,89,Friends & Family,4,2025,656.33
10595,89,Grocery,4,2025,1221.53
10596,89,Healthcare,4,2025,230.92
10597,89,Miscellaneous,4,2025,242.99
10598,89,Recharge & Utilities,4,2025,333.41
10599,89,Shopping,4,2025,5769.35
10600,89,Transportation,4,2025,555.8
10601,89,Education,5,2025,558.62
10602,89,Entertainment,5,2025,1925.55
10603,89,Food & Dining,5,2025,2280.95
10604,89,Friends & Family,5,2025,571.18
10605,89,Grocery,5,2025,1026.55
10606,89,Healthcare,5,2025,226.9
10607,89,Miscellaneous,5,2025,214.78
10608,89,Recharge & Utilities,5,2025,339.33
10609,89,Shopping,5,2025,6162.21
10610,89,Transportation,5,2025,704.5
10611,89,Education,6,2025,615.6
10612,89,Entertainment,6,2025,2063.17
10613,89,Food & Dining,6,2025,2555.06
10614,89,Friends & Family,6,2025,597.87
10615,89,Grocery,6,2025,1091.42
10616,89,Healthcare,6,2025,212.46
10617,89,Miscellaneous,6,2025,245.98
10618,89,Recharge & Utilities,6,2025,362.21
10619,89,Shopping,6,2025,6014.96
10620,89,Transportation,6,2025,704.79
10621,89,Education,7,2025,725.43
10622,89,Entertainment,7,2025,2107.22
10623,89,Food & Dining,7,2025,2449.61
10624,89,Friends & Family,7,2025,587.63
10625,89,Grocery,7,2025,1127.26
10626,89,Healthcare,7,2025,246.51
10627,89,Miscellaneous,7,2025,250.69
10628,89,Recharge & Utilities,7,2025,347.01
10629,89,Shopping,7,2025,6817.77
10630,89,Transportation,7,2025,661.61
10631,89,Education,8,2025,710.91
10632,89,Entertainment,8,2025,1753.73
10633,89,Food & Dining,8,2025,2691.56
10634,89,Friends & Family,8,2025,568.77
10635,89,Grocery,8,2025,1194.2
10636,89,Healthcare,8,2025,229.18
10637,89,Miscellaneous,8,2025,231.91
10638,89,Recharge & Utilities,8,2025,324.92
10639,89,Shopping,8,2025,5204.84
10640,89,Transportation,8,2025,567.75
10641,89,Education,9,2025,495.6
10642,89,Entertainment,9,2025,1972.12
10643,89,Food & Dining,9,2025,2139.18
10644,89,Friends & Family,9,2025,586.3
10645,89,Grocery,9,2025,1210.98
10646,89,Healthcare,9,2025,214.04
10647,89,Miscellaneous,9,2025,215.95
10648,89,Recharge & Utilities,9,2025,347.91
10649,89,Shopping,9,2025,5334.77
10650,89,Transportation,9,2025,534.59
10651,89,Education,10,2025,503.59
10652,89,Entertainment,10,2025,2019.32
10653,89,Food & Dining,10,2025,2648.88
10654,89,Friends & Family,10,2025,578.85
10655,89,Grocery,10,2025,1083.53
10656,89,Healthcare,10,2025,227.1
10657,89,Miscellaneous,10,2025,242.04
10658,89,Recharge & Utilities,10,2025,297.43
10659,89,Shopping,10,2025,6202.75
10660,89,Transportation,10,2025,540.67
10661,89,Education,11,2025,622.83
10662,89,Entertainment,11,2025,1903.74
10663,89,Food & Dining,11,2025,2879.61
10664,89,Friends & Family,11,2025,604.33
10665,89,Grocery,11,2025,1131.61
10666,89,Healthcare,11,2025,244.76
10667,89,Miscellaneous,11,2025,213.43
10668,89,Recharge & Utilities,11,2025,342.69
10669,89,Shopping,11,2025,7161.58
10670,89,Transportation,11,2025,614.82
10671,89,Education,12,2025,602.49
10672,89,Entertainment,12,2025,2037.93
10673,89,Food & Dining,12,2025,2371.97
10674,89,Friends & Family,12,2025,563.52
10675,89,Grocery,12,2025,1099.51
10676,89,Healthcare,12,2025,239.74
10677,89,Miscellaneous,12,2025,223.68
10678,89,Recharge & Utilities,12,2025,315.72
10679,89,Shopping,12,2025,5937.56
10680,89,Transportation,12,2025,618.33
10681,90,Education,1,2025,627.94
10682,90,Entertainment,1,2025,1776.81
10683,90,Food & Dining,1,2025,2284.38
10684,90,Friends & Family,1,2025,600.7
10685,90,Grocery,1,2025,1032.57
10686,90,Healthcare,1,2025,213.32
10687,90,Miscellaneous,1,2025,217.07
10688,90,Recharge & Utilities,1,2025,330.92
10689,90,Shopping,1,2025,5752.79
10690,90,Transportation,1,2025,536.93
10691,90,Education,2,2025,581.26
10692,90,Entertainment,2,2025,1877.55
10693,90,Food & Dining,2,2025,2603.49
10694,90,Friends & Family,2,2025,617.69
10695,90,Grocery,2,2025,1189.48
10696,90,Healthcare,2,2025,207.96
10697,90,Miscellaneous,2,2025,229.52
10698,90,Recharge & Utilities,2,2025,370.64
10699,90,Shopping,2,2025,5260.63
10700,90,Transportation,2,2025,514.1
10701,90,Education,3,2025,544.94
10702,90,Entertainment,3,2025,1906.09
10703,90,Food & Dining,3,2025,2397.01
10704,90,Friends & Family,3,2025,515.28
10705,90,Grocery,3,2025,982.92
10706,90,Healthcare,3,2025,208.03
10707,90,Miscellaneous,3,2025,220.21
10708,90,Recharge & Utilities,3,2025,332.65
10709,90,Shopping,3,2025,5351.02
10710,90,Transportation,3,2025,523.78
10711,90,Education,4,2025,547.19
10712,90,Entertainment,4,2025,1802.85
10713,90,Food & Dining,4,2025,2504.41
10714,90,Friends & Family,4,2025,539.36
10715,90,Grocery,4,2025,1141.66
10716,90,Healthcare,4,2025,243.72
10717,90,Miscellaneous,4,2025,254.98
10718,90,Recharge & Utilities,4,2025,315.33
10719,90,Shopping,4,2025,5877.55
10720,90,Transportation,4,2025,645.15
10721,90,Education,5,2025,570.48
10722,90,Entertainment,5,2025,1877.38
10723,90,Food & Dining,5,2025,2391.3
10724,90,Friends & Family,5,2025,579.4
10725,90,Grocery,5,2025,1116.12
10726,90,Healthcare,5,2025,217.17
10727,90,Miscellaneous,5,2025,214.93
10728,90,Recharge & Utilities,5,2025,326.08
10729,90,Shopping,5,2025,5191.83
10730,90,Transportation,5,2025,587.64
10731,90,Education,6,2025,584.59
10732,90,Entertainment,6,2025,1908.9
10733,90,Food & Dining,6,2025,2344.34
10734,90,Friends & Family,6,2025,614.01
10735,90,Grocery,6,2025,1203.93
10736,90,Healthcare,6,2025,253.98
10737,90,Miscellaneous,6,2025,215.63
10738,90,Recharge & Utilities,6,2025,342.75
10739,90,Shopping,6,2025,6222.94
10740,90,Transportation,6,2025,676.54
10741,90,Education,7,2025,652.82
10742,90,Entertainment,7,2025,2182.33
10743,90,Food & Dining,7,2025,2732.86
10744,90,Friends & Family,7,2025,542.76
10745,90,Grocery,7,2025,1143.58
10746,90,Healthcare,7,2025,261.4
10747,90,Miscellaneous,7,2025,237.68
10748,90,Recharge & Utilities,7,2025,401.61
10749,90,Shopping,7,2025,5744.74
10750,90,Transportation,7,2025,653.79
10751,90,Education,8,2025,640.99
10752,90,Entertainment,8,2025,2076.3
10753,90,Food & Dining,8,2025,2671.95
10754,90,Friends & Family,8,2025,620.42
10755,90,Grocery,8,2025,1196.17
10756,90,Healthcare,8,2025,225.24
10757,90,Miscellaneous,8,2025,257.08
10758,90,Recharge & Utilities,8,2025,324.26
10759,90,Shopping,8,2025,5637.0
10760,90,Transportation,8,2025,527.1
10761,90,Education,9,2025,569.34
10762,90,Entertainment,9,2025,1621.28
10763,90,Food & Dining,9,2025,2104.67
10764,90,Friends & Family,9,2025,510.86
10765,90,Grocery,9,2025,1110.25
10766,90,Healthcare,9,2025,189.23
10767,90,Miscellaneous,9,2025,205.35
10768,90,Recharge & Utilities,9,2025,300.83
10769,90,Shopping,9,2025,4762.89
10770,90,Transportation,9,2025,507.62
10771,90,Education,10,2025,512.73
10772,90,Entertainment,10,2025,2132.84
10773,90,Food & Dining,10,2025,2658.68
10774,90,Friends & Family,10,2025,498.29
10775,90,Grocery,10,2025,1017.46
10776,90,Healthcare,10,2025,222.6
10777,90,Miscellaneous,10,2025,244.12
10778,90,Recharge & Utilities,10,2025,309.31
10779,90,Shopping,10,2025,6537.67
10780,90,Transportation,10,2025,505.11
10781,90,Education,11,2025,513.76
10782,90,Entertainment,11,2025,2147.48
10783,90,Food & Dining,11,2025,2620.18
10784,90,Friends & Family,11,2025,538.48
10785,90,Grocery,11,2025,1091.23
10786,90,Healthcare,11,2025,221.62
10787,90,Miscellaneous,11,2025,239.24
10788,90,Recharge & Utilities,11,2025,320.12
10789,90,Shopping,11,2025,7195.79
10790,90,Transportation,11,2025,597.59
10791,90,Education,12,2025,560.08
10792,90,Entertainment,12,2025,1690.29
10793,90,Food & Dining,12,2025,2263.2
10794,90,Friends & Family,12,2025,557.37
10795,90,Grocery,12,2025,1113.49
10796,90,Healthcare,12,2025,238.85
10797,90,Miscellaneous,12,2025,227.58
10798,90,Recharge & Utilities,12,2025,302.09
10799,90,Shopping,12,2025,5516.51
10800,90,Transportation,12,2025,608.77
10801,91,Education,1,2025,549.13
10802,91,Entertainment,1,2025,1499.84
10803,91,Food & Dining,1,2025,1978.85
10804,91,Friends & Family,1,2025,389.35
10805,91,Grocery,1,2025,772.61
10806,91,Healthcare,1,2025,168.03
10807,91,Miscellaneous,1,2025,181.8
10808,91,Recharge & Utilities,1,2025,228.09
10809,91,Shopping,1,2025,4266.88
10810,91,Transportation,1,2025,406.52
10811,91,Education,2,2025,451.38
10812,91,Entertainment,2,2025,1377.01
10813,91,Food & Dining,2,2025,1985.37
10814,91,Friends & Family,2,2025,447.0
10815,91,Grocery,2,2025,927.1
10816,91,Healthcare,2,2025,169.71
10817,91,Miscellaneous,2,2025,183.44
10818,91,Recharge & Utilities,2,2025,241.72
10819,91,Shopping,2,2025,4538.04
10820,91,Transportation,2,2025,427.13
10821,91,Education,3,2025,421.12
10822,91,Entertainment,3,2025,1465.47
10823,91,Food & Dining,3,2025,1611.91
10824,91,Friends & Family,3,2025,360.81
10825,91,Grocery,3,2025,730.92
10826,91,Healthcare,3,2025,175.19
10827,91,Miscellaneous,3,2025,166.58
10828,91,Recharge & Utilities,3,2025,260.58
10829,91,Shopping,3,2025,4059.38
10830,91,Transportation,3,2025,421.97
10831,91,Education,4,2025,485.31
10832,91,Entertainment,4,2025,1552.2
10833,91,Food & Dining,4,2025,1778.29
10834,91,Friends & Family,4,2025,433.19
10835,91,Grocery,4,2025,827.74
10836,91,Healthcare,4,2025,187.28
10837,91,Miscellaneous,4,2025,183.35
10838,91,Recharge & Utilities,4,2025,241.02
10839,91,Shopping,4,2025,4769.36
10840,91,Transportation,4,2025,416.72
10841,91,Education,5,2025,402.54
10842,91,Entertainment,5,2025,1421.67
10843,91,Food & Dining,5,2025,2080.56
10844,91,Friends & Family,5,2025,434.53
10845,91,Grocery,5,2025,816.14
10846,91,Healthcare,5,2025,194.15
10847,91,Miscellaneous,5,2025,198.56
10848,91,Recharge & Utilities,5,2025,281.95
10849,91,Shopping,5,2025,4461.24
10850,91,Transportation,5,2025,580.11
10851,91,Education,6,2025,427.56
10852,91,Entertainment,6,2025,1590.36
10853,91,Food & Dining,6,2025,1754.43
10854,91,Friends & Family,6,2025,400.46
10855,91,Grocery,6,2025,819.2
10856,91,Healthcare,6,2025,167.28
10857,91,Miscellaneous,6,2025,185.73
10858,91,Recharge & Utilities,6,2025,269.13
10859,91,Shopping,6,2025,4340.15
10860,91,Transportation,6,2025,545.43
10861,91,Education,7,2025,510.1
10862,91,Entertainment,7,2025,1312.12
10863,91,Food & Dining,7,2025,1834.64
10864,91,Friends & Family,7,2025,460.18
10865,91,Grocery,7,2025,773.89
10866,91,Healthcare,7,2025,169.88
10867,91,Miscellaneous,7,2025,172.88
10868,91,Recharge & Utilities,7,2025,280.42
10869,91,Shopping,7,2025,4001.06
10870,91,Transportation,7,2025,430.84
10871,91,Education,8,2025,465.22
10872,91,Entertainment,8,2025,1358.62
10873,91,Food & Dining,8,2025,1694.1
10874,91,Friends & Family,8,2025,356.53
10875,91,Grocery,8,2025,822.19
10876,91,Healthcare,8,2025,170.24
10877,91,Miscellaneous,8,2025,161.62
10878,91,Recharge & Utilities,8,2025,255.73
10879,91,Shopping,8,2025,3533.96
10880,91,Transportation,8,2025,354.89
10881,91,Education,9,2025,403.8
10882,91,Entertainment,9,2025,1312.78
10883,91,Food & Dining,9,2025,1807.04
10884,91,Friends & Family,9,2025,418.47
10885,91,Grocery,9,2025,751.83
10886,91,Healthcare,9,2025,177.42
10887,91,Miscellaneous,9,2025,174.97
10888,91,Recharge & Utilities,9,2025,263.45
10889,91,Shopping,9,2025,4259.84
10890,91,Transportation,9,2025,376.15
10891,91,Education,10,2025,403.01
10892,91,Entertainment,10,2025,1414.56
10893,91,Food & Dining,10,2025,2070.15
10894,91,Friends & Family,10,2025,425.48
10895,91,Grocery,10,2025,785.79
10896,91,Healthcare,10,2025,177.94
10897,91,Miscellaneous,10,2025,178.64
10898,91,Recharge & Utilities,10,2025,250.79
10899,91,Shopping,10,2025,5207.6
10900,91,Transportation,10,2025,418.41
10901,91,Education,11,2025,458.53
10902,91,Entertainment,11,2025,1649.41
10903,91,Food & Dining,11,2025,1968.33
10904,91,Friends & Family,11,2025,465.43
10905,91,Grocery,11,2025,828.8
10906,91,Healthcare,11,2025,167.35
10907,91,Miscellaneous,11,2025,186.65
10908,91,Recharge & Utilities,11,2025,270.0
10909,91,Shopping,11,2025,5103.87
10910,91,Transportation,11,2025,391.94
10911,91,Education,12,2025,408.22
10912,91,Entertainment,12,2025,1459.13
10913,91,Food & Dining,12,2025,1963.97
10914,91,Friends & Family,12,2025,427.27
10915,91,Grocery,12,2025,777.46
10916,91,Healthcare,12,2025,152.33
10917,91,Miscellaneous,12,2025,165.38
10918,91,Recharge & Utilities,12,2025,248.89
10919,91,Shopping,12,2025,3939.87
10920,91,Transportation,12,2025,451.48
10921,92,Education,1,2025,512.19
10922,92,Entertainment,1,2025,1555.1
10923,92,Food & Dining,1,2025,1816.73
10924,92,Friends & Family,1,2025,507.01
10925,92,Grocery,1,2025,923.98
10926,92,Healthcare,1,2025,177.75
10927,92,Miscellaneous,1,2025,188.12
10928,92,Recharge & Utilities,1,2025,295.19
10929,92,Shopping,1,2025,4214.65
10930,92,Transportation,1,2025,491.17
10931,92,Education,2,2025,487.12
10932,92,Entertainment,2,2025,1486.93
10933,92,Food & Dining,2,2025,2099.09
10934,92,Friends & Family,2,2025,433.14
10935,92,Grocery,2,2025,937.93
10936,92,Healthcare,2,2025,185.58
10937,92,Miscellaneous,2,2025,167.26
10938,92,Recharge & Utilities,2,2025,244.07
10939,92,Shopping,2,2025,4415.43
10940,92,Transportation,2,2025,409.12
10941,92,Education,3,2025,472.29
10942,92,Entertainment,3,2025,1528.77
10943,92,Food & Dining,3,2025,1708.79
10944,92,Friends & Family,3,2025,401.01
10945,92,Grocery,3,2025,957.61
10946,92,Healthcare,3,2025,180.38
10947,92,Miscellaneous,3,2025,170.64
10948,92,Recharge & Utilities,3,2025,251.55
10949,92,Shopping,3,2025,3941.43
10950,92,Transportation,3,2025,413.81
10951,92,Education,4,2025,382.49
10952,92,Entertainment,4,2025,1291.58
10953,92,Food & Dining,4,2025,1792.31
10954,92,Friends & Family,4,2025,438.22
10955,92,Grocery,4,2025,757.83
10956,92,Healthcare,4,2025,163.63
10957,92,Miscellaneous,4,2025,183.1
10958,92,Recharge & Utilities,4,2025,278.33
10959,92,Shopping,4,2025,4322.88
10960,92,Transportation,4,2025,399.36
10961,92,Education,5,2025,466.94
10962,92,Entertainment,5,2025,1389.34
10963,92,Food & Dining,5,2025,1736.06
10964,92,Friends & Family,5,2025,459.54
10965,92,Grocery,5,2025,845.59
10966,92,Healthcare,5,2025,193.85
10967,92,Miscellaneous,5,2025,157.97
10968,92,Recharge & Utilities,5,2025,283.78
10969,92,Shopping,5,2025,4560.17
10970,92,Transportation,5,2025,519.33
10971,92,Education,6,2025,422.76
10972,92,Entertainment,6,2025,1552.99
10973,92,Food & Dining,6,2025,2241.05
10974,92,Friends & Family,6,2025,507.44
10975,92,Grocery,6,2025,1027.92
10976,92,Healthcare,6,2025,172.42
10977,92,Miscellaneous,6,2025,196.7
10978,92,Recharge & Utilities,6,2025,296.68
10979,92,Shopping,6,2025,4473.89
10980,92,Transportation,6,2025,542.49
10981,92,Education,7,2025,557.56
10982,92,Entertainment,7,2025,1464.75
10983,92,Food & Dining,7,2025,2061.46
10984,92,Friends & Family,7,2025,474.66
10985,92,Grocery,7,2025,872.71
10986,92,Healthcare,7,2025,185.9
10987,92,Miscellaneous,7,2025,181.33
10988,92,Recharge & Utilities,7,2025,269.4
10989,92,Shopping,7,2025,4247.43
10990,92,Transportation,7,2025,457.16
10991,92,Education,8,2025,547.59
10992,92,Entertainment,8,2025,1502.21
10993,92,Food & Dining,8,2025,1807.12
10994,92,Friends & Family,8,2025,464.18
10995,92,Grocery,8,2025,871.68
10996,92,Healthcare,8,2025,188.56
10997,92,Miscellaneous,8,2025,180.3
10998,92,Recharge & Utilities,8,2025,264.34
10999,92,Shopping,8,2025,4914.47
11000,92,Transportation,8,2025,485.57
11001,92,Education,9,2025,478.14
11002,92,Entertainment,9,2025,1466.4
11003,92,Food & Dining,9,2025,2140.55
11004,92,Friends & Family,9,2025,436.33
11005,92,Grocery,9,2025,976.52
11006,92,Healthcare,9,2025,197.12
11007,92,Miscellaneous,9,2025,167.7
11008,92,Recharge & Utilities,9,2025,296.09
11009,92,Shopping,9,2025,4784.59
11010,92,Transportation,9,2025,489.33
11011,92,Education,10,2025,463.08
11012,92,Entertainment,10,2025,1446.01
11013,92,Food & Dining,10,2025,1934.09
11014,92,Friends & Family,10,2025,403.42
11015,92,Grocery,10,2025,846.11
11016,92,Healthcare,10,2025,160.42
11017,92,Miscellaneous,10,2025,186.23
11018,92,Recharge & Utilities,10,2025,254.97
11019,92,Shopping,10,2025,5224.37
11020,92,Transportation,10,2025,470.88
11021,92,Education,11,2025,432.91
11022,92,Entertainment,11,2025,1438.49
11023,92,Food & Dining,11,2025,1931.34
11024,92,Friends & Family,11,2025,441.9
11025,92,Grocery,11,2025,808.59
11026,92,Healthcare,11,2025,186.3
11027,92,Miscellaneous,11,2025,184.35
11028,92,Recharge & Utilities,11,2025,250.72
11029,92,Shopping,11,2025,5243.85
11030,92,Transportation,11,2025,462.83
11031,92,Education,12,2025,480.97
11032,92,Entertainment,12,2025,1747.37
11033,92,Food & Dining,12,2025,2110.26
11034,92,Friends & Family,12,2025,464.12
11035,92,Grocery,12,2025,870.53
11036,92,Healthcare,12,2025,172.54
11037,92,Miscellaneous,12,2025,208.42
11038,92,Recharge & Utilities,12,2025,309.93
11039,92,Shopping,12,2025,4587.58
11040,92,Transportation,12,2025,566.88
11041,93,Education,1,2025,838.72
11042,93,Entertainment,1,2025,2516.52
11043,93,Food & Dining,1,2025,3115.2
11044,93,Friends & Family,1,2025,721.37
11045,93,Grocery,1,2025,1422.15
11046,93,Healthcare,1,2025,303.96
11047,93,Miscellaneous,1,2025,270.03
11048,93,Recharge & Utilities,1,2025,456.63
11049,93,Shopping,1,2025,7413.43
11050,93,Transportation,1,2025,663.07
11051,93,Education,2,2025,755.65
11052,93,Entertainment,2,2025,2415.59
11053,93,Food & Dining,2,2025,2817.73
11054,93,Friends & Family,2,2025,669.44
11055,93,Grocery,2,2025,1346.97
11056,93,Healthcare,2,2025,301.61
11057,93,Miscellaneous,2,2025,258.75
11058,93,Recharge & Utilities,2,2025,401.0
11059,93,Shopping,2,2025,7466.83
11060,93,Transportation,2,2025,755.24
11061,93,Education,3,2025,636.07
11062,93,Entertainment,3,2025,2302.99
11063,93,Food & Dining,3,2025,2855.21
11064,93,Friends & Family,3,2025,742.23
11065,93,Grocery,3,2025,1448.29
11066,93,Healthcare,3,2025,292.84
11067,93,Miscellaneous,3,2025,295.58
11068,93,Recharge & Utilities,3,2025,445.3
11069,93,Shopping,3,2025,6514.1
11070,93,Transportation,3,2025,667.95
11071,93,Education,4,2025,730.67
11072,93,Entertainment,4,2025,2510.54
11073,93,Food & Dining,4,2025,3389.29
11074,93,Friends & Family,4,2025,817.2
11075,93,Grocery,4,2025,1656.08
11076,93,Healthcare,4,2025,297.47
11077,93,Miscellaneous,4,2025,284.95
11078,93,Recharge & Utilities,4,2025,431.98
11079,93,Shopping,4,2025,7466.81
11080,93,Transportation,4,2025,771.07
11081,93,Education,5,2025,656.68
11082,93,Entertainment,5,2025,2222.49
11083,93,Food & Dining,5,2025,3501.88
11084,93,Friends & Family,5,2025,804.6
11085,93,Grocery,5,2025,1321.88
11086,93,Healthcare,5,2025,270.37
11087,93,Miscellaneous,5,2025,276.69
11088,93,Recharge & Utilities,5,2025,404.87
11089,93,Shopping,5,2025,6551.62
11090,93,Transportation,5,2025,865.58
11091,93,Education,6,2025,692.71
11092,93,Entertainment,6,2025,2334.4
11093,93,Food & Dining,6,2025,3096.74
11094,93,Friends & Family,6,2025,847.2
11095,93,Grocery,6,2025,1561.77
11096,93,Healthcare,6,2025,286.07
11097,93,Miscellaneous,6,2025,340.8
11098,93,Recharge & Utilities,6,2025,416.68
11099,93,Shopping,6,2025,8097.14
11100,93,Transportation,6,2025,967.19
11101,93,Education,7,2025,979.59
11102,93,Entertainment,7,2025,2689.1
11103,93,Food & Dining,7,2025,3372.1
11104,93,Friends & Family,7,2025,829.09
11105,93,Grocery,7,2025,1677.21
11106,93,Healthcare,7,2025,327.53
11107,93,Miscellaneous,7,2025,319.74
11108,93,Recharge & Utilities,7,2025,471.9
11109,93,Shopping,7,2025,8002.39
11110,93,Transportation,7,2025,824.93
11111,93,Education,8,2025,815.83
11112,93,Entertainment,8,2025,2241.0
11113,93,Food & Dining,8,2025,3310.18
11114,93,Friends & Family,8,2025,672.22
11115,93,Grocery,8,2025,1541.79
11116,93,Healthcare,8,2025,265.17
11117,93,Miscellaneous,8,2025,309.44
11118,93,Recharge & Utilities,8,2025,418.42
11119,93,Shopping,8,2025,6211.47
11120,93,Transportation,8,2025,633.36
11121,93,Education,9,2025,759.47
11122,93,Entertainment,9,2025,2670.69
11123,93,Food & Dining,9,2025,3367.52
11124,93,Friends & Family,9,2025,729.39
11125,93,Grocery,9,2025,1368.75
11126,93,Healthcare,9,2025,275.44
11127,93,Miscellaneous,9,2025,267.06
11128,93,Recharge & Utilities,9,2025,448.3
11129,93,Shopping,9,2025,7156.17
11130,93,Transportation,9,2025,783.22
11131,93,Education,10,2025,610.3
11132,93,Entertainment,10,2025,2423.97
11133,93,Food & Dining,10,2025,3262.56
11134,93,Friends & Family,10,2025,677.42
11135,93,Grocery,10,2025,1388.51
11136,93,Healthcare,10,2025,238.72
11137,93,Miscellaneous,10,2025,275.5
11138,93,Recharge & Utilities,10,2025,407.44
11139,93,Shopping,10,2025,7104.18
11140,93,Transportation,10,2025,593.9
11141,93,Education,11,2025,652.22
11142,93,Entertainment,11,2025,2474.04
11143,93,Food & Dining,11,2025,2848.22
11144,93,Friends & Family,11,2025,597.58
11145,93,Grocery,11,2025,1190.05
11146,93,Healthcare,11,2025,286.88
11147,93,Miscellaneous,11,2025,245.7
11148,93,Recharge & Utilities,11,2025,437.39
11149,93,Shopping,11,2025,7819.18
11150,93,Transportation,11,2025,628.41
11151,93,Education,12,2025,750.18
11152,93,Entertainment,12,2025,2299.85
11153,93,Food & Dining,12,2025,3272.55
11154,93,Friends & Family,12,2025,718.41
11155,93,Grocery,12,2025,1537.84
11156,93,Healthcare,12,2025,319.9
11157,93,Miscellaneous,12,2025,270.16
11158,93,Recharge & Utilities,12,2025,466.11
11159,93,Shopping,12,2025,6798.96
11160,93,Transportation,12,2025,791.86
11161,94,Education,1,2025,870.39
11162,94,Entertainment,1,2025,2245.36
11163,94,Food & Dining,1,2025,2961.78
11164,94,Friends & Family,1,2025,766.21
11165,94,Grocery,1,2025,1459.86
11166,94,Healthcare,1,2025,290.74
11167,94,Miscellaneous,1,2025,278.66
11168,94,Recharge & Utilities,1,2025,445.85
11169,94,Shopping,1,2025,7554.57
11170,94,Transportation,1,2025,753.1
11171,94,Education,2,2025,546.91
11172,94,Entertainment,2,2025,1936.27
11173,94,Food & Dining,2,2025,2388.13
11174,94,Friends & Family,2,2025,648.77
11175,94,Grocery,2,2025,1184.92
11176,94,Healthcare,2,2025,268.65
11177,94,Miscellaneous,2,2025,244.19
11178,94,Recharge & Utilities,2,2025,365.67
11179,94,Shopping,2,2025,6504.44
11180,94,Transportation,2,2025,620.62
11181,94,Education,3,2025,654.02
11182,94,Entertainment,3,2025,1881.06
11183,94,Food & Dining,3,2025,2467.99
11184,94,Friends & Family,3,2025,587.09
11185,94,Grocery,3,2025,1082.96
11186,94,Healthcare,3,2025,235.07
11187,94,Miscellaneous,3,2025,261.48
11188,94,Recharge & Utilities,3,2025,361.39
11189,94,Shopping,3,2025,5778.66
11190,94,Transportation,3,2025,647.88
11191,94,Education,4,2025,623.41
11192,94,Entertainment,4,2025,2292.12
11193,94,Food & Dining,4,2025,2878.95
11194,94,Friends & Family,4,2025,602.5
11195,94,Grocery,4,2025,1237.01
11196,94,Healthcare,4,2025,266.04
11197,94,Miscellaneous,4,2025,255.24
11198,94,Recharge & Utilities,4,2025,375.51
11199,94,Shopping,4,2025,6352.22
11200,94,Transportation,4,2025,660.27
11201,94,Education,5,2025,609.44
11202,94,Entertainment,5,2025,2170.17
11203,94,Food & Dining,5,2025,2485.72
11204,94,Friends & Family,5,2025,700.34
11205,94,Grocery,5,2025,1306.65
11206,94,Healthcare,5,2025,245.33
11207,94,Miscellaneous,5,2025,259.18
11208,94,Recharge & Utilities,5,2025,359.86
11209,94,Shopping,5,2025,6559.88
11210,94,Transportation,5,2025,698.74
11211,94,Education,6,2025,624.4
11212,94,Entertainment,6,2025,2161.02
11213,94,Food & Dining,6,2025,2741.4
11214,94,Friends & Family,6,2025,665.77
11215,94,Grocery,6,2025,1154.55
11216,94,Healthcare,6,2025,280.01
11217,94,Miscellaneous,6,2025,249.09
11218,94,Recharge & Utilities,6,2025,402.88
11219,94,Shopping,6,2025,6808.95
11220,94,Transportation,6,2025,790.93
11221,94,Education,7,2025,823.41
11222,94,Entertainment,7,2025,2530.27
11223,94,Food & Dining,7,2025,3053.07
11224,94,Friends & Family,7,2025,748.27
11225,94,Grocery,7,2025,1371.88
11226,94,Healthcare,7,2025,306.8
11227,94,Miscellaneous,7,2025,284.23
11228,94,Recharge & Utilities,7,2025,435.04
11229,94,Shopping,7,2025,7539.18
11230,94,Transportation,7,2025,754.56
11231,94,Education,8,2025,676.53
11232,94,Entertainment,8,2025,2045.07
11233,94,Food & Dining,8,2025,2835.11
11234,94,Friends & Family,8,2025,668.85
11235,94,Grocery,8,2025,1111.92
11236,94,Healthcare,8,2025,232.23
11237,94,Miscellaneous,8,2025,243.06
11238,94,Recharge & Utilities,8,2025,403.27
11239,94,Shopping,8,2025,5719.31
11240,94,Transportation,8,2025,592.12
11241,94,Education,9,2025,665.44
11242,94,Entertainment,9,2025,2193.74
11243,94,Food & Dining,9,2025,2712.74
11244,94,Friends & Family,9,2025,684.98
11245,94,Grocery,9,2025,1369.94
11246,94,Healthcare,9,2025,270.93
11247,94,Miscellaneous,9,2025,245.91
11248,94,Recharge & Utilities,9,2025,360.8
11249,94,Shopping,9,2025,7249.83
11250,94,Transportation,9,2025,711.43
11251,94,Education,10,2025,535.07
11252,94,Entertainment,10,2025,2242.22
11253,94,Food & Dining,10,2025,2563.59
11254,94,Friends & Family,10,2025,548.44
11255,94,Grocery,10,2025,1088.2
11256,94,Healthcare,10,2025,226.86
11257,94,Miscellaneous,10,2025,217.93
11258,94,Recharge & Utilities,10,2025,320.05
11259,94,Shopping,10,2025,7128.46
11260,94,Transportation,10,2025,586.42
11261,94,Education,11,2025,641.61
11262,94,Entertainment,11,2025,2309.63
11263,94,Food & Dining,11,2025,2678.07
11264,94,Friends & Family,11,2025,573.49
11265,94,Grocery,11,2025,1236.84
11266,94,Healthcare,11,2025,226.25
11267,94,Miscellaneous,11,2025,270.18
11268,94,Recharge & Utilities,11,2025,352.12
11269,94,Shopping,11,2025,7779.95
11270,94,Transportation,11,2025,584.09
11271,94,Education,12,2025,649.01
11272,94,Entertainment,12,2025,2191.91
11273,94,Food & Dining,12,2025,2676.15
11274,94,Friends & Family,12,2025,645.7
11275,94,Grocery,12,2025,1255.76
11276,94,Healthcare,12,2025,273.45
11277,94,Miscellaneous,12,2025,283.49
11278,94,Recharge & Utilities,12,2025,369.93
11279,94,Shopping,12,2025,7526.52
11280,94,Transportation,12,2025,779.18
11281,95,Education,1,2025,630.22
11282,95,Entertainment,1,2025,1731.36
11283,95,Food & Dining,1,2025,2308.74
11284,95,Friends & Family,1,2025,502.57
11285,95,Grocery,1,2025,980.69
11286,95,Healthcare,1,2025,215.54
11287,95,Miscellaneous,1,2025,201.02
11288,95,Recharge & Utilities,1,2025,338.71
11289,95,Shopping,1,2025,5125.4
11290,95,Transportation,1,2025,598.85
11291,95,Education,2,2025,594.48
11292,95,Entertainment,2,2025,1914.75
11293,95,Food & Dining,2,2025,2450.99
11294,95,Friends & Family,2,2025,512.28
11295,95,Grocery,2,2025,1137.41
11296,95,Healthcare,2,2025,233.45
11297,95,Miscellaneous,2,2025,219.69
11298,95,Recharge & Utilities,2,2025,345.87
11299,95,Shopping,2,2025,6058.27
11300,95,Transportation,2,2025,598.99
11301,95,Education,3,2025,454.87
11302,95,Entertainment,3,2025,1613.21
11303,95,Food & Dining,3,2025,2247.53
11304,95,Friends & Family,3,2025,546.28
11305,95,Grocery,3,2025,1025.94
11306,95,Healthcare,3,2025,209.16
11307,95,Miscellaneous,3,2025,213.63
11308,95,Recharge & Utilities,3,2025,333.35
11309,95,Shopping,3,2025,4477.78
11310,95,Transportation,3,2025,558.08
11311,95,Education,4,2025,507.45
11312,95,Entertainment,4,2025,1606.34
11313,95,Food & Dining,4,2025,2377.97
11314,95,Friends & Family,4,2025,540.07
11315,95,Grocery,4,2025,1061.88
11316,95,Healthcare,4,2025,204.26
11317,95,Miscellaneous,4,2025,217.06
11318,95,Recharge & Utilities,4,2025,291.88
11319,95,Shopping,4,2025,4730.02
11320,95,Transportation,4,2025,548.73
11321,95,Education,5,2025,548.18
11322,95,Entertainment,5,2025,1972.44
11323,95,Food & Dining,5,2025,2265.54
11324,95,Friends & Family,5,2025,581.88
11325,95,Grocery,5,2025,1030.4
11326,95,Healthcare,5,2025,246.63
11327,95,Miscellaneous,5,2025,205.71
11328,95,Recharge & Utilities,5,2025,346.36
11329,95,Shopping,5,2025,5251.28
11330,95,Transportation,5,2025,704.8
11331,95,Education,6,2025,491.1
11332,95,Entertainment,6,2025,1654.3
11333,95,Food & Dining,6,2025,2177.7
11334,95,Friends & Family,6,2025,470.25
11335,95,Grocery,6,2025,1106.63
11336,95,Healthcare,6,2025,213.42
11337,95,Miscellaneous,6,2025,186.46
11338,95,Recharge & Utilities,6,2025,338.61
11339,95,Shopping,6,2025,5058.41
11340,95,Transportation,6,2025,650.38
11341,95,Education,7,2025,703.63
11342,95,Entertainment,7,2025,2055.38
11343,95,Food & Dining,7,2025,2719.42
11344,95,Friends & Family,7,2025,609.74
11345,95,Grocery,7,2025,1270.37
11346,95,Healthcare,7,2025,221.82
11347,95,Miscellaneous,7,2025,238.0
11348,95,Recharge & Utilities,7,2025,362.25
11349,95,Shopping,7,2025,5452.71
11350,95,Transportation,7,2025,611.56
11351,95,Education,8,2025,632.27
11352,95,Entertainment,8,2025,1675.11
11353,95,Food & Dining,8,2025,2365.4
11354,95,Friends & Family,8,2025,534.48
11355,95,Grocery,8,2025,979.09
11356,95,Healthcare,8,2025,226.11
11357,95,Miscellaneous,8,2025,228.41
11358,95,Recharge & Utilities,8,2025,342.01
11359,95,Shopping,8,2025,5266.71
11360,95,Transportation,8,2025,496.89
11361,95,Education,9,2025,560.66
11362,95,Entertainment,9,2025,1597.19
11363,95,Food & Dining,9,2025,2358.36
11364,95,Friends & Family,9,2025,500.14
11365,95,Grocery,9,2025,937.52
11366,95,Healthcare,9,2025,215.13
11367,95,Miscellaneous,9,2025,216.23
11368,95,Recharge & Utilities,9,2025,335.2
11369,95,Shopping,9,2025,4844.03
11370,95,Transportation,9,2025,521.58
11371,95,Education,10,2025,466.77
11372,95,Entertainment,10,2025,1937.02
11373,95,Food & Dining,10,2025,2446.25
11374,95,Friends & Family,10,2025,489.35
11375,95,Grocery,10,2025,886.08
11376,95,Healthcare,10,2025,190.27
11377,95,Miscellaneous,10,2025,195.22
11378,95,Recharge & Utilities,10,2025,286.67
11379,95,Shopping,10,2025,5432.37
11380,95,Transportation,10,2025,471.73
11381,95,Education,11,2025,551.81
11382,95,Entertainment,11,2025,1784.89
11383,95,Food & Dining,11,2025,2184.89
11384,95,Friends & Family,11,2025,567.33
11385,95,Grocery,11,2025,994.05
11386,95,Healthcare,11,2025,191.25
11387,95,Miscellaneous,11,2025,190.41
11388,95,Recharge & Utilities,11,2025,279.32
11389,95,Shopping,11,2025,5821.7
11390,95,Transportation,11,2025,532.38
11391,95,Education,12,2025,632.56
11392,95,Entertainment,12,2025,2038.96
11393,95,Food & Dining,12,2025,2690.24
11394,95,Friends & Family,12,2025,633.0
11395,95,Grocery,12,2025,1228.35
11396,95,Healthcare,12,2025,219.62
11397,95,Miscellaneous,12,2025,245.88
11398,95,Recharge & Utilities,12,2025,340.66
11399,95,Shopping,12,2025,5850.17
11400,95,Transportation,12,2025,701.51
11401,96,Education,1,2025,2436.69
11402,96,Entertainment,1,2025,1111.69
11403,96,Food & Dining,1,2025,1709.79
11404,96,Friends & Family,1,2025,440.46
11405,96,Grocery,1,2025,863.28
11406,96,Healthcare,1,2025,167.64
11407,96,Miscellaneous,1,2025,159.95
11408,96,Recharge & Utilities,1,2025,252.03
11409,96,Shopping,1,2025,1210.61
11410,96,Transportation,1,2025,889.96
11411,96,Education,2,2025,1827.37
11412,96,Entertainment,2,2025,1267.22
11413,96,Food & Dining,2,2025,1588.44
11414,96,Friends & Family,2,2025,415.2
11415,96,Grocery,2,2025,704.41
11416,96,Healthcare,2,2025,165.68
11417,96,Miscellaneous,2,2025,147.78
11418,96,Recharge & Utilities,2,2025,230.09
11419,96,Shopping,2,2025,1146.89
11420,96,Transportation,2,2025,821.09
11421,96,Education,3,2025,1944.51
11422,96,Entertainment,3,2025,1334.44
11423,96,Food & Dining,3,2025,1658.16
11424,96,Friends & Family,3,2025,390.83
11425,96,Grocery,3,2025,847.69
11426,96,Healthcare,3,2025,172.29
11427,96,Miscellaneous,3,2025,165.53
11428,96,Recharge & Utilities,3,2025,255.58
11429,96,Shopping,3,2025,1265.32
11430,96,Transportation,3,2025,777.08
11431,96,Education,4,2025,2118.77
11432,96,Entertainment,4,2025,1210.79
11433,96,Food & Dining,4,2025,1966.59
11434,96,Friends & Family,4,2025,407.77
11435,96,Grocery,4,2025,935.21
11436,96,Healthcare,4,2025,173.63
11437,96,Miscellaneous,4,2025,177.56
11438,96,Recharge & Utilities,4,2025,264.08
11439,96,Shopping,4,2025,1434.11
11440,96,Transportation,4,2025,767.82
11441,96,Education,5,2025,1936.88
11442,96,Entertainment,5,2025,1296.29
11443,96,Food & Dining,5,2025,1764.69
11444,96,Friends & Family,5,2025,370.98
11445,96,Grocery,5,2025,796.52
11446,96,Healthcare,5,2025,179.69
11447,96,Miscellaneous,5,2025,160.18
11448,96,Recharge & Utilities,5,2025,250.95
11449,96,Shopping,5,2025,1437.81
11450,96,Transportation,5,2025,996.57
11451,96,Education,6,2025,1922.62
11452,96,Entertainment,6,2025,1057.79
11453,96,Food & Dining,6,2025,1597.88
11454,96,Friends & Family,6,2025,398.61
11455,96,Grocery,6,2025,692.22
11456,96,Healthcare,6,2025,153.72
11457,96,Miscellaneous,6,2025,139.73
11458,96,Recharge & Utilities,6,2025,223.53
11459,96,Shopping,6,2025,1142.38
11460,96,Transportation,6,2025,1001.86
11461,96,Education,7,2025,2618.81
11462,96,Entertainment,7,2025,1265.08
11463,96,Food & Dining,7,2025,1889.35
11464,96,Friends & Family,7,2025,421.66
11465,96,Grocery,7,2025,802.55
11466,96,Healthcare,7,2025,167.56
11467,96,Miscellaneous,7,2025,175.57
11468,96,Recharge & Utilities,7,2025,250.25
11469,96,Shopping,7,2025,1297.58
11470,96,Transportation,7,2025,880.97
11471,96,Education,8,2025,1950.79
11472,96,Entertainment,8,2025,1233.4
11473,96,Food & Dining,8,2025,1474.15
11474,96,Friends & Family,8,2025,342.37
11475,96,Grocery,8,2025,720.71
11476,96,Healthcare,8,2025,164.43
11477,96,Miscellaneous,8,2025,162.77
11478,96,Recharge & Utilities,8,2025,215.66
11479,96,Shopping,8,2025,1171.32
11480,96,Transportation,8,2025,811.9
11481,96,Education,9,2025,1778.68
11482,96,Entertainment,9,2025,1108.47
11483,96,Food & Dining,9,2025,1707.37
11484,96,Friends & Family,9,2025,353.19
11485,96,Grocery,9,2025,872.11
11486,96,Healthcare,9,2025,153.29
11487,96,Miscellaneous,9,2025,146.96
11488,96,Recharge & Utilities,9,2025,244.69
11489,96,Shopping,9,2025,1321.34
11490,96,Transportation,9,2025,862.67
11491,96,Education,10,2025,1853.26
11492,96,Entertainment,10,2025,1429.3
11493,96,Food & Dining,10,2025,1764.79
11494,96,Friends & Family,10,2025,363.74
11495,96,Grocery,10,2025,834.49
11496,96,Healthcare,10,2025,173.92
11497,96,Miscellaneous,10,2025,151.86
11498,96,Recharge & Utilities,10,2025,253.26
11499,96,Shopping,10,2025,1664.78
11500,96,Transportation,10,2025,728.43
11501,96,Education,11,2025,1759.71
11502,96,Entertainment,11,2025,1289.58
11503,96,Food & Dining,11,2025,1761.73
11504,96,Friends & Family,11,2025,396.8
11505,96,Grocery,11,2025,834.16
11506,96,Healthcare,11,2025,156.34
11507,96,Miscellaneous,11,2025,150.83
11508,96,Recharge & Utilities,11,2025,240.52
11509,96,Shopping,11,2025,1623.11
11510,96,Transportation,11,2025,760.41
11511,96,Education,12,2025,1940.13
11512,96,Entertainment,12,2025,1148.74
11513,96,Food & Dining,12,2025,1603.78
11514,96,Friends & Family,12,2025,374.36
11515,96,Grocery,12,2025,739.37
11516,96,Healthcare,12,2025,155.02
11517,96,Miscellaneous,12,2025,139.11
11518,96,Recharge & Utilities,12,2025,247.6
11519,96,Shopping,12,2025,1308.65
11520,96,Transportation,12,2025,921.63
11521,97,Education,1,2025,3183.03
11522,97,Entertainment,1,2025,1743.02
11523,97,Food & Dining,1,2025,2213.83
11524,97,Friends & Family,1,2025,528.0
11525,97,Grocery,1,2025,1122.88
11526,97,Healthcare,1,2025,231.35
11527,97,Miscellaneous,1,2025,226.1
11528,97,Recharge & Utilities,1,2025,354.34
11529,97,Shopping,1,2025,1890.03
11530,97,Transportation,1,2025,1111.43
11531,97,Education,2,2025,2692.02
11532,97,Entertainment,2,2025,1586.84
11533,97,Food & Dining,2,2025,2314.64
11534,97,Friends & Family,2,2025,556.49
11535,97,Grocery,2,2025,1157.07
11536,97,Healthcare,2,2025,206.15
11537,97,Miscellaneous,2,2025,241.26
11538,97,Recharge & Utilities,2,2025,313.5
11539,97,Shopping,2,2025,1766.3
11540,97,Transportation,2,2025,1157.67
11541,97,Education,3,2025,2380.98
11542,97,Entertainment,3,2025,1619.35
11543,97,Food & Dining,3,2025,2455.2
11544,97,Friends & Family,3,2025,514.8
11545,97,Grocery,3,2025,996.65
11546,97,Healthcare,3,2025,208.1
11547,97,Miscellaneous,3,2025,192.2
11548,97,Recharge & Utilities,3,2025,298.53
11549,97,Shopping,3,2025,1845.02
11550,97,Transportation,3,2025,1140.92
11551,97,Education,4,2025,2349.24
11552,97,Entertainment,4,2025,1657.26
11553,97,Food & Dining,4,2025,2192.41
11554,97,Friends & Family,4,2025,566.22
11555,97,Grocery,4,2025,1181.92
11556,97,Healthcare,4,2025,201.31
11557,97,Miscellaneous,4,2025,227.61
11558,97,Recharge & Utilities,4,2025,333.94
11559,97,Shopping,4,2025,1888.58
11560,97,Transportation,4,2025,1072.45
11561,97,Education,5,2025,2675.71
11562,97,Entertainment,5,2025,1598.19
11563,97,Food & Dining,5,2025,2249.9
11564,97,Friends & Family,5,2025,538.7
11565,97,Grocery,5,2025,1256.6
11566,97,Healthcare,5,2025,222.45
11567,97,Miscellaneous,5,2025,239.29
11568,97,Recharge & Utilities,5,2025,358.22
11569,97,Shopping,5,2025,2047.45
11570,97,Transportation,5,2025,1424.03
11571,97,Education,6,2025,2446.07
11572,97,Entertainment,6,2025,1533.14
11573,97,Food & Dining,6,2025,2112.32
11574,97,Friends & Family,6,2025,491.22
11575,97,Grocery,6,2025,974.31
11576,97,Healthcare,6,2025,235.98
11577,97,Miscellaneous,6,2025,227.86
11578,97,Recharge & Utilities,6,2025,330.75
11579,97,Shopping,6,2025,1688.41
11580,97,Transportation,6,2025,1355.58
11581,97,Education,7,2025,2941.64
11582,97,Entertainment,7,2025,1702.49
11583,97,Food & Dining,7,2025,2434.62
11584,97,Friends & Family,7,2025,503.43
11585,97,Grocery,7,2025,1138.57
11586,97,Healthcare,7,2025,200.32
11587,97,Miscellaneous,7,2025,228.34
11588,97,Recharge & Utilities,7,2025,335.08
11589,97,Shopping,7,2025,1863.97
11590,97,Transportation,7,2025,1163.78
11591,97,Education,8,2025,2876.06
11592,97,Entertainment,8,2025,1384.29
11593,97,Food & Dining,8,2025,2025.12
11594,97,Friends & Family,8,2025,551.16
11595,97,Grocery,8,2025,993.43
11596,97,Healthcare,8,2025,186.51
11597,97,Miscellaneous,8,2025,205.98
11598,97,Recharge & Utilities,8,2025,320.89
11599,97,Shopping,8,2025,1643.93
11600,97,Transportation,8,2025,988.44
11601,97,Education,9,2025,2462.64
11602,97,Entertainment,9,2025,1899.83
11603,97,Food & Dining,9,2025,2193.95
11604,97,Friends & Family,9,2025,595.19
11605,97,Grocery,9,2025,1194.12
11606,97,Healthcare,9,2025,251.52
11607,97,Miscellaneous,9,2025,242.81
11608,97,Recharge & Utilities,9,2025,329.89
11609,97,Shopping,9,2025,2004.08
11610,97,Transportation,9,2025,1088.54
11611,97,Education,10,2025,2700.72
11612,97,Entertainment,10,2025,1745.8
11613,97,Food & Dining,10,2025,2645.32
11614,97,Friends & Family,10,2025,662.38
11615,97,Grocery,10,2025,1280.55
11616,97,Healthcare,10,2025,240.48
11617,97,Miscellaneous,10,2025,224.07
11618,97,Recharge & Utilities,10,2025,326.41
11619,97,Shopping,10,2025,2148.44
11620,97,Transportation,10,2025,1076.8
11621,97,Education,11,2025,2647.44
11622,97,Entertainment,11,2025,1934.23
11623,97,Food & Dining,11,2025,2526.41
11624,97,Friends & Family,11,2025,574.5
11625,97,Grocery,11,2025,1242.77
11626,97,Healthcare,11,2025,235.81
11627,97,Miscellaneous,11,2025,251.75
11628,97,Recharge & Utilities,11,2025,373.41
11629,97,Shopping,11,2025,2402.77
11630,97,Transportation,11,2025,1058.41
11631,97,Education,12,2025,2421.93
11632,97,Entertainment,12,2025,1662.75
11633,97,Food & Dining,12,2025,2279.55
11634,97,Friends & Family,12,2025,491.08
11635,97,Grocery,12,2025,1173.2
11636,97,Healthcare,12,2025,227.6
11637,97,Miscellaneous,12,2025,203.1
11638,97,Recharge & Utilities,12,2025,327.92
11639,97,Shopping,12,2025,1859.51
11640,97,Transportation,12,2025,1282.77
11641,98,Education,1,2025,4428.98
11642,98,Entertainment,1,2025,2017.84
11643,98,Food & Dining,1,2025,3043.12
11644,98,Friends & Family,1,2025,734.95
11645,98,Grocery,1,2025,1375.38
11646,98,Healthcare,1,2025,299.95
11647,98,Miscellaneous,1,2025,277.5
11648,98,Recharge & Utilities,1,2025,424.86
11649,98,Shopping,1,2025,2429.91
11650,98,Transportation,1,2025,1429.98
11651,98,Education,2,2025,3700.16
11652,98,Entertainment,2,2025,2238.83
11653,98,Food & Dining,2,2025,3313.82
11654,98,Friends & Family,2,2025,769.53
11655,98,Grocery,2,2025,1593.52
11656,98,Healthcare,2,2025,313.78
11657,98,Miscellaneous,2,2025,294.54
11658,98,Recharge & Utilities,2,2025,445.19
11659,98,Shopping,2,2025,2270.59
11660,98,Transportation,2,2025,1445.77
11661,98,Education,3,2025,3375.87
11662,98,Entertainment,3,2025,2224.08
11663,98,Food & Dining,3,2025,3288.93
11664,98,Friends & Family,3,2025,789.55
11665,98,Grocery,3,2025,1546.11
11666,98,Healthcare,3,2025,283.28
11667,98,Miscellaneous,3,2025,270.52
11668,98,Recharge & Utilities,3,2025,381.74
11669,98,Shopping,3,2025,2101.01
11670,98,Transportation,3,2025,1484.62
11671,98,Education,4,2025,2934.9
11672,98,Entertainment,4,2025,2296.17
11673,98,Food & Dining,4,2025,3200.74
11674,98,Friends & Family,4,2025,651.88
11675,98,Grocery,4,2025,1347.17
11676,98,Healthcare,4,2025,299.49
11677,98,Miscellaneous,4,2025,291.8
11678,98,Recharge & Utilities,4,2025,423.66
11679,98,Shopping,4,2025,2153.22
11680,98,Transportation,4,2025,1480.38
11681,98,Education,5,2025,3307.26
11682,98,Entertainment,5,2025,2307.54
11683,98,Food & Dining,5,2025,2876.88
11684,98,Friends & Family,5,2025,785.75
11685,98,Grocery,5,2025,1289.83
11686,98,Healthcare,5,2025,304.31
11687,98,Miscellaneous,5,2025,274.23
11688,98,Recharge & Utilities,5,2025,395.76
11689,98,Shopping,5,2025,2567.67
11690,98,Transportation,5,2025,1777.0
11691,98,Education,6,2025,3578.18
11692,98,Entertainment,6,2025,2238.2
11693,98,Food & Dining,6,2025,3231.22
11694,98,Friends & Family,6,2025,788.89
11695,98,Grocery,6,2025,1473.09
11696,98,Healthcare,6,2025,318.84
11697,98,Miscellaneous,6,2025,268.74
11698,98,Recharge & Utilities,6,2025,397.52
11699,98,Shopping,6,2025,2354.38
11700,98,Transportation,6,2025,1718.08
11701,98,Education,7,2025,4656.85
11702,98,Entertainment,7,2025,2346.43
11703,98,Food & Dining,7,2025,3003.89
11704,98,Friends & Family,7,2025,814.2
11705,98,Grocery,7,2025,1342.27
11706,98,Healthcare,7,2025,286.54
11707,98,Miscellaneous,7,2025,315.23
11708,98,Recharge & Utilities,7,2025,444.4
11709,98,Shopping,7,2025,2183.34
11710,98,Transportation,7,2025,1619.73
11711,98,Education,8,2025,4096.1
11712,98,Entertainment,8,2025,2214.41
11713,98,Food & Dining,8,2025,3065.81
11714,98,Friends & Family,8,2025,713.64
11715,98,Grocery,8,2025,1234.71
11716,98,Healthcare,8,2025,292.16
11717,98,Miscellaneous,8,2025,275.5
11718,98,Recharge & Utilities,8,2025,420.91
11719,98,Shopping,8,2025,2216.63
11720,98,Transportation,8,2025,1395.17
11721,98,Education,9,2025,3196.05
11722,98,Entertainment,9,2025,2304.24
11723,98,Food & Dining,9,2025,3001.9
11724,98,Friends & Family,9,2025,767.65
11725,98,Grocery,9,2025,1521.3
11726,98,Healthcare,9,2025,284.22
11727,98,Miscellaneous,9,2025,274.87
11728,98,Recharge & Utilities,9,2025,394.49
11729,98,Shopping,9,2025,2248.19
11730,98,Transportation,9,2025,1393.18
11731,98,Education,10,2025,3296.66
11732,98,Entertainment,10,2025,2175.88
11733,98,Food & Dining,10,2025,3651.46
11734,98,Friends & Family,10,2025,796.83
11735,98,Grocery,10,2025,1574.9
11736,98,Healthcare,10,2025,279.33
11737,98,Miscellaneous,10,2025,275.28
11738,98,Recharge & Utilities,10,2025,437.9
11739,98,Shopping,10,2025,2867.04
11740,98,Transportation,10,2025,1543.42
11741,98,Education,11,2025,3229.57
11742,98,Entertainment,11,2025,2519.35
11743,98,Food & Dining,11,2025,3093.68
11744,98,Friends & Family,11,2025,788.65
11745,98,Grocery,11,2025,1623.13
11746,98,Healthcare,11,2025,277.22
11747,98,Miscellaneous,11,2025,316.77
11748,98,Recharge & Utilities,11,2025,396.29
11749,98,Shopping,11,2025,2975.71
11750,98,Transportation,11,2025,1605.01
11751,98,Education,12,2025,3034.01
11752,98,Entertainment,12,2025,2197.09
11753,98,Food & Dining,12,2025,2695.18
11754,98,Friends & Family,12,2025,762.88
11755,98,Grocery,12,2025,1280.0
11756,98,Healthcare,12,2025,281.8
11757,98,Miscellaneous,12,2025,266.41
11758,98,Recharge & Utilities,12,2025,470.14
11759,98,Shopping,12,2025,2323.56
11760,98,Transportation,12,2025,1780.01
11761,99,Education,1,2025,3623.39
11762,99,Entertainment,1,2025,1815.77
11763,99,Food & Dining,1,2025,2791.13
11764,99,Friends & Family,1,2025,556.15
11765,99,Grocery,1,2025,1128.25
11766,99,Healthcare,1,2025,226.78
11767,99,Miscellaneous,1,2025,240.85
11768,99,Recharge & Utilities,1,2025,379.41
11769,99,Shopping,1,2025,1815.64
11770,99,Transportation,1,2025,1285.65
11771,99,Education,2,2025,2608.37
11772,99,Entertainment,2,2025,1714.95
11773,99,Food & Dining,2,2025,2592.44
11774,99,Friends & Family,2,2025,645.1
11775,99,Grocery,2,2025,1180.53
11776,99,Healthcare,2,2025,222.82
11777,99,Miscellaneous,2,2025,211.29
11778,99,Recharge & Utilities,2,2025,331.72
11779,99,Shopping,2,2025,1928.58
11780,99,Transportation,2,2025,1083.62
11781,99,Education,3,2025,3128.88
11782,99,Entertainment,3,2025,1949.1
11783,99,Food & Dining,3,2025,2381.57
11784,99,Friends & Family,3,2025,573.63
11785,99,Grocery,3,2025,1163.79
11786,99,Healthcare,3,2025,240.72
11787,99,Miscellaneous,3,2025,221.88
11788,99,Recharge & Utilities,3,2025,388.59
11789,99,Shopping,3,2025,1890.67
11790,99,Transportation,3,2025,1337.04
11791,99,Education,4,2025,3232.9
11792,99,Entertainment,4,2025,1918.25
11793,99,Food & Dining,4,2025,2451.14
11794,99,Friends & Family,4,2025,635.53
11795,99,Grocery,4,2025,1311.99
11796,99,Healthcare,4,2025,236.64
11797,99,Miscellaneous,4,2025,280.29
11798,99,Recharge & Utilities,4,2025,426.0
11799,99,Shopping,4,2025,2118.79
11800,99,Transportation,4,2025,1218.59
11801,99,Education,5,2025,2904.32
11802,99,Entertainment,5,2025,1951.45
11803,99,Food & Dining,5,2025,2522.99
11804,99,Friends & Family,5,2025,539.03
11805,99,Grocery,5,2025,1110.08
11806,99,Healthcare,5,2025,265.31
11807,99,Miscellaneous,5,2025,221.04
11808,99,Recharge & Utilities,5,2025,339.57
11809,99,Shopping,5,2025,2015.21
11810,99,Transportation,5,2025,1397.62
11811,99,Education,6,2025,2911.08
11812,99,Entertainment,6,2025,2010.82
11813,99,Food & Dining,6,2025,2583.48
11814,99,Friends & Family,6,2025,634.99
11815,99,Grocery,6,2025,1115.48
11816,99,Healthcare,6,2025,220.14
11817,99,Miscellaneous,6,2025,235.19
11818,99,Recharge & Utilities,6,2025,347.66
11819,99,Shopping,6,2025,1923.53
11820,99,Transportation,6,2025,1587.52
11821,99,Education,7,2025,3667.7
11822,99,Entertainment,7,2025,1882.52
11823,99,Food & Dining,7,2025,2899.73
11824,99,Friends & Family,7,2025,681.73
11825,99,Grocery,7,2025,1365.85
11826,99,Healthcare,7,2025,288.13
11827,99,Miscellaneous,7,2025,237.01
11828,99,Recharge & Utilities,7,2025,369.48
11829,99,Shopping,7,2025,2318.08
11830,99,Transportation,7,2025,1304.13
11831,99,Education,8,2025,3336.24
11832,99,Entertainment,8,2025,1732.84
11833,99,Food & Dining,8,2025,2526.92
11834,99,Friends & Family,8,2025,558.84
11835,99,Grocery,8,2025,1094.77
11836,99,Healthcare,8,2025,211.13
11837,99,Miscellaneous,8,2025,243.34
11838,99,Recharge & Utilities,8,2025,310.79
11839,99,Shopping,8,2025,1780.51
11840,99,Transportation,8,2025,1105.19
11841,99,Education,9,2025,2629.96
11842,99,Entertainment,9,2025,1673.7
11843,99,Food & Dining,9,2025,2638.45
11844,99,Friends & Family,9,2025,607.57
11845,99,Grocery,9,2025,1173.62
11846,99,Healthcare,9,2025,232.54
11847,99,Miscellaneous,9,2025,222.62
11848,99,Recharge & Utilities,9,2025,352.63
11849,99,Shopping,9,2025,1874.79
11850,99,Transportation,9,2025,1201.06
11851,99,Education,10,2025,3031.92
11852,99,Entertainment,10,2025,2150.42
11853,99,Food & Dining,10,2025,3034.22
11854,99,Friends & Family,10,2025,623.39
11855,99,Grocery,10,2025,1138.42
11856,99,Healthcare,10,2025,226.39
11857,99,Miscellaneous,10,2025,252.82
11858,99,Recharge & Utilities,10,2025,332.67
11859,99,Shopping,10,2025,2470.55
11860,99,Transportation,10,2025,1326.49
11861,99,Education,11,2025,2860.96
11862,99,Entertainment,11,2025,1818.59
11863,99,Food & Dining,11,2025,2617.09
11864,99,Friends & Family,11,2025,577.96
11865,99,Grocery,11,2025,1251.25
11866,99,Healthcare,11,2025,248.7
11867,99,Miscellaneous,11,2025,240.65
11868,99,Recharge & Utilities,11,2025,333.16
11869,99,Shopping,11,2025,2181.5
11870,99,Transportation,11,2025,1190.89
11871,99,Education,12,2025,3070.13
11872,99,Entertainment,12,2025,1869.02
11873,99,Food & Dining,12,2025,2542.91
11874,99,Friends & Family,12,2025,694.41
11875,99,Grocery,12,2025,1276.86
11876,99,Healthcare,12,2025,286.08
11877,99,Miscellaneous,12,2025,278.71
11878,99,Recharge & Utilities,12,2025,440.51
11879,99,Shopping,12,2025,1948.17
11880,99,Transportation,12,2025,1623.86
11881,100,Education,1,2025,3514.1
11882,100,Entertainment,1,2025,2239.12
11883,100,Food & Dining,1,2025,3165.92
11884,100,Friends & Family,1,2025,692.24
11885,100,Grocery,1,2025,1213.86
11886,100,Healthcare,1,2025,299.07
11887,100,Miscellaneous,1,2025,289.62
11888,100,Recharge & Utilities,1,2025,409.5
11889,100,Shopping,1,2025,2419.34
11890,100,Transportation,1,2025,1308.06
11891,100,Education,2,2025,3410.87
11892,100,Entertainment,2,2025,1816.18
11893,100,Food & Dining,2,2025,2612.13
11894,100,Friends & Family,2,2025,729.94
11895,100,Grocery,2,2025,1245.04
11896,100,Healthcare,2,2025,279.59
11897,100,Miscellaneous,2,2025,259.6
11898,100,Recharge & Utilities,2,2025,358.9
11899,100,Shopping,2,2025,2351.29
11900,100,Transportation,2,2025,1227.76
11901,100,Education,3,2025,2972.97
11902,100,Entertainment,3,2025,1868.6
11903,100,Food & Dining,3,2025,2738.78
11904,100,Friends & Family,3,2025,676.83
11905,100,Grocery,3,2025,1291.9
11906,100,Healthcare,3,2025,245.28
11907,100,Miscellaneous,3,2025,232.72
11908,100,Recharge & Utilities,3,2025,413.87
11909,100,Shopping,3,2025,2210.27
11910,100,Transportation,3,2025,1218.63
11911,100,Education,4,2025,2697.34
11912,100,Entertainment,4,2025,1872.46
11913,100,Food & Dining,4,2025,2727.37
11914,100,Friends & Family,4,2025,570.56
11915,100,Grocery,4,2025,1150.95
11916,100,Healthcare,4,2025,258.28
11917,100,Miscellaneous,4,2025,233.1
11918,100,Recharge & Utilities,4,2025,324.6
11919,100,Shopping,4,2025,1894.24
11920,100,Transportation,4,2025,1122.34
11921,100,Education,5,2025,2842.96
11922,100,Entertainment,5,2025,1869.12
11923,100,Food & Dining,5,2025,2451.01
11924,100,Friends & Family,5,2025,642.85
11925,100,Grocery,5,2025,1297.87
11926,100,Healthcare,5,2025,266.81
11927,100,Miscellaneous,5,2025,256.13
11928,100,Recharge & Utilities,5,2025,398.89
11929,100,Shopping,5,2025,1954.38
11930,100,Transportation,5,2025,1586.85
11931,100,Education,6,2025,3249.21
11932,100,Entertainment,6,2025,1997.9
11933,100,Food & Dining,6,2025,2966.87
11934,100,Friends & Family,6,2025,728.9
11935,100,Grocery,6,2025,1249.66
11936,100,Healthcare,6,2025,254.99
11937,100,Miscellaneous,6,2025,273.82
11938,100,Recharge & Utilities,6,2025,361.15
11939,100,Shopping,6,2025,2224.8
11940,100,Transportation,6,2025,1603.27
11941,100,Education,7,2025,3464.42
11942,100,Entertainment,7,2025,1657.64
11943,100,Food & Dining,7,2025,2396.16
11944,100,Friends & Family,7,2025,547.96
11945,100,Grocery,7,2025,1169.49
11946,100,Healthcare,7,2025,226.98
11947,100,Miscellaneous,7,2025,264.48
11948,100,Recharge & Utilities,7,2025,380.78
11949,100,Shopping,7,2025,2035.55
11950,100,Transportation,7,2025,1203.45
11951,100,Education,8,2025,3191.64
11952,100,Entertainment,8,2025,1890.31
11953,100,Food & Dining,8,2025,2287.68
11954,100,Friends & Family,8,2025,610.25
11955,100,Grocery,8,2025,1069.67
11956,100,Healthcare,8,2025,208.3
11957,100,Miscellaneous,8,2025,238.76
11958,100,Recharge & Utilities,8,2025,361.6
11959,100,Shopping,8,2025,1826.22
11960,100,Transportation,8,2025,1152.86
11961,100,Education,9,2025,2817.12
11962,100,Entertainment,9,2025,1901.1
11963,100,Food & Dining,9,2025,2383.96
11964,100,Friends & Family,9,2025,551.98
11965,100,Grocery,9,2025,1274.12
11966,100,Healthcare,9,2025,234.39
11967,100,Miscellaneous,9,2025,261.76
11968,100,Recharge & Utilities,9,2025,330.65
11969,100,Shopping,9,2025,2019.9
11970,100,Transportation,9,2025,1142.25
11971,100,Education,10,2025,2852.35
11972,100,Entertainment,10,2025,1885.7
11973,100,Food & Dining,10,2025,2773.09
11974,100,Friends & Family,10,2025,686.08
11975,100,Grocery,10,2025,1184.54
11976,100,Healthcare,10,2025,277.74
11977,100,Miscellaneous,10,2025,279.98
11978,100,Recharge & Utilities,10,2025,359.29
11979,100,Shopping,10,2025,2289.71
11980,100,Transportation,10,2025,1329.42
11981,100,Education,11,2025,2997.85
11982,100,Entertainment,11,2025,1972.52
11983,100,Food & Dining,11,2025,3166.24
11984,100,Friends & Family,11,2025,597.51
11985,100,Grocery,11,2025,1260.4
11986,100,Healthcare,11,2025,278.85
11987,100,Miscellaneous,11,2025,242.85
11988,100,Recharge & Utilities,11,2025,354.37
11989,100,Shopping,11,2025,2433.72
11990,100,Transportation,11,2025,1263.06
11991,100,Education,12,2025,3068.88
11992,100,Entertainment,12,2025,2154.04
11993,100,Food & Dining,12,2025,3162.12
11994,100,Friends & Family,12,2025,658.04
11995,100,Grocery,12,2025,1327.09
11996,100,Healthcare,12,2025,250.6
11997,100,Miscellaneous,12,2025,248.46
11998,100,Recharge & Utilities,12,2025,431.91
11999,100,Shopping,12,2025,2229.36
12000,100,Transportation,12,2025,1650.57
